id,date,year,project,project_type,project_type_zh,category,category_zh,vuln_pattern,vuln_pattern_zh,attack_vector,loss_usd,recovered_usd,net_loss_usd,recovery_status,recovery_status_zh,assets_stolen,attribution,chain_scope,chain_scope_zh,summary_zh,root_cause_zh,aftermath_zh,confidence,notes,source_count,source_urls
solana-turbine-duplicate-block-outage-2020,2020-12-04,2020,Solana Mainnet Beta (Turbine),l1_runtime,L1 核心 / 客戶端 / 驗證節點,protocol_vulnerability,L1 協議層漏洞,consensus_state_bug,共識 / 狀態處理錯誤,"Validator ran two identical nodes producing conflicting blocks; Turbine tracked blocks by slot, not hash",0.0,,0.0,not_applicable,不適用（無損失）,None,No attacker (validator misconfiguration triggered a protocol bug),solana_only,只有 Solana,2020年12月4日13:46 UTC，Solana 主網 Beta 停止確認新區塊約6小時。一名驗證者同時啟動兩個相同身分的節點，對同一個 slot 廣播不同區塊，使網路分裂成三個少數分區而無法達成最終確定。,Turbine 區塊傳播層以 slot 而非區塊雜湊追蹤區塊，無法區分重複區塊，再加上區塊修復與處理程式碼中既有的問題，導致網路活性失效。,393 個驗證者協調從最後確認的 slot 重啟網路；之後改為以雜湊追蹤區塊，並透過 gossip 傳播重複區塊的錯誤證據。,high,Outage lasted roughly 5.5-6 hours. Listed by Helius as the 'Turbine Bug' core protocol incident. No funds at risk.,3,https://cointelegraph.com/news/following-six-hour-outage-solana-draws-criticism-and-support | https://solana.com/news/mainnet-beta-stall---postmortem | https://www.helius.dev/blog/solana-outages-complete-history
solana-pda-seeded-account-collision-disclosure-2021,2021-06-18,2021,Solana runtime (program-derived addresses / create_with_seed),l1_runtime,L1 核心 / 客戶端 / 驗證節點,protocol_vulnerability,L1 協議層漏洞,account_validation,帳戶驗證缺失,Hash collision between program-derived addresses and seeded account addresses,0.0,,0.0,not_applicable,不適用（無損失）,None,"Disclosed by Neodyme (white hat, Solana bug bounty)",solana_only,只有 Solana,Neodyme 於2021年6月18日透過 Solana 漏洞賞金計畫回報一項核心漏洞：程式衍生位址（PDA）與 create_with_seed 產生的種子帳戶位址可能發生雜湊碰撞。攻擊者可藉由構造特定種子與擁有者，取得本應只能由程式控制的金庫帳戶位址。,PDA 與種子帳戶的位址推導缺乏網域分隔，兩種推導方式的雜湊輸入可被構造成相同，破壞了「PDA 只能由其程式簽署」的安全假設。,Solana 團隊在一天內完成修補，未知有遭利用；Neodyme 之後在「Exploring Solana Core」系列第一篇公開技術細節。,medium,"Date is the bug-bounty report date; the public write-up came later. Neodyme described the main realistic abuse as a hidden rug-pull path for a malicious deployer who grinds a suitable program id, or DoS of PDA initialization.",1,https://neodyme.io/en/blog/solana_core_1/
solend-auth-bypass-2021,2021-08-19,2021,Solend,lending,借貸協議,smart_contract_bug,合約 / 程式邏輯漏洞,account_validation,帳戶驗證缺失,Insecure authorization check in UpdateReserveConfig bypassed by passing an attacker-created lending market,16000.0,,16000.0,reimbursed_by_backer,由項目方或投資方賠付,No funds stolen; ~$16K lost by 5 users through wrongful liquidations (~$2M was put at risk),Unknown,solana_only,只有 Solana,2021年8月19日12:40(GMT)，攻擊者利用Solend借貸協議`UpdateReserveConfig`指令中不安全的權限檢查，傳入自行建立的借貸市場帳戶以繞過管理員驗證，竄改USDC、SOL、ETH、BTC等儲備的風險參數。攻擊者調低清算門檻、提高清算獎勵並把借款年利率調到250%，使幾乎所有借款帳戶都可被清算，約200萬美元資金面臨風險。,`UpdateReserveConfig`的管理員檢查只確認簽署者是『傳入的借貸市場』的擁有者，卻沒有驗證這個市場帳戶就是該儲備實際所屬的市場，因此任何人都能用自建市場冒充管理員。,團隊在約41分鐘內偵測、1小時10分緩解、1小時38分修補，攻擊者未能盜走資金。5名遭錯誤清算的用戶損失約1.6萬美元，已全額補償並加發2%獎勵。Solend之後加強程式碼審查、安排追加稽核、提高漏洞賞金並加入監控告警。,high,"Attack began 2021-08-19 12:40 GMT; Solend's public tweet was posted ~2021-08-20 06:55 UTC (decoded from tweet ID). ~$2M is the value put at risk, not stolen. Detect/mitigate/fix times (41m / 1h10m / 1h38m) come from secondary summaries of Solend's incident report (Google Doc linked in the sannykim/solsec list). Affected users were reimbursed plus a 2% bonus taken from liquidator earnings.",3,https://hackmd.io/@prastut/r1wMdtcf3 | https://twitter.com/solendprotocol/status/1428611597941891082 | https://www.quadrigainitiative.com/casestudy/solendinsecureauthenticationcheck.php
aurory-nft-drop-phishing-2021,2021-08-30,2021,Aurory (NFT drop users),nft_gaming,NFT / 遊戲,phishing_social_engineering,釣魚 / 社交工程,,,Cloned mint site on look-alike domain promoted in Discord during NFT drop; malicious transaction drained SOL,500000.0,,500000.0,unknown,不明,"SOL from victims' wallets (attacker wallet at one point held >10,600 SOL, ~$1.1M)",Unknown (receiving address AUrox7sHx1L8mxEPrNqkVjHa16CXQ73UbgZtZTNPNLjx),solana_only,只有 Solana,Solana遊戲項目Aurory發售NFT期間，詐騙者複製官方鑄造網站並架設在相似網域(aurory.app，正牌為app.aurory.io)，再趁發售時在Aurory的Discord中散布連結。連接錢包並簽署惡意交易的用戶，其SOL被立即轉到攻擊者地址。,屬於針對用戶的網釣攻擊：用戶在搶購壓力下未核對網域，簽署了看似鑄造、實為轉帳的交易；Aurory自身合約沒有被攻破。,攻擊者迅速把SOL換成wETH並跨鏈到以太坊，沒有追回資金的報導；此事件成為NFT發售網釣風險的案例，TRM Labs等機構據此提出安全建議。,low,"Loss is an early community estimate ('could be over $500,000', first flagged by @hoaktrades). Stockhead's headline says 'millions', and the attacker wallet peaked at >10,600 SOL (~$1.1M), though not all of that is proven to be victim funds. Range: $0.5M–$1.1M+. Stockhead puts the drop at 1am AEST on 2021-08-31 (= 2021-08-30 ~15:00 UTC); some outlets date it Aug 31. User-targeted phishing, not a protocol exploit.",3,https://coinfomania.com/phishing-aurory-nft-drop-solana-sweeps-sol-tokens/ | https://stockhead.com.au/cryptocurrency/completely-wrecked-phishing-attack-during-aurory-project-nft-drop-steals-millions-others-get-500x-gains/ | https://www.trmlabs.com/post/hurts-the-sol-security-considerations-for-nft-drops
grape-ido-bot-spam-outage-2021,2021-09-14,2021,Solana Mainnet Beta (Grape Protocol IDO on Raydium AcceleRaytor),l1_runtime,L1 核心 / 客戶端 / 驗證節點,protocol_vulnerability,L1 協議層漏洞,resource_exhaustion,資源耗盡（交易洪水 / 缺乏流量控管）,Bot transaction flood (~400k TPS) during an IDO overwhelmed validators,0.0,,0.0,not_applicable,不適用（無損失）,None,Unknown IDO bot operators,solana_only,只有 Solana,2021年9月14日 Grape Protocol 在 Raydium AcceleRaytor 進行 IDO，12 分鐘內機器人以每秒逾 40 萬筆交易灌爆網路，部分驗證者每秒接收超過 30 萬筆交易。網路停止產生 rooted slot，Solana 停擺約 17 小時，官方形容這「實質上是阻斷服務攻擊」。,當時缺乏交易優先權與 QoS 機制，交易洪流造成驗證者記憶體耗盡、持續分叉並當機，關鍵的投票訊息也無法被優先處理。,驗證者協調重啟網路；此事件推動 QUIC、依質押加權的 QoS 與優先費用等防垃圾交易機制的開發。,high,Outage duration reported as ~17-18 hours. Listed by Helius as a network-level attack.,3,https://decrypt.co/80917/solana-down-for-hours-resource-exhaustion | https://decrypt.co/81375/solana-blames-denial-of-service-attack-for-last-weeks-downtime | https://solana.com/news/9-14-network-outage-initial-overview
solana-stake-squared-bug-disclosure-2021,2021-09-14,2021,Solana stake program / runtime stakes cache,l1_runtime,L1 核心 / 客戶端 / 驗證節點,protocol_vulnerability,L1 協議層漏洞,consensus_state_bug,共識 / 狀態處理錯誤,Merging stake accounts and recreating vote accounts to inflate cached delegated stake quadratically,0.0,,0.0,not_applicable,不適用（無損失）,None,"Disclosed by Neodyme (white hat, Solana bug bounty)",solana_only,只有 Solana,Neodyme 於2021年9月14日回報 Solana 質押機制漏洞（Stake²）：攻擊者透過合併質押帳戶並刪除、重建投票帳戶，可讓快取中的委託質押量以平方級膨脹。只需約 4 SOL 就能累積到讓 u64 溢位的質押權重，進而扭曲共識權重與領導者排程。,投票帳戶銷毀後委託關係仍殘留在質押快取中，且快取以零餘額而非「委託能否反序列化」判斷是否移除已合併的質押帳戶，導致質押總量被重複計算。,Solana 以功能開關改為檢查委託資料是否可反序列化來修正；未知有遭利用。,medium,Date is the bug-bounty report date. Single primary source (researcher write-up).,1,https://neodyme.io/en/blog/solana_core_2/
pyth-btc-price-glitch-2021,2021-09-20,2021,Pyth Network (BTC/USD price feed),infrastructure_sdk,基礎設施 / SDK,operational_error,操作失誤,,,"Erroneous publisher inputs pushed aggregate BTC/USD oracle price to ~$5,402; consumers ignored the confidence interval",,,,unknown,不明,"None stolen; triggered liquidations on dependent protocols (e.g., Audaces perpetuals)",Not an attack (oracle data error),solana_only,只有 Solana,"2021年9月20日，Solana上的預言機Pyth Network的BTC/USD匯總價格在單一slot內一度跌到約5,402美元，信賴區間卻高達約21,600美元。依賴該價格源的協議(例如永續合約平台Audaces)因此觸發一連串清算。",少數資料發布者提交了錯誤價格，當時的匯總機制未能過濾；部分下游程式只讀取匯總價格而不檢查信賴區間，導致異常價格直接觸發清算。,Pyth在事發數小時後承認問題並展開調查，之後發布月度報告說明事件。此事件突顯DeFi協議整合預言機時必須檢查信賴區間與異常偏離。,medium,"Included as an oracle-integrity incident, not a malicious exploit. Total user losses from the resulting liquidations were not reliably quantified in the sources found, so loss_usd is null. The exact publisher-side bug is described in Pyth's own report; it was not independently verified here. Critics (e.g., ChainLinkGod) attributed the impact to the small number of publishers.",3,https://fortune.com/2021/09/22/bitcoin-briefly-crashes-5402-pyth-network-glitch/ | https://pythnetwork.medium.com/pythiad-3-pyth-laboured-in-september-d9e833383235 | https://thedefiant.io/news/defi/pyth-solana-bad-pricing-meltdown
spl-token-lending-rounding-bug-2021,2021-12-03,2021,"SPL Token Lending program (Solana Program Library) and forks (Solend, Tulip, Larix, etc.)",lending,借貸協議,smart_contract_bug,合約 / 程式邏輯漏洞,arithmetic,數值計算錯誤（捨入 / 溢位）,Integer rounding error in deposit/withdraw collateral conversion,0.0,,0.0,not_applicable,不適用（無損失）,None (assets at risk only),Whitehat: Neodyme,solana_only,只有 Solana,Neodyme 於 2021 年 12 月公開揭露 Solana 官方 SPL Token Lending 程式中的一個關鍵算術漏洞，該程式被 Solend、Tulip、Larix 等多個借貸協議採用。攻擊者可透過反覆進行極小額的存取操作，利用捨入誤差逐步掏空借貸池，揭露時約有 20 億至 26 億美元資產面臨風險。,存款兌換 cToken（及反向提領）時的整數捨入方向錯誤，使每次操作都可多獲得一點點價值；由於 Solana 交易費極低，攻擊者可大量重複此操作累積獲利。,Neodyme 先與 Solana Labs 及受影響協議私下協調修補，確認所有平台安全後才於 2021-12-03 發布技術文章；未有資金遭竊的報告。,high,"Date is the public write-up date (Dec 3, 2021); the private report and fix came earlier. Value at risk is cited as 'more than $2 billion' in news coverage and ~$2.6B in secondary summaries. Neodyme credited Larix, Solana Labs, Solend and Tulip for fast fixes. Bug bounty amounts not verified.",3,https://blog.solend.fi/bug-bounty-and-response-to-spl-lending-vulnerability-f4c8874342d0 | https://excitecrypto.com/2021/12/bug-in-solana-token-lending-contract-fixed-more-than-2-billion-made-exploitable-bitcoin-news/ | https://neodyme.io/en/blog/lending_disclosure/
solana-rbpf-cve-2021-46102,2021-12-06,2021,Solana rBPF (eBPF VM / ELF loader),l1_runtime,L1 核心 / 客戶端 / 驗證節點,protocol_vulnerability,L1 協議層漏洞,arithmetic,數值計算錯誤（捨入 / 溢位）,Integer overflow in ELF relocation parsing (malicious program),0.0,,0.0,not_applicable,不適用（無損失）,None,Whitehat: BlockSec,solana_only,只有 Solana,BlockSec 於 2021 年 12 月 6 日向 Solana 安全團隊回報 rBPF 虛擬機 ELF 載入器中的整數溢位漏洞（CVE-2021-46102，CVSS 7.5）。惡意構造的 ELF 程式檔可在部署或載入時觸發溢位，可能導致驗證節點異常。,src/elf.rs 的 relocate 函式直接信任 ELF 檔中的 sym.st_value，在計算 addr = sym.st_value + refd_pa 時未做溢位檢查，影響 rBPF 0.2.14 至 0.2.16 版本。,Solana 在收到回報後數小時內以 safe-math 修補並發布 0.2.17；BlockSec 於 2021-12-30 公開細節，CVE 於 2022 年 1 月指派，無資金損失。,high,"Date is the private report to Solana (Dec 6, 2021). Public write-up Dec 30, 2021; CVE published ~Jan 27, 2022. Treated as a validator crash/DoS risk; the full real-world impact is as described in BlockSec's write-up.",3,https://advisories.gitlab.com/pkg/cargo/solana_rbpf/CVE-2021-46102/ | https://blocksec.com/blog/new-integer-overflow-bug-discovered-in-solana-r-bpf | https://osv.dev/vulnerability/CVE-2021-46102
fractal-discord-phishing-2021,2021-12-21,2021,Fractal,nft_gaming,NFT / 遊戲,third_party_compromise,第三方服務遭入侵,,,Discord announcement channel hijacked via compromised Grape Protocol webhooks; fake NFT airdrop/mint link drained wallets,150000.0,,150000.0,reimbursed_by_backer,由項目方或投資方賠付,~862 SOL from 373 users,Unknown,solana_only,只有 Solana,2021年12月21日，Twitch共同創辦人Justin Kan創立的遊戲NFT市集Fractal上線前夕，官方Discord公告頻道被用來發布假的『忠實粉絲NFT空投』連結，要求用戶以1 SOL鑄造。約373名用戶連接錢包後被自動化腳本盜空，損失約862 SOL(約15萬美元)。,攻擊者透過遭入侵的Grape Protocol管理員權杖取得Discord webhook存取權，冒用官方頻道發布釣魚連結；Fractal自身系統與鏈上合約並未被攻破。,Fractal迅速示警並表示會在數日內全額補償所有受害用戶；此事件與同日Monkey Kingdom案同源，促使NFT社群檢討Discord webhook與第三方機器人權限管理。,medium,~862 SOL ≈ $150K–$155K. Fractal said all 373 affected users would be fully compensated; that the payouts were completed was not independently confirmed. Linked to the Monkey Kingdom entry (same Grape Protocol admin compromise).,3,https://medium.com/cotten-io/the-150k-discord-crypto-hack-b3dde6698072 | https://techcrunch.com/2021/12/21/justin-kans-nft-platform-suffers-rocky-debut-as-scammer-makes-off-with-150k-in-user-funds/ | https://www.gamespot.com/articles/nft-gaming-project-hack-sees-150k-of-crypto-stolen/1100-6499194/
monkey-kingdom-discord-phishing-2021,2021-12-21,2021,Monkey Kingdom,nft_gaming,NFT / 遊戲,third_party_compromise,第三方服務遭入侵,,,Compromised Grape Protocol admin access abused Discord webhooks to post fake Baepes presale mint link that drained wallets,1300000.0,,1300000.0,reimbursed_by_backer,由項目方或投資方賠付,">7,000 SOL",Unknown,solana_only,只有 Solana,"2021年12月21日，香港NFT項目Monkey Kingdom在Baepes系列預售期間，官方Discord公告頻道被駭客用來張貼假的鑄造連結。連接錢包的用戶SOL遭盜，總計超過7,000 SOL(約125萬至130萬美元)。",Solana社群驗證工具Grape Protocol的一名設定管理員帳戶遭網釣入侵，攻擊者取得存取權杖後濫用Discord webhook，在多個合作項目的公告頻道發布釣魚訊息。,Grape Protocol承認其管理員帳戶在事發7天前遭駭，呼籲各項目立即檢查webhook。Monkey Kingdom設立補償基金並處理受害者申請，報導指退款約120萬美元。,medium,"Same campaign as the Fractal incident the same day (separate entry). Grape's tweet was posted ~2021-12-21 22:36 UTC. Loss reported as ~$1.25M–$1.3M (>7,000 SOL). The ~$1.2M refund figure comes from secondary coverage and was not checked against a Monkey Kingdom primary statement. Category is third_party_compromise because the entry point was the compromised Grape bot/admin; the end-user attack was phishing.",3,http://nftnewsuk.com/monkey-kingdom-refunds-1-2-million-to-discord-phishing-scam-victims | https://twitter.com/grapeprotocol/status/1473422238250680320 | https://www.scmp.com/tech/tech-trends/article/3160707/hot-hong-kong-nft-project-monkey-kingdom-loses-us13-million-hack
metaplex-candy-machine-v1-2022,2022-01-04,2022,Metaplex Candy Machine v1,launchpad,發幣平台,smart_contract_bug,合約 / 程式邏輯漏洞,reinitialization,重複初始化,Re-initialization bug: attacker injected pre-initialized accounts to set itself as candy machine authority and withdraw funds,155000.0,,155000.0,unknown,不明,"~1,027 SOL drained from ~3,470 candy machine accounts (swapped to ~155K USDC)",Unknown (address cHfYkrVAwfEoe3Mr2GbvzpNQJboDL6AiBoFZDsf8dxj; proceeds sent to an FTX account),solana_only,只有 Solana,"2022年1月4日，攻擊者利用Metaplex Candy Machine v1(Solana主流NFT發行程式)的重新初始化漏洞，對當時約14,800台candy machine中的4,410台發動提款交易，其中3,470台被完全提空。攻擊者將約1,027 SOL經Raydium換成約15.5萬USDC後轉入FTX帳戶。",程式沒有檢查傳入的帳戶是否已經初始化，攻擊者可注入預先初始化的帳戶，把自己的地址寫成合約authority，再提走candy machine中的資金。,Metaplex在攻擊進行中(美東時間6:20am)部署修補版本，之後的攻擊交易全部失敗；未見資金追回的報導。,medium,Based mainly on one independent on-chain analysis (JonLuca). Withdrawals ran 5:57–6:49am EST (10:57–11:49 UTC); the patch landed at 6:20am EST. Loss is approximate: it is the value of the SOL the attacker swapped. No Metaplex primary post-mortem was retrieved. Separate from the Candy Machine v2 vulnerability disclosed ~2021-12-31 (no loss) and from the May 2022 bot-induced network outage (excluded).,2,https://jonlu.ca/posts/candy-machine | https://jonluca.substack.com/p/candy-machine
solana-duplicate-tx-spam-degradation-2022,2022-01-21,2022,Solana Mainnet Beta,l1_runtime,L1 核心 / 客戶端 / 驗證節點,protocol_vulnerability,L1 協議層漏洞,resource_exhaustion,資源耗盡（交易洪水 / 缺乏流量控管）,Arbitrage bots spamming excessive duplicate transactions,0.0,,0.0,not_applicable,不適用（無損失）,None,Unknown arbitrage bot operators,solana_only,只有 Solana,2022年1月21日至22日市場大跌期間，套利機器人大量發送重複交易，使 Solana 吞吐量從每秒數千筆驟降至數十筆，網路效能嚴重降級逾一天。同月初（1月6日至12日）也曾出現類似的垃圾交易壅塞。,失敗交易成本極低且缺乏費用市場，機器人有誘因重複送出相同交易；大量重複交易淹沒領導者的 TPU，區塊處理延遲並使後續領導者分叉。,Solana 釋出 v1.8.14 緩解重複交易問題，之後陸續導入優先費用與 QUIC 等機制。,medium,Solana framed it as congestion from duplicate transactions rather than a deliberate attack; some outlets called it a DDoS. Block production degraded but did not fully halt; reported instability ranges from ~30 to ~48 hours.,3,https://fortune.com/2022/01/25/solana-founder-anatoly-yakovenko-crypto-crash-blockchain-instability/ | https://www.ibtimes.com/solana-network-unstable-nearly-48-hours-excessive-duplicate-transactions-blame-3381810 | https://www.pymnts.com/blockchain/2022/solana-reports-network-issues-excessive-transactions/
jet-protocol-collateral-bug-2022,2022-01-27,2022,Jet Protocol,lending,借貸協議,smart_contract_bug,合約 / 程式邏輯漏洞,control_flow,控制流程錯誤,"Obligation health-check loop (take_while/break on default Pubkey) could skip loans, enabling undercollateralized borrowing of pool TVL",0.0,,0.0,not_applicable,不適用（無損失）,None (white-hat disclosure; ~$20M–$25M at risk),Disclosed by security researcher Charlie You (white-hat),solana_only,只有 Solana,"研究人員Charlie You向Solana借貸協議Jet Protocol揭露一個嚴重漏洞，若被利用可在幾乎不提供抵押的情況下借走池中資金，估計可造成約2,000萬美元損失。Jet在任何用戶受影響前完成修補。",計算用戶抵押率的迴圈使用`take_while`/`break`，一遇到預設值`Pubkey::default()`就提前停止，搭配未充分驗證的輸入帳戶，部分借款會被排除在健康度檢查之外；修補方式是改用`continue`與`filter`。,Jet於2022年1月27日修補漏洞並公開說明；Sec3等資安公司撰文分析，把它當作Solana程式迴圈邏輯與帳戶驗證的教材案例。,medium,"No-loss disclosure. Per Sec3, the bug was introduced in commit 6133de (2021-12-15) and became exploitable after commit 1f7da4 (2021-12-21). The exploitable window ran 2021-12-21 to 2022-01-27; the date field uses the patch date. Sec3 cites a potential $20M loss; HackMD calls it a '$25 million vulnerability'. The Jayne write-up describes the same break/loop bug; whether Jayne and Charlie You are the same person is unconfirmed.",3,https://hackmd.io/wMcjwC3dR6K2or_RArLP-w | https://medium.com/@0xjayne/-how-to-freely-borrow-all-the-tvl-from-the-jet-protocol-25d40e35920e | https://sec3.dev/blog/on-a-20m-bug-in-jet-protocol
wormhole-2022,2022-02-02,2022,Wormhole (Solana–Ethereum token bridge),bridge,跨鏈橋,smart_contract_bug,合約 / 程式邏輯漏洞,account_validation,帳戶驗證缺失,Signature-verification bypass via spoofed Instructions sysvar (deprecated load_instruction_at) to forge a VAA and mint unbacked wETH,326000000.0,140000000.0,186000000.0,reimbursed_by_backer,由項目方或投資方賠付,"120,000 wETH (Wormhole-wrapped ETH) minted on Solana without collateral; most bridged to Ethereum",Unknown,solana_only,只有 Solana,"2022年2月2日，攻擊者利用Wormhole跨鏈橋Solana端核心程式的簽名驗證漏洞，偽造看似經守護者(Guardian)簽署的跨鏈訊息(VAA)，在沒有存入任何ETH的情況下於Solana鑄造120,000枚wETH(約3.26億美元)。攻擊者隨後把大部分資產跨回以太坊，其餘在Solana換成其他資產，是當時史上第二大DeFi攻擊。",`verify_signatures`使用已棄用的`load_instruction_at`，沒有驗證傳入的Instructions sysvar帳戶是否為真正的系統帳戶。攻擊者傳入偽造帳戶即可繞過secp256k1簽名驗證，產生看似有效的SignatureSet並據此鑄幣。,"Wormhole修補漏洞，並透過鏈上訊息向攻擊者提供1,000萬美元白帽賞金，但沒有得到回應。母公司Jump Crypto於次日補入120,000 ETH，恢復wETH的1:1擔保。2023年2月，Jump與Oasis對攻擊者存放在Oasis的部位進行『反向利用』，追回約1.4億美元資產。",high,Loss is quoted as $320M-$326M depending on the ETH price used; $326M is the most-cited figure. Jump Crypto replenished the full 120k ETH the next day so wETH holders were made whole (recovery_status). recovered_usd is the ~$140M taken back from the attacker in the Feb 2023 Jump/Oasis counter-exploit; reports say it was done under a court order (not verified). The attacker is still unidentified. chain_scope is solana_only because the exploited program was the Solana-side core bridge; the attacker later bridged most of the wETH to Ethereum.,3,https://blockworks.com/news/jump-crypto-wormhole-hack-recovery | https://www.coindesk.com/business/2022/02/03/jump-trading-backstops-wormholes-320m-exploit-loss-sources | https://www.halborn.com/blog/post/explained-the-wormhole-hack-february-2022
ottersec-lp-token-oracle-disclosure-2022,2022-02-16,2022,Solana lending protocols accepting LP-token collateral,lending,借貸協議,oracle_price_manipulation,預言機 / 價格操縱,,,Manipulating AMM pool balances to inflate LP-token collateral price,0.0,,0.0,not_applicable,不適用（無損失）,None,Disclosed by OtterSec (white hat),solana_only,只有 Solana,OtterSec 於2022年2月發表〈The $200m Bluff: Cheating Oracles on Solana〉，揭露多個 Solana 借貸協議以流動性池即時餘額計算 LP 代幣價值的方式可被操縱。攻擊者存入極少量 LP 代幣，操縱池內餘額後即可以虛增的抵押價值借出大量資產，約 2 億美元資金曾處於風險。,LP 代幣預言機直接依池子當下的代幣餘額計算可贖回價值，未採用公平定價或抗操縱的價格來源。,受影響協議在公開前完成修補，未知有遭利用；此研究成為 Solana 借貸協議 LP 抵押品定價的重要參考。,medium,The $200M figure is OtterSec's estimate of funds at risk. The specific affected protocols are not named in the coverage available.,2,https://github.com/sannykim/solsec | https://osec.io/blog/2022-02-16-lp-token-oracle-manipulation/
cashio-2022,2022-03-23,2022,Cashio,stablecoin,穩定幣,smart_contract_bug,合約 / 程式邏輯漏洞,account_validation,帳戶驗證缺失,Missing mint validation on saber_swap.arrow account allowed fake collateral chain to mint 2B CASH (infinite mint),52800000.0,,52800000.0,partial,部分追回,"2,000,000,000 CASH minted; redeemed/swapped for ~$27.2M (UST+USDC from Saber LP collateral) plus ~$25.6M (UST+USDC from CASH pools); largely converted to >16,000 ETH",Unknown,solana_only,只有 Solana,"2022年3月23日08:23(UTC)，攻擊者利用Cashio(以Saber USDC-USDT LP代幣作抵押的Solana穩定幣)的抵押驗證漏洞，以一連串偽造帳戶和毫無價值的假LP代幣作抵押，憑空鑄造20億枚CASH。攻擊者隨即贖回真實抵押品並在Saber池拋售CASH，取得約5,280萬美元的USDC與UST，CASH價格崩跌至接近零。",程式沒有驗證`saber_swap.arrow`帳戶的mint欄位，也沒有從可信任的根帳戶逐層驗證抵押品帳戶鏈，攻擊者可構造假帳戶通過抵押檢查。該項目未經稽核。,"攻擊者在交易訊息中聲稱已退還持有額低於10萬美元帳戶的資金，其餘『將捐給慈善』，並要求其他受害者說明資金來源後申請退款。大部分資金已跨鏈到以太坊換成逾16,000 ETH，之後沒有進一步追回或起訴的報導。",high,"Loss range $48M–$52.8M ($48M is the ETH value after conversion; $52M/$52.8M is the value at the time of the exploit). The total refunded to small holders is not publicly quantified; one secondary claim of ~$27.8M returned is unverified and conflicts with other reporting, so recovered_usd is null. samczsun's analysis thread was posted ~10:29 UTC the same day.",3,https://thedefiant.io/news/hacks/cashio-exploit-refund | https://www.certik.com/resources/blog/cashio-app-incident-analysis | https://www.theblock.co/post/138934/stablecoin-cashio-on-solana-exploited-for-28-million-in-infinite-mint-glitch
candy-machine-bot-spam-outage-2022,2022-04-30,2022,Solana Mainnet Beta (Metaplex Candy Machine NFT mints),l1_runtime,L1 核心 / 客戶端 / 驗證節點,protocol_vulnerability,L1 協議層漏洞,resource_exhaustion,資源耗盡（交易洪水 / 缺乏流量控管）,"NFT mint bots flooding the network (~4M requests/s, ~100 Gbps)",0.0,,0.0,not_applicable,不適用（無損失）,None,Unknown NFT minting bot operators,solana_only,只有 Solana,2022年4月30日約20:00 UTC，大量機器人為搶鑄 Metaplex Candy Machine 的 NFT，每秒送出約 400 萬筆交易請求、流量達 100 Gbps，Solana 停止出塊約 7 小時。這是 Solana 在四個月內的第七次重大中斷。,固定價格、先到先得的鑄造機制造成搶購誘因；投票無法及時上鏈使舊分叉無法清理，驗證者記憶體耗盡而當機，共識停滯。,驗證者協調重啟；Metaplex 對無效鑄造交易收取 0.01 SOL 的「機器人稅」，Solana 則加速導入 QUIC 與依質押加權的 QoS。,high,Some reports cite up to ~6M inbound requests per second. Distinct from the Jan 2022 Candy Machine v1 program bug already in the database.,2,https://solana.com/news/04-30-22-solana-mainnet-beta-outage-report-mitigation | https://www.coindesk.com/tech/2022/05/01/solana-goes-dark-for-7-hours-as-bots-swarm-candy-machine-nft-minting-tool
solana-rbpf-sdiv-cve-2022-23066,2022-05-09,2022,solana_rbpf (Solana BPF virtual machine),l1_runtime,L1 核心 / 客戶端 / 驗證節點,protocol_vulnerability,L1 協議層漏洞,arithmetic,數值計算錯誤（捨入 / 溢位）,Incorrect implementation of the sdiv (signed division) instruction,0.0,,0.0,not_applicable,不適用（無損失）,None,Unknown reporter (CVE-2022-23066),solana_only,只有 Solana,Solana 的 BPF 虛擬機 solana_rbpf 0.2.26 與 0.2.27 版中，有號除法指令 sdiv 實作錯誤，被登錄為重大等級的 CVE-2022-23066（CVSS 9.1）。錯誤的運算結果可能讓鏈上程式走上錯誤的執行路徑，例如錯誤判斷是否應轉移代幣。,虛擬機對 sdiv 指令的實作不正確（CWE-682），導致計算結果錯誤，影響執行正確性與可用性。,於 solana_rbpf 0.2.28 修正；未有已知遭利用紀錄。,medium,Date is NVD publication. The advisory does not state whether affected rBPF versions ever ran on mainnet validators. Distinct from CVE-2021-46102 (already in database).,1,https://github.com/advisories/GHSA-9qmm-4mfr-r3wj
solana-rbpf-elf-header-overflow-cve-2022-31264,2022-05-21,2022,solana_rbpf (Solana BPF virtual machine),l1_runtime,L1 核心 / 客戶端 / 驗證節點,protocol_vulnerability,L1 協議層漏洞,input_handling_dos,輸入處理不當（節點崩潰 / 阻斷服務）,Malformed ELF program headers trigger an integer-overflow panic,0.0,,0.0,not_applicable,不適用（無損失）,None,Unknown reporter (CVE-2022-31264),solana_only,只有 Solana,solana_rbpf 0.2.29 之前的版本在解析 ELF 程式標頭時存在加法整數溢位（CVE-2022-31264，CVSS 7.5）。處理特製的畸形 eBPF 程式時會觸發 panic，可能讓載入程式的節點當機。,elf.rs 未驗證程式標頭中的數值，加法運算溢位後造成 panic（CWE-190）。,於 solana_rbpf 0.2.29 修正；未有已知遭利用紀錄。,medium,Date is NVD publication. Separate from CVE-2021-46102 (relocation overflow) and CVE-2022-23066 (sdiv).,1,https://github.com/advisories/GHSA-ffx3-8qvm-pq3j
solana-durable-nonce-outage-2022,2022-06-01,2022,Solana Mainnet Beta (durable nonce transactions),l1_runtime,L1 核心 / 客戶端 / 驗證節點,protocol_vulnerability,L1 協議層漏洞,consensus_state_bug,共識 / 狀態處理錯誤,"Failed durable nonce transaction processed twice, causing validator disagreement",0.0,,0.0,not_applicable,不適用（無損失）,None,No attacker (runtime bug),solana_only,只有 Solana,2022年6月1日約16:30 UTC，Solana 主網因耐久隨機數（durable nonce）交易的執行期錯誤導致共識停滯，停止出塊約4.5小時。一筆失敗的耐久隨機數交易在特定情況下被處理了兩次，使驗證者之間產生分歧。,交易先以一般交易（使用近期 blockhash）執行失敗後，又以 nonce 交易身分被重新處理，雙重處理造成驗證者對區塊結果判斷不一致。,驗證者協調重啟，並在 v1.9.28 與 v1.10.23 暫時停用耐久隨機數交易，之後修正執行期錯誤再重新啟用。,high,Block production resumed around 21:00 UTC. Distinct from the 2021 durable-nonce state bug disclosed by Neodyme in 2023.,2,https://solana.com/news/06-01-22-solana-mainnet-beta-outage-report-2 | https://www.coindesk.com/tech/2022/06/02/solana-halted-by-bug-linked-to-certain-cold-storage-transactions
phantom-demonic-vulnerability-2022,2022-06-15,2022,Phantom (and other browser-extension wallets),wallet,錢包,smart_contract_bug,合約 / 程式邏輯漏洞,offchain_logic,鏈下系統邏輯缺陷,Browser session-restore saved seed-phrase input fields unencrypted to disk,0.0,,0.0,not_applicable,不適用（無損失）,None confirmed,Disclosed by Halborn (white hat),multi_chain,多鏈事件（含 Solana 資產）,Halborn 於2022年6月15日公開「Demonic」漏洞（CVE-2022-32969）：瀏覽器擴充錢包用一般輸入欄位匯入助記詞時，Chromium 與 Firefox 的「還原工作階段」功能會把內容以明文寫入磁碟。Solana 主要錢包 Phantom 與 MetaMask、Brave、xDefi 等皆受影響，能存取該電腦的攻擊者可讀出助記詞。,錢包匯入介面使用非密碼型輸入欄位，瀏覽器將其內容未加密地存入工作階段檔案。,Phantom 於2022年4月修補，MetaMask 於 10.11.3 版修補；未公布確認的損失。,medium,"Client-side wallet flaw, not Solana-specific; included because Phantom was affected. Exploitation required access to an unencrypted desktop where the phrase had been imported. Halborn found the issue in 2021; patched before public disclosure.",2,https://www.bleepingcomputer.com/news/security/metamask-phantom-warn-of-flaw-that-could-steal-your-crypto-wallets/ | https://www.halborn.com/disclosures/demonic-vulnerability
solsea-spl-token-royal-flush-disclosure-2022,2022-06-15,2022,SolSea NFT marketplace / SPL Token program,nft_gaming,NFT / 遊戲,smart_contract_bug,合約 / 程式邏輯漏洞,account_validation,帳戶驗證缺失,Chaining an SPL Token closed-account ownership bug with SolSea's unchecked delist destination,0.0,,0.0,not_applicable,不適用（無損失）,None,Disclosed by SolShield/OShield (white hat),solana_only,只有 Solana,"資安團隊 SolShield（OShield）於2022年6月揭露 SPL Token 程式的一個重大漏洞，以及 SolSea 市集程式的多個錯誤。兩者串接的「Royal Flush」攻擊可讓掛單中的 NFT 被送進已關閉的帳戶而永久無法取回，形成「薛丁格的 NFT」，當時估計約 1,500 萬美元的 NFT 與代幣處於風險。",SPL Token 程式允許將已關閉代幣帳戶的擁有者設為目標帳戶，而 SolSea 的下架指令未驗證目的帳戶，攻擊者可指定已關閉帳戶作為 NFT 退回位置。,漏洞經負責任揭露後修補，未知有遭利用。,medium,Date is the public write-up date; report and patch dates were earlier. The $15M is the researchers' at-risk estimate.,2,https://github.com/sannykim/solsec | https://medium.com/@oshield/schrodingers-nft-an-incinerator-spl-token-program-and-the-royal-flush-attack-58e4ce4e63dc
crema-finance-2022,2022-07-02,2022,Crema Finance,dex_amm,去中心化交易所 / AMM,smart_contract_bug,合約 / 程式邏輯漏洞,account_validation,帳戶驗證缺失,Fake tick account with forged fee data (no owner check) plus flash-loaned liquidity to claim inflated LP fees,8800000.0,7100000.0,1700000.0,returned_by_attacker,攻擊者歸還（通常保留賞金）,~$8.8M from multiple CLMM pools (swapped largely to SOL/ETH and bridged to Ethereum),Shakeeb Ahmed (former Amazon security engineer; pleaded guilty Dec 2023),solana_only,只有 Solana,2022年7月2日，攻擊者針對Solana集中流動性(CLMM)DEX Crema Finance，偽造一個存放價格tick資料的帳戶並寫入假的手續費數據，再用Solend等來源的閃電貸添加流動性、領取巨額虛假手續費，從多個流動性池盜走約880萬美元。,CLMM程式讀取tick帳戶時沒有驗證該帳戶的擁有者是否為協議本身，攻擊者可傳入自建的假tick帳戶，使手續費累計計算採用被竄改的資料。,"Crema暫停協議並與攻擊者談判，對方歸還大部分資產，保留45,455 SOL(約160萬至170萬美元)作為『白帽賞金』。美國檢方其後起訴Shakeeb Ahmed，他於2023年12月認罪，2024年4月被判刑3年，並須沒收約1,230萬美元、支付逾500萬美元賠償(與Nirvana案合併)。",high,"Some sources date the attack July 3 (Asia time zones); CertiK and Halborn say July 2. recovered_usd is derived as the $8.8M loss minus the ~$1.68M bounty. CoinDesk reported 'almost $8M' returned at the token prices of the day, and other summaries say ~$7.2M. The DOJ release names the victim only as 'a decentralized cryptocurrency exchange'; several outlets (e.g., FinanceFeeds, Web3IsGoingGreat) identify it as Crema. The $12.3M forfeiture and >$5M restitution cover both Crema and Nirvana.",3,https://www.coindesk.com/tech/2022/07/07/crema-finance-attacker-returns-almost-8m-keeps-17m-bounty | https://www.halborn.com/blog/post/explained-the-crema-finance-hack-july-2022 | https://www.justice.gov/usao-sdny/pr/former-security-engineer-sentenced-three-years-prison-hacking-two-decentralized
nirvana-finance-2022,2022-07-28,2022,Nirvana Finance,yield_vault,收益金庫,economic_exploit,經濟模型攻擊,,,$10M Solend USDC flash loan used to manipulate ANA bonding-curve pricing and drain treasury liquidity,3500000.0,,3500000.0,unknown,不明,~3.49M USDT (bridged to Ethereum via Wormhole),"Shakeeb Ahmed (former Amazon security engineer; pleaded guilty Dec 2023, sentenced Apr 2024)",solana_only,只有 Solana,"2022年7月28日，攻擊者從Solend借入1,000萬美元USDC閃電貸，在Solana收益協議Nirvana Finance大量鑄造ANA並推高價格，再以虛高價格把ANA換回約1,349萬美元USDT。償還閃電貸後獲利約349萬美元；ANA暴跌逾80%，穩定幣NIRV脫鉤跌至約0.08美元。",ANA的鑄造與贖回價格由協議內部的聯合曲線(bonding curve)依即時交易決定，缺乏對大額或閃電貸交易的防護，攻擊者可在單筆交易內操縱價格並從金庫套利。,"被盜資金經Wormhole跨鏈到以太坊。美國檢方起訴Shakeeb Ahmed，他於2023年12月認罪(合併Crema案)，2024年4月被判刑3年，須沒收約1,230萬美元並支付逾500萬美元賠償；檢方稱這是首宗智能合約駭客定罪案。",high,"Loss is $3.49M (commonly rounded to $3.5M). Some reports describe the mechanism as oracle manipulation; Helius and others call it flash-loan bonding-curve manipulation, so it is categorized here as economic_exploit. Court-ordered forfeiture (~$12.3M) and restitution (>$5M) cover both Crema and Nirvana; how much reached Nirvana users is unverified, so recovery_status is unknown.",3,https://blockworks.com/news/nirvana-finance-hacker-sentenced | https://www.justice.gov/usao-sdny/pr/former-security-engineer-international-technology-company-pleads-guilty-hacking-two | https://www.theblock.co/post/159975/solana-stablecoin-nirvana-sinks-90-amid-3-5-million-flash-loan-exploit
solana-pay-transfer-validation-cve-2022-35917,2022-07-28,2022,Solana Pay SDK (@solana/pay),infrastructure_sdk,基礎設施 / SDK,smart_contract_bug,合約 / 程式邏輯漏洞,offchain_logic,鏈下系統邏輯缺陷,validateTransfer edge case could accept multiple transfers for one payment reference,0.0,,0.0,not_applicable,不適用（無損失）,None,Reported by cmowenby,solana_only,只有 Solana,Solana Pay SDK 的 validateTransfer 函式存在邊界情況（CVE-2022-35917），以 reference 金鑰尋找交易時可能把多筆轉帳都判定為有效，商家可能把同一筆付款誤認為多筆訂單的付款。對實體 POS 風險較低，網頁型整合較可能被濫用。,鏈下驗證邏輯的控制流程有誤（CWE-670），未確保一筆轉帳只對應一個付款請求。,@solana/pay 0.2.1 修正；未有已知損失。,high,Moderate severity (CVSS 5.3). Affected @solana/pay <= 0.2.0.,1,https://github.com/advisories/GHSA-j47c-j42c-mwqq
slope-wallet-2022,2022-08-02,2022,Slope Wallet (mobile),wallet,錢包,private_key_compromise,私鑰外洩 / 盜用,,,Seed phrases/private keys leaked via app telemetry (Sentry) logging,4100000.0,,4100000.0,none,未追回,"SOL, SPL tokens (incl. USDC) from ~9,231 user wallets",Unknown,solana_only,只有 Solana,"2022 年 8 月 2 日 22:37 UTC 起約 4 小時內，攻擊者使用外洩的私鑰簽署交易，掏空約 9,231 個 Solana 錢包、價值約 410 萬美元的資產。調查指向 Slope 行動錢包曾將使用者助記詞/私鑰傳送至監控服務。",Slope 行動版 App 將敏感私鑰資訊透過 Sentry SDK 傳送並以未加密形式儲存於自架 Sentry 伺服器（o7e.slope.finance），造成大規模私鑰外洩。,"Solana 生態與資安公司協助調查，Slope 發布數位鑑識報告，但在 Sentry 資料庫中僅能對應 1,444 個受害錢包，無法完整解釋全部事件；未見資金追回。",medium,"Loss estimates range from ~$4.1M (Solana Foundation / Slope wallet count of 9,231) to ~$8M (early CertiK and news reports). Some Phantom users were affected because they had imported Slope-generated seed phrases. Slope's forensic report found keys for 6,811 wallets in the Sentry DB, but only 1,444 matched drained wallets, so the root cause was never fully proven.",4,https://slope-finance.medium.com/slope-wallet-sentry-vulnerability-digital-forensics-and-incident-response-report-d7a5904e5a39 | https://solana.com/news/8-2-2022-application-wallet-incident | https://www.coindesk.com/business/2022/08/03/solanas-latest-6m-exploit-likely-tied-to-slope-wallet-devs-say | https://www.theblock.co/post/161425/slope-wallet-provider-saved-user-seed-phrases-in-plain-text-solana-security-researchers-find
optifi-2022,2022-08-29,2022,OptiFi,perp_derivatives,永續合約 / 衍生品,operational_error,操作失誤,,,"Accidental `solana program close` during mainnet upgrade permanently closed the program, locking funds",661000.0,0.0,661000.0,none,未追回,"None stolen; ~661,000 USDC permanently locked",Not an attack (internal operational error),solana_only,只有 Solana,2022年8月29日，Solana去中心化期權交易平台OptiFi在升級主網程式時，誤用`solana program close`指令，把程式永久關閉，約66.1萬美元USDC因此被永久鎖在程式控制的帳戶中。,這是營運操作失誤而非攻擊：`solana program close`會永久關閉程式並回收租金，關閉後同一程式ID無法重新部署，由該程式控制的資金也無法再提取；部署流程缺乏覆核機制。,OptiFi表示約95%被鎖資金屬於團隊成員，並承諾手動結算部位、返還用戶存款；之後改為至少三人互相監督的部署流程。,high,"Operational error, not a hack. The locked funds are unrecoverable (recovered_usd 0), but OptiFi pledged to repay users' deposits (~5% of the locked amount belonged to external users) manually; whether that was completed was not verified. project_type perp_derivatives is used because OptiFi was an options/derivatives exchange.",3,https://decrypt.co/108585/solana-defi-exchange-optifi-bricks-itself-loses-661k | https://www.coindesk.com/business/2022/08/30/solana-based-defi-protocol-optifi-loses-661k-in-programming-blunder | https://www.theregister.com/offbeat/2022/09/02/defi-optifi-locks-up-661000-of-assets-in-code-snafu/513633
solana-duplicate-block-fork-choice-outage-2022,2022-09-30,2022,Solana Mainnet Beta (fork choice),l1_runtime,L1 核心 / 客戶端 / 驗證節點,protocol_vulnerability,L1 協議層漏洞,consensus_state_bug,共識 / 狀態處理錯誤,"Misconfigured hot-spare validator produced duplicate blocks, triggering a fork-choice bug",0.0,,0.0,not_applicable,不適用（無損失）,None,No attacker (validator misconfiguration triggered a protocol bug),solana_only,只有 Solana,2022年9月30日，一名驗證者的主節點與熱備援節點以相同身分同時運作並產生重複區塊，觸發分叉選擇邏輯的錯誤，Solana 主網停止出塊約8.5小時。,當已確認的區塊版本與驗證者最後投票的 slot 相同時，分叉選擇程式無法切換回最重的分支，區塊生產者無法在其上延伸，共識因此停滯。,驗證者從最後確認的 slot 153139220 協調重啟；後續版本修正了分叉選擇錯誤。,high,Helius lists this as the 'Duplicate Block Bug'. The node had been producing duplicate blocks for ~24 hours before the edge case halted consensus.,2,https://cryptopotato.com/sol-drops-6-as-solana-suffered-another-network-outage/ | https://solana.com/news/09-30-22-solana-mainnet-beta-outage-report
mango-markets-2022,2022-10-11,2022,Mango Markets,perp_derivatives,永續合約 / 衍生品,oracle_price_manipulation,預言機 / 價格操縱,,,"Self-trading large MNGO-PERP positions and pumping thin MNGO spot markets to inflate oracle price, then borrowing against unrealized PnL",114000000.0,67000000.0,47000000.0,partial,部分追回,"~$114M of protocol deposits (USDC, SOL, BTC, MNGO and other tokens) borrowed against inflated collateral","Avraham Eisenberg (self-identified; convicted Apr 2024, convictions vacated May 2025, DOJ appeal pending)",solana_only,只有 Solana,2022年10月11日，Avraham Eisenberg用兩個自己控制的Mango Markets帳戶互相對敲，建立大量MNGO永續合約多空部位，並在流動性稀薄的市場買入MNGO現貨，使預言機價格在短時間內暴漲。多頭帳戶的未實現獲利被計為抵押品，他藉此借走平台上約1.14億美元的各種資產，使Mango資不抵債。,Mango v3允許用未實現盈虧作為借款抵押，對低流動性的MNGO預言機價格又缺乏操縱防護(例如部位上限、價格變動熔斷、TWAP)，現貨價格操縱因此能直接轉成借款額度。,"Eisenberg透過Mango DAO提案歸還約6,700萬美元，換取保留其餘約4,700萬美元並不被追訴；他在2022年12月被捕，CFTC與SEC也於2023年1月提起民事訴訟。2024年4月陪審團裁定商品詐欺、市場操縱與電匯詐欺罪名成立，但2025年5月23日法官以證據不足及審判地不當撤銷全部定罪；檢方已提出上訴。",high,"Loss range $110M–$117M (CFTC '>$110M'; SEC ~$116M; press $114M–$117M). ~$67M was returned under a DAO-approved deal; Eisenberg kept ~$47M. Downstream exposure (not double-counted): UXD Protocol had ~$19.9M in Mango and Tulip Protocol ~$2.5M, both recovered after Mango's claims process opened Oct 20, 2022. Judge Arun Subramanian granted the Rule 29 acquittal on 2025-05-23 (insufficient evidence of false representation; improper venue). DL News reported the prosecutors' appeal in January 2026; the outcome was not verified as of Sept 2026. The arrest date (late Dec 2022, Puerto Rico) is from general reporting and was not verified against a primary source.",3,https://www.coindesk.com/business/2025/05/24/judge-overturns-convictions-in-mango-markets-exploiters-crypto-fraud-case | https://www.dlnews.com/articles/defi/prosecutors-appeal-acquittal-of-mango-markets-exploiter/ | https://www.sec.gov/newsroom/press-releases/2023-13
solend-usdh-oracle-manipulation-2022,2022-11-02,2022,Solend (isolated pools),lending,借貸協議,oracle_price_manipulation,預言機 / 價格操縱,,,Pumped USDH on thin Saber pool (single-source Switchboard feed) and write-locked Saber to block arbitrage; borrowed against inflated USDH,1260000.0,,1260000.0,unknown,不明,"Assets borrowed from Stable, Coin98 and Kamino isolated pools, leaving ~$1.26M bad debt",Unknown,solana_only,只有 Solana,2022年11月2日，攻擊者花費約11.3萬美元USDC在Saber的USDH/USDC池中拉抬USDH價格(從約0.99美元升到8.8美元，之後再推到約15美元)，並用大量交易寫鎖(write-lock)Saber程式帳戶以阻止套利。接著把被高估的USDH存入Solend的Stable、Coin98與Kamino隔離池作抵押借出資產，造成約126萬美元壞帳。,Solend採用的Switchboard USDH價格源只取自單一低流動性來源(Saber USDH/USDC池)，容易被操縱；隔離池也缺乏對價格異常偏離的防護。,Solend團隊在數小時內發現壞帳並停用受影響隔離池的借款，只有隔離池受影響；之後與Switchboard合作，為多種Solana穩定幣改良價格源機制。,high,"Times in secondary summaries (first pump ~00:15, second ~02:16, bad debt discovered 03:37, borrows disabled 03:53) are presumably UTC. Recovery is unclear: one secondary source says ~$900K was recovered and Helius describes the bad debt as 'absorbed', but neither was verified against Solend's primary post, so recovery_status is unknown.",3,https://ackee.xyz/blog/2022-solana-hacks-explained-solend/ | https://blog.solend.fi/usdh-price-manipulation-impact-on-isolated-pools-4f79ff6af2ba?gi=18f7ceaa85a8 | https://www.theblock.co/post/182055/solend-exploited-attack
ftx-hack-2022,2022-11-12,2022,FTX (exchange wallets incl. Solana-based assets),cex,中心化交易所 / 託管,private_key_compromise,私鑰外洩 / 盜用,,,Unauthorized withdrawals from exchange wallets (alleged SIM-swap access),477000000.0,,477000000.0,partial,部分追回,"ETH and ERC-20s, BSC tokens and Solana-based tokens (bridged to Ethereum via Wormhole), plus USDT, PAXG etc.","Alleged: 'Powell SIM Swapping Crew' (Robert Powell, Carter Rohn, Emily Hernandez; indicted Jan 2024)",multi_chain,多鏈事件（含 Solana 資產）,FTX 宣告破產數小時後（2022 年 11 月 11 日晚，UTC 11 月 12 日），其錢包遭未授權轉出約 4.77 億美元資產，涵蓋 Ethereum、BSC 及 Solana 上的代幣。Solana 上被盜資產經 Wormhole 等跨鏈橋轉至攻擊者的 Ethereum 地址後再洗錢。,據美國檢方起訴，嫌犯以 SIM 卡置換（SIM swap）手法冒用身分取得帳戶存取權，進而控制交易所錢包；並非鏈上合約漏洞。,2024 年 1 月 24 日美國聯邦大陪審團起訴 Robert Powell 等三人；事件亦促使 Solana 開發者分叉由 FTX/Alameda 掌控升級權限的 Serum DEX（後成為 OpenBook）。部分 USDT/PAXG 遭發行方凍結。,medium,"Total loss estimates range from ~$338M-$415M (early) to $477M (Elliptic, most cited); the indictment references ~$400M. The sources reviewed do not quantify the Solana-specific portion, so loss_usd is the multi-chain total. Elliptic reports ~$100M of USDT/PAXG frozen by issuers (not independently verified). The indictment names 'Victim Company-1', widely reported to be FTX.",3,https://www.cnbc.com/2024/02/02/three-people-indicted-in-400-million-ftx-hack-conspiracy.html | https://www.coindesk.com/business/2022/11/12/ftx-hack-spooks-solana-defi-community-igniting-revolution-at-alameda-controlled-serum-dex | https://www.elliptic.co/blog/the-477-million-ftx-hack-following-the-blockchain-trail
serum-ftx-upgrade-authority-2022,2022-11-12,2022,Serum DEX (FTX/Alameda-controlled upgrade authority),dex_amm,去中心化交易所 / AMM,private_key_compromise,私鑰外洩 / 盜用,,,Serum program upgrade authority held by a single FTX-controlled key feared exposed in FTX hack; risk of malicious program upgrade,0.0,,0.0,not_applicable,不適用（無損失）,None confirmed from Serum (key-compromise risk event),FTX hack perpetrator(s) (identity not established in sources reviewed),solana_only,只有 Solana,2022年11月FTX破產並遭駭後，外界發現Solana核心訂單簿DEX Serum的程式升級權限(upgrade authority)由FTX控制的單一私鑰持有，擔心駭客能藉此部署惡意程式碼竊取Serum上的資金。Jupiter等協議隨即停用Serum作為流動性來源，社群開發者則分叉出由多簽管理的新版本(OpenBook)。,關鍵鏈上程式的升級權限集中在單一中心化實體(FTX/Alameda)的私鑰，而不是由DAO或多簽管理；該實體遭入侵時，整個依賴Serum流動性的生態系都暴露在風險中。,沒有證據顯示Serum程式被惡意升級或資金遭竊。社群分叉版的升級權限與手續費收入改由受信任開發者組成的多簽管理，原版Serum實際上停擺。,medium,"This is a risk event with no confirmed Serum theft, so loss_usd is 0. The underlying FTX wallet drain is recorded separately as ftx-hack-2022; this entry covers only the Serum upgrade-authority risk. Date uses the FTX breach and CoinDesk coverage of Nov 12 (UTC); the fork followed within days. The community fork became OpenBook.",3,https://cointelegraph.com/news/liquidity-hub-serum-forked-by-developers-after-ftx-hack | https://unchainedcrypto.com/serum-fork-in-the-works-amid-fears-that-ftx-owned-upgrade-keys-are-compromised/ | https://www.coindesk.com/business/2022/11/12/ftx-hack-spooks-solana-defi-community-igniting-revolution-at-alameda-controlled-serum-dex
raydium-2022,2022-12-16,2022,Raydium,dex_amm,去中心化交易所 / AMM,private_key_compromise,私鑰外洩 / 盜用,,,Compromised AMM pool owner/admin private key (likely Trojan) used to call admin-only withdraw_pnl and drain pools,4400000.0,,4400000.0,reimbursed_by_backer,由項目方或投資方賠付,"RAY, stSOL, whETH, USDC, SOL, UXP, ZBC, USDT from 8 constant-product pools",Unknown,solana_only,只有 Solana,2022年12月16日，攻擊者取得Raydium AMM流動性池擁有者(管理員)帳戶的私鑰，呼叫僅限管理員使用的`withdraw_pnl`等指令，從8個恆定乘積流動性池提走約440萬美元資產，包括RAY、stSOL、whETH、USDC、SOL、UXP、ZBC與USDT。,管理員私鑰疑遭木馬程式竊取(攻擊者可能取得部署該帳戶的虛擬機或伺服器存取權)。單一金鑰擁有可提走池內資金的過大權限，也沒有多簽或時間鎖保護。,治理提案通過以原本用於回購RAY的協議手續費及部分團隊RAY補償LP：含RAY交易對的LP可領回100%本金，其他池可領回90%原資產、剩餘10%以RAY補足，另加發相當於剩餘損失20%的RAY。攻擊者把部分資金跨鏈到以太坊，並透過Tornado Cash混幣約270萬美元。,high,"Loss range $4.4M (The Block; Neptune Mutual $4.395M) to $5.5M (CertiK and some analyses). Raydium's disclosure tweet was ~2022-12-16 14:41 UTC; Raydium's own compensation docs refer to 'the exploit on December 15th, 2022', which may reflect when the attack started or a time-zone difference. In total, 2,737,521.92 RAY went to claim-portal vaults and third-party protocols; recovered_usd is left null because the USD value of the compensation was not stated. The Trojan hypothesis comes from Raydium's post-incident analysis as reported by Neptune Mutual and others.",3,https://raydium.medium.com/compensation-plan-and-next-steps-367246a62277 | https://www.theblock.co/amp/post/195712/solana-based-exchange-raydium-suffers-2-million-exploit | https://www.theblock.co/post/203732/raydium-hacker-funnels-2-7-million-through-tornado-cash-mixer
magic-eden-image-cdn-compromise-2023,2023-01-03,2023,Magic Eden,nft_gaming,NFT / 遊戲,third_party_compromise,第三方服務遭入侵,,,Compromised third-party image caching/hosting vendor served explicit and unrelated images,0.0,,0.0,not_applicable,不適用（無損失）,None,Unknown,solana_only,只有 Solana,2023年1月3日，Solana 最大 NFT 市集 Magic Eden 的使用者發現收藏頁面出現色情圖片與《宅男行不行》劇照。Magic Eden 表示平台本身未遭駭，而是其使用的第三方圖片快取服務被入侵，NFT 資產仍然安全。,Magic Eden 依賴的第三方圖片快取／託管服務遭入侵，攻擊者替換了該服務提供的圖片內容；同一服務的其他網站也受影響。,Magic Eden 請使用者強制重新整理瀏覽器快取；隔天另發生假 NFT 上架事件（資料庫已另列 magic-eden-fake-nft-listings-2023）。,high,"Magic Eden did not name the image vendor. Separate from the Jan 4, 2023 fake-NFT listing issue already in the database.",2,https://crypto.news/magic-eden-displays-inappropriate-images-as-nfts-blames-third-party/ | https://cryptopotato.com/magic-eden-blames-unsavory-pics-on-third-party-breach/
magic-eden-fake-nft-listings-2023,2023-01-04,2023,Magic Eden,nft_gaming,NFT / 遊戲,smart_contract_bug,合約 / 程式邏輯漏洞,offchain_logic,鏈下系統邏輯缺陷,Off-chain activity-indexer/UI bug let counterfeit NFTs appear inside verified collections,15000.0,,15000.0,reimbursed_by_backer,由項目方或投資方賠付,"~1,100 SOL paid by buyers for counterfeit NFTs (~$15K)",Unknown,solana_only,只有 Solana,"2023年1月4日，Solana NFT 市場 Magic Eden 在部署新功能後出現問題，偽造的 NFT 被當成 ABC、y00ts 等已驗證系列的正品上架並售出。據報導，約13枚偽造 NFT 橫跨五個系列共成交27次，買家付出約1,100 SOL（約1.5萬美元）。",Snappy Marketplace 與 Pro Trade 工具上線新功能後，鏈下「活動索引器」的集合驗證出錯，沒有正確核驗 NFT 屬於哪個系列，假冒資產因此出現在正品系列之中。這是平台鏈下的缺陷，不是鏈上程式漏洞。,Magic Eden 加上額外驗證層並修復問題，隔日宣布事件已解決，並承諾退款給受影響的買家。,high,"Small loss (<$100K) but well documented. Cointelegraph's headline says 25 fake NFTs; its body cites 13 fraudulent NFTs across five collections traded 27 times for ~1,100 SOL (~$15K). CoinDesk attributes it to a UI issue caused by a new feature deployment. Classified as an off-chain platform bug. Refund total not published.",3,https://cointelegraph.com/news/magic-eden-to-refund-users-after-25-fake-nfts-sold-due-to-exploit | https://decrypt.co/118412/fake-solana-nfts-magic-eden-massive-exploit | https://www.coindesk.com/web3/2023/01/04/magic-eden-issue-leads-to-fake-nft-listings
solana-turbine-dedup-failure-2023,2023-02-25,2023,Solana Mainnet Beta (Turbine / shred forwarding),l1_runtime,L1 核心 / 客戶端 / 驗證節點,protocol_vulnerability,L1 協議層漏洞,resource_exhaustion,資源耗盡（交易洪水 / 缺乏流量控管）,"Malfunctioning custom shred-forwarding service re-broadcast an abnormally large block, overwhelming deduplication",0.0,,0.0,not_applicable,不適用（無損失）,None,No attacker (validator's custom block-forwarding service malfunctioned),solana_only,只有 Solana,2023年2月25日05:46 UTC 起，一名驗證者的自訂分片轉發服務遇到異常龐大的區塊（近 15 萬個 shred）時失常，區塊資料在驗證者之間被反覆轉送，Turbine 流量飽和，最終確定時間大幅延長近 19 小時。,轉發服務的去重邏輯無法處理超大區塊，重複轉送的資料壓垮 Turbine，大部分區塊資料只能改走較慢的 Block Repair 協定。,驗證者降版並協調重啟；v1.13.7 與 v1.14.17 強化了去重邏輯。,high,Helius lists this as the 'Turbine Failure' core protocol incident. Normal finalization resumed ~01:28 UTC Feb 26.,2,https://solana.com/news/02-25-23-solana-mainnet-beta-outage-report | https://www.helius.dev/blog/solana-outages-complete-history
neodyme-durable-nonce-state-bug-disclosure-2023,2023-03-10,2023,Solana runtime (durable transaction nonces),l1_runtime,L1 核心 / 客戶端 / 驗證節點,protocol_vulnerability,L1 協議層漏洞,control_flow,控制流程錯誤,advanceNonce caused all account changes of a failed transaction to be persisted,0.0,,0.0,not_applicable,不適用（無損失）,None,"Disclosed by Neodyme (white hat, Solana bug bounty)",solana_only,只有 Solana,"Neodyme 於2023年3月10日公開〈Nonce Upon a Time, or a Total Loss of Funds〉，說明其發現的首個 Solana 核心資金損失型漏洞：使用耐久隨機數的交易即使失敗，所有帳戶變更（包括非法變更）仍會被寫入。攻擊者理論上可寫入任意帳戶資料並竊取任何人的資金。",耐久隨機數要求交易失敗時仍需更新 nonce 狀態，但實作錯誤地保留了整筆失敗交易的所有帳戶變更，而非只保存 nonce 帳戶。,漏洞透過 Solana 漏洞賞金計畫回報並在遭利用前修補；此漏洞曾作為 ALLES! CTF 2021 的未解題目。,medium,Date is the public write-up date; the bug was reported and patched in 2021 (exact report date not confirmed). Distinct from the June 2022 durable-nonce outage.,1,https://neodyme.io/en/blog/nonce-upon-a-time/
cypher-protocol-2023,2023-08-07,2023,Cypher Protocol,perp_derivatives,永續合約 / 衍生品,smart_contract_bug,合約 / 程式邏輯漏洞,undisclosed,細節未公開,Logic flaw in on-chain margin/futures program let attacker withdraw protocol collateral,1035000.0,,1035000.0,unknown,不明,"38,530 SOL + 123,184 USDC",Unknown,solana_only,只有 Solana,"2023年8月7日，Solana 上的去中心化期貨／保證金交易所 Cypher Protocol 遭攻擊，約38,530 SOL 與123,184 USDC（約103萬美元）被盜，團隊隨即凍結智能合約。攻擊者之後將部分 USDC 轉入 Binance 存款地址，疑似準備套現。",攻擊者利用 Cypher 鏈上程式在保證金／期貨（子帳戶）邏輯中的缺陷，提領了超出應得額度的抵押資產。團隊沒有公開完整的技術細節。,Cypher 凍結合約並試圖與駭客談判，沒有公開成果。之後團隊把約60萬美元資產放進贖回合約，讓用戶按比例領回，但這筆贖回資金後來又被內部貢獻者 Hoak 挪用。,high,"Loss cited as ~$1.0M-$1.04M (Helius: $1.04M; Cointelegraph: ~$1,035,203). Public reporting describes the root cause only in general terms (a margin/futures logic flaw). About $600K was later made available to users through a redemption contract. Reports call it 'recovered', but it is unclear whether any of it came from the attacker. See cypher-insider-hoak-2023 for the later insider theft.",3,https://cointelegraph.com/news/cypher-protocol-solana-hack-exploited-smart-contract | https://unchainedcrypto.com/solana-based-cypher-protocol-loses-1-million-in-exploit/ | https://www.coindesk.com/business/2023/08/07/solana-based-cypher-protocol-experiences-exploit-freezes-smart-contract
coinex-2023,2023-09-12,2023,CoinEx,cex,中心化交易所 / 託管,private_key_compromise,私鑰外洩 / 盜用,,,Hot wallet private keys leaked,54000000.0,,54000000.0,reimbursed_by_backer,由項目方或投資方賠付,"BTC, ETH, XRP, BCH, SOL, TRX, KDA and other hot-wallet assets","Lazarus Group (DPRK), per blockchain analytics firms",multi_chain,多鏈事件（含 Solana 資產）,"2023年9月12日，加密貨幣交易所 CoinEx 多條鏈上的熱錢包遭盜，被轉走的資產包括 ETH、XRP、SOL、BTC、BCH 等，估計損失約 5,300 萬至 7,000 萬美元。鏈上分析將此案與 Stake.com 被盜案連結，歸因於北韓 Lazarus Group。",初步判定為熱錢包私鑰外洩，攻擊者直接簽署提領交易。,CoinEx 承諾全額賠償受影響用戶，並於9月21日恢復充提；被盜資金遭跨鏈轉移洗錢。,medium,Loss estimates range from ~$27-31M (early) to ~$70M; ~$54-55M is the figure cited by Halborn/Scorechain. Solana-specific share not published. loss_usd is the all-chain total.,3,https://cointelegraph.com/news/coinex-compromised-private-keys-behind-70-million-hack | https://therecord.media/coinex-confirms-hack-after-31-million-allegedly-stolen | https://www.halborn.com/blog/post/explained-the-coinex-hack-september-2023
synthetify-dao-2023,2023-10-19,2023,Synthetify DAO,dao_governance,DAO / 治理,governance_attack,治理攻擊,,,"Backdoored proposal hidden among decoy proposals, passed with attacker-owned votes in an inactive DAO",230000.0,,230000.0,none,未追回,"~$230K in USDC, mSOL and stSOL from the DAO treasury",Unknown,solana_only,只有 Solana,2023年10月，攻擊者鎖定幾乎停擺的 Synthetify DAO（Solana 合成資產協議）。他花了約三個月提交多個看似垃圾或重複的提案作掩護，再用自己持有的代幣達到法定票數，通過其中一個惡意提案，把約23萬美元的 USDC、mSOL 與 stSOL 從金庫轉走。社群發現時，資金已經轉入 Tornado Cash。,"DAO 長期沒有活動、治理代幣便宜、通過門檻又低，攻擊者只花約4,000美元（約流通量1.25%）買幣就能確保提案通過。惡意提案複製了舊提案的程式碼並加入可替換程式碼的後門，說明中卻聲稱邏輯相同。",資金沒有追回，已經透過 Tornado Cash 洗出。Neodyme 等安全公司把此事當作「不活躍 DAO 治理攻擊」的典型案例撰文分析。,medium,The mechanism and the ~$230K amount are consistent across sources. The exact day of the treasury drain is NOT verified: secondary datasets give 2023-10-11 and 2023-10-19. The attack was prepared over about three months of proposal spam before the drain.,2,https://blockworks.co/news/solana-exploit-dao-hacker | https://neodyme.io/en/blog/how_to_hack_a_dao/
cypher-insider-hoak-2023,2023-12-07,2023,Cypher Protocol (post-exploit redemption contract),perp_derivatives,永續合約 / 衍生品,insider_threat,內部人員作案,,,Core contributor abused privileged access to withdraw from the user redemption contract,300000.0,,300000.0,none,未追回,"~$300K in ETH, RLB, BONK, ORCA and wrapped SOL (36 withdrawals)",Cypher core contributor 'Hoak' (pseudonymous; publicly admitted),solana_only,只有 Solana,Cypher Protocol 在2023年8月遭駭後，把剩餘資產放進贖回合約供用戶領回。留下來參與重建的核心貢獻者 Hoak 卻分36筆從中取走約30萬美元的 ETH、RLB、BONK、ORCA 與 wSOL 等資產。另一名貢獻者公開鏈上證據後，Hoak 承認挪用，並稱資金已經賭光。,贖回資金由少數內部人員掌控，沒有多簽與獨立監督，有權限的貢獻者可以單方面提領用戶資金。,Hoak 公開承認拿走資金並全數賭光，說「是時候面對後果」。資金已轉往 Binance，沒有追回的報導，受害用戶的損失因此擴大。,medium,"Amount reported as ~$260K (early reports), ~$300K (DL News/Cryptonews) and ~$317K (Helius). The withdrawals were spread over time. The earliest documented data point is the wallet's peak holdings (~$68K) on 2023-12-07, so the start date is approximate. The theft was revealed and admitted publicly around May 2024, not in Dec 2023.",3,https://unchainedcrypto.com/cypher-protocol-insider-steals-from-exploit-redemption-contract/ | https://www.dlnews.com/articles/defi/cypher-developer-says-he-gambled-away-hack-victim-funds/ | https://www.theblock.co/post/294459/cypher-protocol-contributor-admits-to-taking-and-gambling-funds-recovered-from-exploit
jito-airdrop-website-ddos-2023,2023-12-07,2023,Jito,staking,質押服務,dos_attack,阻斷服務攻擊,,,DDoS on the airdrop-claim website at JTO token launch,0.0,,0.0,not_applicable,不適用（無損失）,None,Unknown,solana_only,只有 Solana,2023年12月7日 Jito 開放 JTO 代幣空投申領時，官方網站遭分散式阻斷服務（DDoS）攻擊，網站短暫離線數分鐘後恢復。鏈上協議與使用者資金未受影響。,攻擊者以大量流量灌爆空投申領網站的前端基礎設施；同期多個加密專案遭遇類似攻擊，常伴隨勒索。,網站迅速恢復，空投照常進行（約 2.25 億美元代幣發放）。,medium,"Off-chain website DDoS, not an on-chain flaw. Listed by Helius among network-level attacks ('Jito DDoS').",2,https://decrypt.co/209010/jito-airdrop-hands-out-225-million-solana-users | https://www.helius.dev/blog/solana-hacks
rainbow-node-drainers-2023,2023-12-16,2023,Rainbow Drainer & Node Drainer (Solana wallet-drainer kits),other,其他,phishing_social_engineering,釣魚 / 社交工程,,,Drainer-as-a-Service phishing sites (fake airdrops/holiday promos) tricking users into signing draining transactions,4170000.0,,4170000.0,unknown,不明,"~$4.17M in SOL and SPL tokens from 3,947 victims",Rainbow Drainer and Node Drainer DaaS operators (Mandiant reports Rainbow Drainer is a rebrand of Chick Drainer),solana_only,只有 Solana,"2023年12月中旬到2024年1月，專門針對 Solana 用戶的釣魚工具 Rainbow Drainer 與 Node Drainer 大規模活動，用假空投、耶誕活動等釣魚網站誘騙用戶簽署惡意交易。兩者合計從3,947名受害者手中竊取超過417萬美元，其中 Rainbow Drainer 約214萬美元（2,189人），Node Drainer 約200萬美元（1,762人）。",受害者在偽冒網站上連接錢包，簽署了看似無害、實際上授權轉走 SOL 與 SPL 代幣的交易。用戶對惡意交易的辨識能力不足，是這類攻擊得逞的原因。,安全公司發出警示並標記相關網域與地址，沒有找到資金追回的公開報導。,medium,"This is an aggregate campaign figure as of Jan 2024, likely from ScamSniffer data. Per BeInCrypto, Rainbow Drainer was first observed 2023-12-16 and Node Drainer started with a Christmas phishing campaign. Mandiant says Chick Drainer was renamed Rainbow Drainer on 2023-12-23, which slightly conflicts with that date. This is a different DaaS from CLINKSINK (separate entry).",2,https://beincrypto.com/solana-wallet-drainers/ | https://coinpaper.com/3043/solana-army-won-t-help-rainbow-and-node-drainers-on-the-rampage
aurory-syncspace-2023,2023-12-17,2023,Aurory (SyncSpace),nft_gaming,NFT / 遊戲,smart_contract_bug,合約 / 程式邏輯漏洞,race_condition,競態條件,Race condition in off-chain marketplace buy endpoint (concurrent purchase requests double-credited seller),830000.0,,830000.0,none,未追回,"~600,000 AURY",Unknown,multi_chain,多鏈事件（含 Solana 資產）,2023年12月17日（週日晚間），Solana 鏈遊 Aurory 的 SyncSpace 鏈下市場遭攻擊。攻擊者取得約60萬枚 AURY（約83萬美元），經 SyncSpace 橋提領到 Arbitrum 後在 Camelot 拋售，AURY-USDC 池約八成流動性被抽走（由約150萬美元降到約31.2萬美元）。,鏈下市場的購買端點有競態條件（race condition）：同時送出多筆購買請求時，賣方被重複入帳，買方卻只扣一次款，攻擊者因此憑空取得 AURY 餘額並提領。,Aurory 立即停用 SyncSpace 進行維護，並說明被盜的 AURY 來自團隊用來支付提領的錢包，用戶資金與 NFT 沒有受影響，損失由團隊承擔。,high,"Some secondary summaries call this a flash-loan/pricing attack dated 2023-12-15. Aurory's statement and most coverage describe a race condition on 2023-12-17. Helius lists the loss as 'mitigated' because the stolen AURY came from a team wallet. This is an off-chain backend bug, categorized as smart_contract_bug, which here also covers platform logic flaws. It is multi_chain because proceeds were bridged to Arbitrum and dumped on Camelot.",3,https://cryptodaily.co.uk/2023/12/solana-based-aurory-suffers-devastating-hack-loses-80-liquidity | https://www.binance.com/en-IN/feed/post/2023-12-18-aurory-gaming-platform-suffers-exploit-resulting-in-loss-of-830-000-worth-of-aury-tokens-1560581579050 | https://www.helius.dev/blog/solana-hacks
thunder-terminal-2023,2023-12-27,2023,Thunder Terminal,trading_bot,交易機器人 / 交易終端,third_party_compromise,第三方服務遭入侵,,,Leaked MongoDB connection URL used to pull session tokens and execute withdrawals for users,240000.0,,240000.0,reimbursed_by_backer,由項目方或投資方賠付,86.5 ETH + 439 SOL,Unknown,multi_chain,多鏈事件（含 Solana 資產）,2023年12月27日，同時支援 Solana 與以太坊的交易終端 Thunder Terminal 遭駭。攻擊者在約9分鐘內從114個用戶錢包（全平台超過1.4萬個）轉走86.5 ETH 與439 SOL，合計約24萬美元，並在鏈上留言勒索50 ETH，聲稱握有全部用戶資料。,攻擊者取得 Thunder 的 MongoDB 資料庫連線 URL（Thunder 稱與八天前 MongoDB 本身的資安事件有關），從中拿到用戶 session token，冒用用戶身分發起提領。,Thunder 撤銷相關憑證與 session，強調私鑰沒有外洩，並承諾全額賠償受影響用戶、提供手續費減免。,high,Reported as ~$239K-$240K. Thunder says private keys were not compromised; the attacker's on-chain memo called this 'all lies' and demanded 50 ETH to delete the data. Thunder reimbursed users itself; 'reimbursed_by_backer' is the closest status.,3,https://cointelegraph.com/news/thunder-terminal-hack-exploit-wallet-compromise-hacker-demands-ransom | https://crypto.news/thunder-terminal-suffers-hacker-attack-losses-amount-to-240k/ | https://nftnow.com/news/thunder-terminal-hack-leads-to-86-eth-and-439-sol-drained/
clinksink-drainer-2024,2024-01-03,2024,CLINKSINK drainer campaign (Mandiant X account hijack),other,其他,phishing_social_engineering,釣魚 / 社交工程,,,Hijacked X accounts and fake airdrop sites serving the CLINKSINK JavaScript drainer,900000.0,,900000.0,unknown,不明,>=$900K in SOL and tokens (Mandiant estimate),CLINKSINK Drainer-as-a-Service operator and 35+ affiliates,solana_only,只有 Solana,2024年1月3日，資安公司 Mandiant 的 X 帳號遭挾持，被改名為 @phantomsolw 冒充 Phantom 錢包，並推廣假的 $PHNTM 空投連結。Mandiant 調查後發現，這是 CLINKSINK 錢包清空即服務（DaaS）活動的一部分：至少35個分支成員自2023年12月起冒充 Phantom、DappRadar、BONK 等品牌，估計已從 Solana 用戶竊取至少90萬美元。,Mandiant 的 X 帳號疑似遭暴力破解密碼而被接管。受害者在釣魚網站連接 Phantom 等錢包並簽署惡意交易後，JavaScript drainer 隨即轉走資產，營運者與分支成員通常按約20%／80%分帳。,Mandiant 收回帳號，並在1月10日發布 CLINKSINK 分析報告，公開營運者錢包地址與惡意樣本特徵。沒有資金追回的報導。,high,"The $900K figure is Mandiant's extrapolation: at least $180K reached operator wallets, assuming a ~20% operator cut (observed cuts ranged 5-25%). The campaigns ran from at least Dec 2023; the date used here is the Mandiant X hijack. Mandiant attributes the takeover to a likely brute-force password attack.",3,https://cloud.google.com/blog/topics/threat-intelligence/solana-cryptocurrency-stolen-clinksink-drainer-campaigns | https://www.bleepingcomputer.com/news/security/mandiants-x-account-hacked-by-crypto-drainer-as-a-service-gang/ | https://www.securityweek.com/mandiant-details-crypto-theft-campaign-that-hacked-its-x-account-via-brute-force-attack/
raydium-clmm-tick-manipulation-disclosure-2024,2024-01-10,2024,Raydium (CLMM program),dex_amm,去中心化交易所 / AMM,smart_contract_bug,合約 / 程式邏輯漏洞,account_validation,帳戶驗證缺失,Unverified tickarray_bitmap_extension account in increase_liquidity allowed flipping tick state,0.0,,0.0,not_applicable,不適用（無損失）,None,Disclosed by whitehat @riproprip via Immunefi,solana_only,只有 Solana,白帽駭客 @riproprip 於2024年1月10日透過 Immunefi 回報 Raydium 集中流動性（CLMM）程式的重大漏洞。increase_liquidity 未驗證傳入的 tickarray_bitmap_extension 帳戶，攻擊者可用偽造帳戶翻轉 tick 狀態、在任意價格操作流動性，進而掏空流動性池。,指令未檢查 tickarray_bitmap_extension 帳戶是否為正確帳戶（缺少帳戶驗證）。,Raydium 迅速修補並以 RAY 支付 50.5 萬美元賞金；未遭利用。,high,"Date is the report date. Bounty: $505,000 paid in RAY.",2,https://immunefi.com/blog/bug-fix-reviews/raydium-tick-manipulation-bugfix-review/ | https://medium.com/immunefi/raydium-tick-manipulation-bugfix-review-c6aae4527ed6
saga-dao-2024,2024-01-24,2024,Saga DAO,dao_governance,DAO / 治理,private_key_compromise,私鑰外洩 / 盜用,,,Treasury 'multisig' effectively 1-of-12; one signer's machine reportedly compromised,60000.0,,60000.0,none,未追回,~750 SOL,Unknown (founder 'zkRedDevil' claimed a remote hack; co-founder 'Ashen' disputed it; insider allegations unresolved),solana_only,只有 Solana,2024年1月，Solana Saga 手機粉絲社群 Saga DAO 的金庫被轉走約750 SOL（約6萬美元）。這個金庫雖然叫多簽，實際上12名簽署人中任何1人就能動用資金。,多簽門檻設成 1/12，等同單簽。一名創辦人聲稱個人電腦遭遠端入侵、金鑰外洩，攻擊者因此能獨自轉走資金。,Saga DAO 在1月24日公開事件，並把相關人員移出領導職務。另一名創辦人質疑「遠端入侵」的說法，社群也有內部作案的指控。資金沒有追回。,medium,"Below the ~$100K threshold, but well documented (CoinDesk) and listed by Helius. The date is the public disclosure date; the exact drain time was not verified. It is disputed whether this was an external key compromise or insider theft.",2,https://crypto.news/community-run-solana-mobile-dao-puzzled-over-60k-hack/ | https://www.coindesk.com/business/2024/01/24/fan-club-for-solanas-saga-phone-loses-750-sol-to-hack
phantom-wallet-ddos-2024,2024-02-01,2024,Phantom,wallet,錢包,dos_attack,阻斷服務攻擊,,,DDoS against wallet backend infrastructure during the JUP airdrop,0.0,,0.0,not_applicable,不適用（無損失）,None,Unknown,solana_only,只有 Solana,2024年2月1日前後，Solana 主流錢包 Phantom 的基礎設施在 Jupiter（JUP）空投期間遭 DDoS 攻擊，錢包存取與交易處理中斷數小時。Phantom 表示使用者資產安全。,攻擊者以大量請求淹沒 Phantom 的後端服務；錢包依賴中心化後端提供餘額與交易功能，成為單點故障。,Phantom 暫停部分服務以緩解攻擊，並於2月2日前恢復正常。,medium,Off-chain infrastructure DDoS. Listed by Helius among network-level attacks ('Phantom wallet DDoS').,3,https://coingape.com/solanas-phantom-wallet-hit-with-fresh-ddos-attack/ | https://cryptonews.net/news/security/28493677/ | https://www.helius.dev/blog/solana-hacks
solana-jit-cache-outage-2024,2024-02-06,2024,Solana Mainnet Beta (LoadedPrograms JIT cache),l1_runtime,L1 核心 / 客戶端 / 驗證節點,protocol_vulnerability,L1 協議層漏洞,consensus_state_bug,共識 / 狀態處理錯誤,Legacy-loader program deploy/evict cycle triggered an infinite JIT recompilation loop,0.0,,0.0,not_applicable,不適用（無損失）,None,No attacker (runtime bug),solana_only,只有 Solana,2024年2月6日09:53 UTC，Solana 主網區塊最終確定停止約5小時。舊版 loader 部署的程式被逐出 JIT 快取後再次被呼叫，觸發無限重新編譯迴圈，耗盡驗證者資源，使共識卡在單一區塊。,JIT 快取在程式被逐出後，以有效 slot 為 0 的哨兵值重新插入編譯結果，使後續查詢看不到快取內容，導致反覆重新編譯。,驗證者升級至 v1.17.20 並重啟，該版本讓停用舊版 loader 部署的修正立即生效；此錯誤先前已在 Devnet 事件中被發現。,high,"Helius lists this as the 'JIT Cache Bug'. Anza published a post-mortem on Feb 9, 2024.",2,https://blockworks.com/news/solana-downtime-post-mortem | https://solana.com/news/02-06-24-solana-mainnet-beta-outage-report
solareum-2024,2024-03-29,2024,Solareum,trading_bot,交易機器人 / 交易終端,insider_threat,內部人員作案,,,Bot users' private keys exfiltrated with help of a North Korean IT worker hired as a developer,523000.0,,523000.0,none,未追回,"2,800+ SOL initially reported (US prosecutors later: 6,045 SOL, ~$1.4M)","North Korean (DPRK) IT worker embedded as developer, per US prosecutors",solana_only,只有 Solana,"2024年3月29日，Solana 上的 Telegram 交易機器人 Solareum 的用戶錢包遭大規模清空，超過300名用戶共損失約2,800 SOL（約52萬美元）。有些受害者一開始以為是 BONKbot 出事，後來查明他們的共同點是曾把私鑰匯入 Solareum。Solareum 隨後宣布停止營運。",Solareum 保管並使用用戶私鑰。事發時團隊推測是 Telegram bot token 外洩，讓攻擊者能從訊息紀錄取得私鑰。美國檢方後來指出，團隊在不知情下僱用了一名北韓開發者，並由此人協助竊取用戶資金。,"Solareum 以資金不足、市場變化與這次安全事件為由結束營運。美國檢方在後續法庭文件中把此案列為北韓 IT 工作者滲透加密公司的案例，稱被盜金額為6,045 SOL（約140萬美元）。",medium,"Initial reports put the loss at ~$520-523K (2,800+ SOL) from 300+ users. A later US prosecutors' filing dated January 21 (reported by DL News; year not confirmed here) puts it at 6,045 SOL (~$1.4M). Helius gives $520K-$1.4M and mentions a MongoDB key compromise. The exact exfiltration path was never officially published. Categorized as insider_threat because of the DPRK developer finding.",3,https://decrypt.co/224371/solana-telegram-trading-bot-shut-down-users-drained-523k | https://www.dlnews.com/articles/regulation/how-a-dprk-developer-tricked-solareum-and-stole-14m/ | https://www.web3isgoinggreat.com/?id=solana-drain-attacks
solana-web3js-dos-cve-2024-30253,2024-04-17,2024,@solana/web3.js,infrastructure_sdk,基礎設施 / SDK,smart_contract_bug,合約 / 程式邏輯漏洞,input_handling_dos,輸入處理不當（節點崩潰 / 阻斷服務）,Crafted untrusted input causes memory exhaustion (OOM) in the SDK,0.0,,0.0,not_applicable,不適用（無損失）,None,Reported by FixedLocally,solana_only,只有 Solana,Solana 官方 JavaScript SDK @solana/web3.js 被發現處理特定輸入時會耗盡記憶體（CVE-2024-30253，CVSS 7.5）。任何用此函式庫處理不受信任資料的伺服器、網頁、行動或桌面應用程式都可能因此當機。,解析特定輸入時未限制記憶體操作範圍（CWE-119），導致記憶體耗盡。,官方為大量受影響版本釋出修補版（最新為 1.91.3）；未有已知遭利用紀錄。,high,Availability-only impact; distinct from the Dec 2024 web3.js npm backdoor already in the database.,1,https://github.com/advisories/GHSA-8m45-2rjm-j347
io-net-2024,2024-04-25,2024,io.net,other,其他,smart_contract_bug,合約 / 程式邏輯漏洞,offchain_logic,鏈下系統邏輯缺陷,Exposed user ID tokens plus SQL injection on GPU metadata API; Sybil spoofing of GPU workers,0.0,,0.0,not_applicable,不適用（無損失）,None reported (device metadata tampered; fake GPUs used to farm rewards),Unknown (reward-farming Sybil actors),solana_only,只有 Solana,2024年4月25日，Solana 生態的去中心化 GPU 算力網路 io.net 偵測到 GPU 元資料 API 的寫入量異常暴增。攻擊者竄改裝置元資料，並大量偽造 GPU 節點（約180萬個假 GPU 嘗試連線）來騙取獎勵。GPU 硬體與用戶資金都沒有失竊。,攻擊者利用外洩的用戶 ID token 對 API 進行 SQL 注入，未經授權修改裝置元資料。網路缺乏可靠的硬體證明機制，讓偽造 GPU 的 Sybil 攻擊得以進行。,io.net 封鎖偽造裝置，為 API 加上 SQL 注入檢查並強化未授權存取的日誌紀錄，同時沿用兩天前剛推出的工作量證明機制辨識假 GPU。CEO 發布了詳細的事後報告。,medium,"No direct theft. Included as a security breach of a Solana-based DePIN that Helius lists. The alert fired at 1:05am PST on April 25. This is an off-chain backend issue, categorized as smart_contract_bug (platform logic flaw). Spoofed-GPU counts vary: ~400K per Helius vs ~1.8M connection attempts per io.net/Cointelegraph.",3,https://cointelegraph.com/news/io-net-responds-to-gpu-metadata-attack | https://ionet.medium.com/25th-april-incident-report-176e5fb5c576 | https://www.theblock.co/post/291315/solana-based-depin-io-net-ceo-claims-network-was-attacked-in-detailed-postmortem
pump-fun-2024,2024-05-16,2024,Pump.fun,launchpad,發幣平台,insider_threat,內部人員作案,,,"Former employee abused retained bonding-curve withdraw authority, funded by flash loans",1900000.0,,1900000.0,reimbursed_by_backer,由項目方或投資方賠付,"~12,300 SOL","Jarett Dunn (@STACCoverflow), former Pump.fun developer/contractor; convicted in the UK",solana_only,只有 Solana,"2024年5月16日，Solana 迷因幣發行平台 Pump.fun 遭前員工 Jarett Dunn 攻擊。他用閃電貸借入 SOL，買滿多個即將完成的聯合曲線（bonding curve），再利用手上仍保有的特權提領權限，取走約12,300 SOL（約190萬美元）的曲線流動性。",負責把完成的聯合曲線遷移到 Raydium 的「提領權限」沒有在他離職後妥善收回，前員工得以濫用。配合閃電貸，他能在單筆交易內把大量曲線推到100%並取走資金。,Pump.fun 升級合約阻止進一步損失，並表示會為受影響的代幣補回流動性。Dunn 於5月在倫敦被捕，2024年8月認罪後一度想撤回，2025年再次認罪，最後被判處六年徒刑（詐欺與轉移犯罪財產，兩罪同期執行）。,high,"Loss cited as ~$1.9M-$2M (12,300+ SOL); Dunn said he was accused of stealing $1.9M and of conspiring to steal a further $80M. Some outlets wrongly say the flash loans came from Raydium; other summaries say a Solana lending protocol. Helius lists the loss as mitigated. The liquidity restoration comes from Pump.fun statements and was not independently checked. Dunn was sentenced at Wood Green Crown Court (per Decrypt); the exact sentencing date was not verified (roughly late 2025/early 2026).",3,https://blockworks.co/news/pump-dot-fun-exploiter-arrest-london | https://decrypt.co/352876/former-pump-fun-dev-sentenced-six-years-prison-2-million-solana-fraud | https://www.theblock.co/amp/post/294959/solana-token-launcher-pump-fun-suffers-flash-loan-exploit
agave-elf-alignment-bug-2024,2024-08-07,2024,Solana (Agave and Jito-Solana validator clients),l1_runtime,L1 核心 / 客戶端 / 驗證節點,protocol_vulnerability,L1 協議層漏洞,input_handling_dos,輸入處理不當（節點崩潰 / 阻斷服務）,Crafted on-chain program exploiting an ELF address-alignment flaw in the program loader to crash leaders,0.0,,0.0,not_applicable,不適用（無損失）,None (not exploited),N/A - privately reported and patched before exploitation,solana_only,只有 Solana,2024年8月，Anza 等 Solana 核心開發者發現驗證者客戶端（Agave 與 Jito）有嚴重漏洞：攻擊者可以部署特製程式，讓輪值出塊的 leader 一個接一個崩潰，最後讓整個網路停擺。Solana 基金會從8月7日起私下聯繫主要驗證者，在公開披露前完成修補。,漏洞出在驗證者載入鏈上程式（ELF 檔）時對位址對齊（alignment）的處理。Solana runtime 允許非標準工具鏈產生的程式，一個特製的未對齊 ELF 就能讓節點崩潰。,修補程式經多家第三方稽核後私下發放。8月8日約20:00 UTC 已有超過67%的質押量完成升級，之後才公開漏洞，Anza 也發布了根因分析。這種「靜默修補」流程引發了外界對 Solana 中心化程度的討論。,high,"No funds lost. The date is the first private coordination message (Aug 7). Patch instructions went out 2024-08-08 14:00 UTC, over 67% of stake was patched by 20:00 UTC, and validator Laine disclosed it publicly on Aug 9. Some summaries call it an 'rbpf' bug; Anza describes it as an ELF address-alignment flaw in program loading. A separate rBPF integer-overflow bug reported by BlockSec is a different issue.",3,https://cointelegraph.com/news/solana-fixes-critical-security-vulnerability | https://www.anza.xyz/blog/agave-network-patch-root-cause-analysis | https://www.theblock.co/post/310361/solana-developers-address-critical-vulnerability-with-coordinated-patch
parcl-dns-hijack-2024,2024-08-19,2024,Parcl,perp_derivatives,永續合約 / 衍生品,frontend_account_compromise,前端 / 社群帳號入侵,,,Domain registrar/DNS hijack plus X account takeover redirecting users to a wallet-draining clone site,,,,unknown,不明,Undisclosed user wallet assets,Unknown,solana_only,只有 Solana,2024年8月19日前後，Solana 上的房地產價格交易平台 Parcl 的網域與官方 X 帳號遭挾持，parcl.co 被導向仿冒前端，誘騙連接錢包的用戶簽署惡意交易。Parcl 發現後凍結相關活動，並警告用戶不要與網站互動。,攻擊者取得 Parcl 網域註冊商／DNS 的控制權，把網站指向惡意伺服器。仿冒頁面發出的交易在錢包預覽中看起來安全，實際執行時卻會轉走用戶資產。,Parcl 奪回 DNS 並恢復網站，開始取回 X 帳號，並請受影響用戶開單回報。損失金額一直沒有公開。,low,"The loss was never disclosed. Helius lists this as a 2024 supply-chain/front-end (DNS hijacking) incident. The timing, the combined registrar and X account compromise, and the wallet-preview-evading transactions come from an independent write-up. Parcl's help account posted a warning on X at ~2024-08-19 22:17 UTC (decoded from the tweet ID). Not checked against an official Parcl post-mortem.",1,https://www.helius.dev/blog/solana-hacks
m2-exchange-2024,2024-10-31,2024,M2,cex,中心化交易所 / 託管,private_key_compromise,私鑰外洩 / 盜用,,,"Hot wallet compromise on Ethereum, Bitcoin and Solana",13700000.0,,13700000.0,reimbursed_by_backer,由項目方或投資方賠付,"~4,010 ETH, ~41 BTC and SOL/Solana tokens",Unknown,multi_chain,多鏈事件（含 Solana 資產）,"2024年10月31日，總部位於阿布達比的交易所 M2 的 Ethereum、Bitcoin 與 Solana 熱錢包遭入侵，約 1,370 萬美元資產被盜，包括約 4,010 ETH、41 BTC 與部分 SOL。",熱錢包遭未授權存取，外界推測為私鑰或熱錢包基礎設施的存取控制遭攻破，但 M2 未公開技術細節。,M2 宣稱已用自有資產全額恢復客戶資金；攻擊者將 SOL 換出，並把多數資金留在 Ethereum 地址。,medium,"loss_usd is the all-chain total; the Solana portion was a minority (ETH ~$10M, BTC ~$3M). Root cause not officially disclosed.",3,https://cointelegraph.com/news/m2-crypto-exchange-hacked-13-m-funds-restored | https://www.quillaudits.com/blog/hack-analysis/m2-crypto-exchange-exploit | https://www.web3isgoinggreat.com/single/m2-hack
dexx-2024,2024-11-16,2024,DEXX,trading_bot,交易機器人 / 交易終端,private_key_compromise,私鑰外洩 / 盜用,,,Leak of custodially held user private keys (plaintext key exposure in wallet-export flow),21000000.0,,21000000.0,unknown,不明,"SOL and numerous memecoins/SPL tokens from 8,612+ Solana addresses",Unknown,solana_only,只有 Solana,"2024年11月16日，主打 Solana 迷因幣交易的託管式交易終端 DEXX 遭駭，攻擊者按餘額高低優先轉走用戶錢包中的高價值代幣。初估損失約2,100萬美元；SlowMist 追查後把事件關聯到超過8,612個 Solana 地址，估計損失約3,000萬美元，受害用戶至少900人。",DEXX 以中心化方式託管用戶私鑰，私鑰在匯出錢包（export_wallet）請求中以明文傳輸與顯示，導致私鑰外洩並被大規模利用。,DEXX 公開承諾賠償用戶損失，但最終的賠償與資金追回情況沒有得到獨立證實。,high,"Losses range from $21M (initial, most cited) to ~$30M (SlowMist, higher because of memecoin price moves); one user reportedly lost ~$1M. SlowMist gives the start as 04:47:23 on 2024-11-16 and cites 'suspected private key leakage in a centralized custody model'. The plaintext export_wallet detail comes from Helius-derived summaries. Losses were mostly on Solana, though DEXX also supported other chains. Compensation outcome not verified.",3,https://bravenewcoin.com/insights/dexx-hack-investigation-unveils-over-8600-solana-wallet-links-slowmist-report | https://cointelegraph.com/news/solana-dexx-hack-november-2024-suspicious-wallets | https://www.web3isgoinggreat.com/?id=dexx-losses
chatgpt-ai-poisoning-solana-bot-2024,2024-11-21,2024,Pump.fun trading-bot user (fraudulent Solana API recommended by ChatGPT),trading_bot,交易機器人 / 交易終端,phishing_social_engineering,釣魚 / 社交工程,,,AI-recommended fake Solana API endpoint that required the user's private key,2500.0,,2500.0,none,未追回,SOL and tokens from the user's wallet,Unknown operator of the fake API domain,solana_only,只有 Solana,"2024年11月21日，一名使用者請 ChatGPT 協助撰寫 Pump.fun 交易機器人，AI 推薦了一個詐騙的 Solana API 網站，程式碼要求在請求中傳送私鑰，約 30 分鐘內錢包即被掏空，損失約 2,500 美元。慢霧創辦人余弦稱這是加密領域首個完整的「AI 投毒」攻擊案例。",詐騙網域偽裝成 Solana API 並被 AI 模型當作合法資源推薦，使用者未驗證程式碼就將私鑰送往惡意伺服器。,該詐騙地址被發現同時竊取多個錢包的資金；事件引發外界對 AI 生成程式碼與資料投毒風險的關注。,medium,Small single-victim loss; notable as the first widely reported AI code-poisoning theft. The scam domain was registered in late September 2024; whether the model was deliberately poisoned is unproven.,2,https://cryptoslate.com/blockchain-security-firm-warns-of-ai-code-poisoning-risk-after-openais-chatgpt-recommends-scam-api/ | https://www.cryptopolitan.com/solana-wallet-exploit-ai-poisoning-attack/
solana-web3js-npm-backdoor-2024,2024-12-03,2024,@solana/web3.js (npm package),infrastructure_sdk,基礎設施 / SDK,supply_chain,供應鏈攻擊,,,Phished npm publish-access account used to publish backdoored v1.95.6 and v1.95.7 that exfiltrated private keys,184000.0,,184000.0,none,未追回,~674.86 SOL plus other tokens,Unknown (spear-phishing of npm maintainers),solana_only,只有 Solana,2024年12月3日，Solana 官方 JavaScript 函式庫 @solana/web3.js 在 npm 上被發布了含後門的 1.95.6 與 1.95.7 版本，約在 15:10 到 20:25 UTC 之間可被下載。惡意程式會竊取直接處理私鑰的應用（例如交易機器人、後端服務）的私鑰並清空資金，估計損失約16萬至19萬美元。,攻擊者用偽裝成 npm 協作邀請的魚叉式釣魚郵件，取得具 @solana 命名空間發布權限的帳號，再在套件中注入竊取並外傳私鑰的惡意程式碼。,惡意版本在幾小時內被下架，乾淨的 1.95.8 隨即發布。官方發布了 GitHub 安全公告與 Anza 根因分析，呼籲可能受影響的開發者輪換各種權限金鑰；非託管錢包與 Solana 協議本身不受影響。,high,"npm registry timestamps: 1.95.6 published 2024-12-03T15:10Z, 1.95.7 at 15:20Z, fixed 1.95.8 at 20:25Z. The GitHub advisory gives a window of 3:20pm-8:25pm UTC on Dec 3, 2024; many outlets wrongly say Dec 2. Loss estimates: ~$130K (Helius), ~$160-164K in SOL alone (674.86 SOL), ~$184K (Web3 is Going Just Great), ~$190K including other tokens.",3,https://github.com/solana-labs/solana-web3.js/security/advisories/GHSA-jcxm-7wvp-g6p5 | https://www.anza.xyz/blog/web3-js-exploit-root-cause-analysis | https://www.web3isgoinggreat.com/single/solana-javascript-library-compromised
noones-2025,2025-01-01,2025,NoOnes,cex,中心化交易所 / 託管,smart_contract_bug,合約 / 程式邏輯漏洞,undisclosed,細節未公開,Flaw in platform's Solana cross-chain bridge abused for hundreds of small hot-wallet withdrawals,7900000.0,,7900000.0,unknown,不明,"~$7.9M in assets from Ethereum, TRON, Solana and BSC hot wallets (hundreds of withdrawals each < ~$7,000)",Unknown,multi_chain,多鏈事件（含 Solana 資產）,"P2P 加密貨幣交易平台 NoOnes 自 2025 年 1 月 1 日起遭攻擊者利用其 Solana 跨鏈橋漏洞，從 Ethereum、TRON、Solana 與 BSC 熱錢包進行數百筆單筆低於約 7,000 美元的小額提款，合計損失約 790 萬美元。事件由鏈上偵探 ZachXBT 於 1 月 24 日揭露後，執行長 Ray Youssef 才公開承認。",NoOnes 表示攻擊源於其 Solana 跨鏈橋整合中的漏洞，使攻擊者得以從多條鏈的熱錢包提領資金；官方未公開更詳細的技術細節。,平台稱已迅速控制事件，並暫停 Solana 鏈支援以進行更多滲透測試；被盜資金經多個錢包群分散洗錢，截至公開報導未見追回。,medium,Loss cited as ~$7.2M-$8M (ZachXBT/Merkle Science ~$7.9M; CEO said ~$8M). NoOnes is a custodial P2P marketplace (classified as cex). Disclosed ~3 weeks after the fact. Root cause only described at a high level by the CEO ('vulnerability in Solana cross-chain bridge'); categorized as smart_contract_bug (platform/bridge logic flaw); whether the flaw was on-chain or in the backend is undisclosed. User reimbursement status not clearly reported.,3,https://www.chaincatcher.com/en/article/2164737 | https://www.merklescience.com/blog/hack-track-noones-flow-of-funds-analysis | https://www.theblock.co/news/markets/2025-01-24-noones-ceo-ray-youssef-8-million-exploit-crypto-sleuth-zachxbt-investigation-337004
npm-gmail-smtp-key-stealers-2025,2025-01-08,2025,"Malicious npm packages (@async-mutex/mutex, dexscreener, solana-transaction-toolkit, solana-stable-web-huks)",infrastructure_sdk,基礎設施 / SDK,supply_chain,供應鏈攻擊,,,Typosquatted npm packages exfiltrating Solana keys via Gmail SMTP,,,,unknown,不明,Solana private keys; wallets programmatically drained (up to 98% of balance),Unknown (drain address 3RbBjhVRi8qYoGB5NLiKEszq2ci559so4nPqv2iNjs8Q),solana_only,只有 Solana,Socket 於 2025 年 1 月 8 日揭露多個仿冒常見工具的惡意 npm 套件，專門攔截開發者的 Solana 私鑰。其中 solana-transaction-toolkit 與 solana-stable-web-huks 甚至會直接以程式轉走受害錢包最多 98% 的資產。,開發者誤裝名稱近似的惡意套件，套件在錢包互動時攔截私鑰並透過 Gmail SMTP 外傳，因 smtp.gmail.com 屬可信流量而不易被防火牆或 EDR 偵測。,Socket 回報後相關套件被下架；下載量約 130 次以上，未有公開的總損失金額。,high,No aggregate USD loss was published. Security Affairs also reported related PyPI activity in the same period. Date is Socket's disclosure date.,2,https://socket.dev/blog/gmail-for-exfiltration-malicious-npm-packages-target-solana-private-keys-and-drain-victim-s | https://thehackernews.com/2025/01/hackers-deploy-malicious-npm-packages.html
phemex-2025,2025-01-23,2025,Phemex,cex,中心化交易所 / 託管,private_key_compromise,私鑰外洩 / 盜用,,,Hot wallet compromise across ~16 chains,73000000.0,,73000000.0,reimbursed_by_backer,由項目方或投資方賠付,"~$73M across ~16 chains incl. ~$17M on Solana, ~$13M XRP, ~$5.3M BTC plus ETH/EVM tokens",Suspected North Korea-linked hackers (per on-chain analysts); not officially confirmed,multi_chain,多鏈事件（含 Solana 資產）,"新加坡加密貨幣交易所 Phemex 於 2025 年 1 月 23 日約 11:30 UTC 起遭熱錢包盜竊，攻擊者在約 16 條鏈上轉走約 7,300 萬美元資產，其中 Solana 鏈上損失約 1,700 萬美元，為各鏈中最高。攻擊者迅速將 USDT、USDC 等可被凍結的穩定幣兌換為 ETH 等資產以規避黑名單。",安全機構研判為熱錢包私鑰或簽名基礎設施遭入侵，官方未公布完整根因。,Phemex 暫停提款並聲明冷錢包安全、承諾補償用戶，隨後公布儲備證明並分階段恢復提款；鏈上分析將手法連結至北韓駭客，被盜資金未見追回。,high,"Loss estimates range ~$69M-$85M ($70M crypto.news, ~$73M Halborn, $85M BleepingComputer). Solana-chain loss ~$17M per Halborn, confirming Solana assets were stolen. recovery_status reflects Phemex covering user balances from its own funds, not clawback of stolen assets.",4,https://crypto.news/hackers-steal-70m-from-phemex-in-2025s-largest-attack-so-far/ | https://phemex.com/announcements/phemex-hot-wallet-security-incident-update-and-timeline | https://www.bleepingcomputer.com/news/security/hackers-steal-85-million-worth-of-cryptocurrency-from-phemex/ | https://www.halborn.com/blog/post/explained-the-phemex-hack-january-2025
pypi-semantic-types-solana-key-stealer-2025,2025-01-26,2025,"PyPI packages semantic-types, solana-keypair, solana-publickey, solana-mev-agent-py, solana-trading-bot, soltrade",infrastructure_sdk,基礎設施 / SDK,supply_chain,供應鏈攻擊,,,Malicious PyPI dependency monkey-patching Solana keypair generation and exfiltrating keys via Devnet memo transactions,,,,unknown,不明,Solana private keys generated on infected machines,Threat actor 'cappership',solana_only,只有 Solana,"Socket 揭露 PyPI 套件 semantic-types 於2025年1月26日的更新中植入惡意程式，另有五個 Solana 相關套件將其列為依賴。惡意程式在執行期竄改 Solana 金鑰產生函式，每產生一組金鑰就以 RSA 加密後寫入 Devnet 上的 memo 交易外洩；六個套件累計下載逾 25,900 次。",攻擊者透過遞移依賴散布惡意程式碼，以 monkey-patch 攔截金鑰產生，並利用區塊鏈作為隱蔽的外洩通道。,相關套件遭檢舉下架；Socket 建議1月26日後安裝過這些套件的開發者，將機器上所有 Solana 私鑰視為已外洩。,high,semantic-types was benign when first uploaded on 2024-12-22; the malicious update landed 2025-01-26 (date used). Public disclosure by Socket came in late May 2025. Financial losses not quantified.,2,https://socket.dev/blog/monkey-patched-pypi-packages-steal-solana-private-keys | https://thehackernews.com/2025/06/malicious-pypi-npm-and-ruby-packages.html
jupiter-x-account-hijack-2025,2025-02-06,2025,Jupiter (Jupiter Exchange X account),dex_amm,去中心化交易所 / AMM,frontend_account_compromise,前端 / 社群帳號入侵,,,X (Twitter) account takeover used to promote scam $MEOW/$DCOIN memecoins,,,,unknown,不明,Trader funds lost to scam $MEOW token (peaked ~$20M market cap before liquidity was pulled); no protocol funds lost,Unknown (login traced to a US-based IP per co-founder Meow),solana_only,只有 Solana,"2025 年 2 月 6 日，Solana DEX 聚合器 Jupiter 的官方 X（Twitter）帳號遭駭（部分報導指共同創辦人 Meow 的帳號亦受波及），攻擊者發文推廣影射 Meow 名號的假 $MEOW 及 $DCOIN 迷因幣。$MEOW 在數分鐘內市值衝破約 2,000 萬美元，隨後流動性被抽走，跟風買家無法賣出。",社群媒體帳號遭接管，攻擊者取得帳號控制權後發布詐騙代幣合約地址；Meow 表示入侵來自美國 IP，確切入侵途徑未公開證實。,Jupiter 團隊數小時內奪回帳號，表示協議資金與用戶資料未受影響；事件令 JUP 一度下跌約 12%，受騙買家的損失未見補償。,medium,"Trader losses not reliably quantified; some outlets (e.g., KuCoin news) claim '>$20M lost', which appears to conflate the token's peak market cap with losses. Whether co-founder Meow's personal account was also taken over could not be independently confirmed. Part of a Feb 2025 wave of high-profile crypto X account takeovers.",3,https://crypto.news/jupiter-recovers-official-x-account-after-scammers-promote-meow/ | https://cryptopotato.com/jupiter-exchange-regains-x-account-following-hack/ | https://www.theblock.co/post/339128/solana-dex-aggregator-jupiters-x-account-hacked-promotes-fake-memecoin
pumpfun-x-account-hijack-2025,2025-02-26,2025,Pump.fun (@pumpdotfun X account),launchpad,發幣平台,frontend_account_compromise,前端 / 社群帳號入侵,,,X (Twitter) account takeover used to promote fake 'PUMP governance token' and other scam tokens,,,,unknown,不明,"Trader funds lost to fake $PUMP token (peaked ~$5M market cap) and other scam tokens (HACKED, GPT-4.5)",Unknown,solana_only,只有 Solana,2025 年 2 月 26 日，Solana 迷因幣發射平台 Pump.fun 的官方 X 帳號 @pumpdotfun 遭入侵，攻擊者發布假冒的「官方治理代幣 $PUMP」並附上 Solana 合約地址，另推廣 HACKED、GPT-4.5 等詐騙代幣。假 PUMP 代幣市值一度衝上約 500 萬美元後崩跌。,社群媒體帳號遭接管；鏈上調查人員推測攻擊者可能以偽造文件或郵件對 X 員工進行社交工程，或利用 X 內部管理面板取得帳號控制權。,Pump.fun 於同日重新取得帳號完整控制權，並提醒用戶忽略帳號被盜期間的貼文；受騙者損失未見補償。,high,"Losses not quantified. The X-employee social engineering / admin panel theory is an investigator's speculation, not confirmed by X or Pump.fun.",3,https://decrypt.co/307857/pump-fun-x-account-hacked-solana-meme-coin | https://www.bleepingcomputer.com/news/security/pumpfun-x-account-hacked-to-promote-scam-governance-token/ | https://www.theblock.co/post/343515/pump-funs-x-account-hacked-to-promote-fraudulent-tokens
raydium-cpswap-liquidity-drain-disclosure-2025,2025-03-10,2025,Raydium (CP-Swap program),dex_amm,去中心化交易所 / AMM,smart_contract_bug,合約 / 程式邏輯漏洞,arithmetic,數值計算錯誤（捨入 / 溢位）,Missing zero-amount checks in deposit() let rounding produce unbacked LP minting,0.0,,0.0,not_applicable,不適用（無損失）,None,Disclosed by whitehat @Lastc0de via Immunefi,solana_only,只有 Solana,白帽駭客 @Lastc0de 於2025年3月10日透過 Immunefi 回報 Raydium 恆定乘積 AMM（cp-swap）的重大漏洞。deposit() 未驗證使用者輸入金額，攻擊者可利用捨入與零值處理，在增加流動性時取得不相稱的 LP 代幣，進而掏空流動性池。,deposit 函式缺少檢查，未確保 token_0、token_1 與 LP 數量等計算結果不為零，捨入後的零值被接受。,Raydium 加入非零檢查完成修補，並支付 50.5 萬美元（USDC）賞金；未遭利用。,high,"Date is the report date. Bounty: $505,000 in USDC.",2,https://immunefi.com/blog/all/raydium-liquidity-drain-bug-fix-review/ | https://x.com/immunefi/status/1925162700729913438
zk-elgamal-proof-bug-2025-04,2025-04-16,2025,ZK ElGamal Proof program (Token-2022 confidential transfers),l1_runtime,L1 核心 / 客戶端 / 驗證節點,protocol_vulnerability,L1 協議層漏洞,crypto_verification,密碼學驗證缺陷,Forgeable zero-knowledge proofs (incomplete Fiat-Shamir transcript),0.0,,0.0,not_applicable,不適用（無損失）,None,Whitehat: LonelySloth,solana_only,只有 Solana,2025 年 4 月 16 日，研究員 LonelySloth 透過 Anza GitHub 安全通報回報 ZK ElGamal Proof 原生程式可接受任意偽造證明的漏洞。攻擊者理論上可無限鑄造 Token-2022 機密代幣或掏空受害者的機密餘額。,Fiat-Shamir 轉換中未將部分代數元件納入雜湊（transcript 不完整），使攻擊者能偽造可通過鏈上驗證的無效零知識證明。,Anza、Firedancer、Jito 工程師確認後，於 4 月 17 日由 Solana Foundation 與 Jito 私下聯繫驗證者部署兩個修補，並請 Asymmetric Research、Neodyme、OtterSec 審查；絕大多數質押完成升級，無已知利用，5 月 2 日發布事後報告，但私下修補方式引發中心化爭議。,high,"A second related patch was identified ~23:00 UTC on Apr 17 for a similar issue elsewhere in the codebase. Only Token-2022 confidential-transfer tokens were affected. The public post-mortem is dated May 2, 2025.",3,https://decrypt.co/317894/solana-patches-bug-attackers-steal-tokens | https://solana.com/news/post-mortem-may-2-2025 | https://www.coindesk.com/markets/2025/05/05/solana-quietly-fixes-bug-that-could-have-let-attackers-mint-and-steal-certain-tokens
loopscale-2025,2025-04-26,2025,Loopscale,lending,借貸協議,oracle_price_manipulation,預言機 / 價格操縱,,,Manipulated pricing of RateX PT collateral to take undercollateralized loans,5800000.0,5800000.0,0.0,returned_by_attacker,攻擊者歸還（通常保留賞金）,"~5.7M USDC and ~1,200 SOL",Unknown (anonymous exploiter who accepted a white-hat bounty agreement),solana_only,只有 Solana,"2025 年 4 月 26 日，上線僅約兩週的 Solana 借貸協議 Loopscale 遭攻擊，攻擊者操縱以 RateX 本金代幣（PT）為抵押品的定價，借出約 570 萬 USDC 與約 1,200 SOL，損失約 580 萬美元，約占協議 TVL 的 12%。協議隨即暫停借貸市場與金庫提款。",Loopscale 對 RateX PT 抵押代幣的定價機制存在缺陷，攻擊者操縱其價格使抵押品被高估，再以一系列低抵押貸款抽走金庫資金。,Loopscale 以鏈上訊息提出 10% 白帽賞金與免追訴條件，攻擊者接受並歸還資金，用戶未蒙受損失，協議其後逐步恢復功能。,high,"Loss cited as $5.7M-$5.8M. Funds returned under a 10% bounty agreement; reports differ on whether the bounty was netted from returned funds, so net recovery may be ~$5.2M-$5.8M. Detected ~11:30 AM EST April 26.",3,https://coinmarketcap.com/academy/article/loopscale-loses-dollar58-million-in-exploit-two-weeks-after-launch-halts-key-operations | https://www.halborn.com/blog/post/explained-the-loopscale-hack-april-2025 | https://www.theblock.co/post/352083/solana-defi-protocol-loopscale-hit-with-5-8-million-exploit-two-weeks-after-launch
bitopro-2025,2025-05-08,2025,BitoPro,cex,中心化交易所 / 託管,phishing_social_engineering,釣魚 / 社交工程,,,Malware planted on cloud-ops employee's device via social engineering; old hot wallet drained during wallet upgrade,11500000.0,,11500000.0,reimbursed_by_backer,由項目方或投資方賠付,"~$11.5M from an old hot wallet on Ethereum, TRON, Solana and Polygon","Lazarus Group (North Korea), per BitoPro's investigation",multi_chain,多鏈事件（含 Solana 資產）,"台灣交易所 BitoPro 於 2025 年 5 月 8 日熱錢包系統更新期間，遭駭客自舊熱錢包跨 Ethereum、TRON、Solana、Polygon 等鏈未授權提領約 1,150 萬美元。交易所直到 6 月 2 日、在 ZachXBT 公開追問後才正式證實事件。",攻擊者以社交工程手法在負責雲端維運的員工裝置植入惡意程式，取得其雲端存取權限，並在錢包升級、資產轉移期間模擬正常操作進行盜領以避免被即時察覺。,BitoPro 將事件歸因於北韓 Lazarus 集團並已報案，受影響熱錢包以自有儲備補足，稱營運與用戶資產未受影響；被盜資金經 Tornado Cash、THORChain、Wasabi Wallet 等洗錢。,high,"Loss cited as ~$11M-$11.5M. Solana-specific share not quantified but Solana listed among drained chains. Disclosure delayed ~3.5 weeks. recovery_status reflects BitoPro replenishing hot wallets from reserves, not clawback.",3,https://www.bleepingcomputer.com/news/security/bitopro-exchange-links-lazarus-hackers-to-11-million-crypto-heist/ | https://www.coindesk.com/tech/2025/06/02/taiwanese-crypto-exchange-bitopro-likely-hacked-for-usd11m-in-may-zachxbt-says | https://www.theblock.co/news/regulation/2025-06-02-zachxbt-flags-suspicious-11-5m-outflows-from-bitopro-exchanges-hot-wallets-says-it-was-likely-exploited-356522
pypi-solana-token-source-stealer-2025,2025-05-13,2025,PyPI package solana-token,infrastructure_sdk,基礎設施 / SDK,supply_chain,供應鏈攻擊,,,Fake Solana PyPI package exfiltrating source code and developer secrets,,,,unknown,不明,Source code and developer secrets,Unknown,solana_only,只有 Solana,ReversingLabs 於2025年5月13日揭露 PyPI 惡意套件 solana-token，偽裝成 Solana 區塊鏈工具，下架前已被下載 761 次。安裝後會以名為 register_node() 的區塊鏈函式作掩護，把 Python 執行堆疊中檔案的原始碼與開發者機密傳送到寫死的 IP 位址。,開發者安裝名稱看似官方的第三方套件，套件在執行時複製並外洩原始碼與機密。,套件已自 PyPI 移除；ReversingLabs 提醒 Solana 開發者檢查依賴並輪替可能外洩的金鑰。,high,Date is the disclosure date; a package with this name first appeared on PyPI in early April 2024 under a different versioning scheme. No quantified losses.,2,https://thehackernews.com/2025/05/malicious-pypi-package-posing-as-solana.html | https://www.reversinglabs.com/blog/same-name-different-hack-pypi-package-targets-solana-developers
zk-elgamal-proof-bug-2025-06,2025-06-11,2025,ZK ElGamal Proof program / Token-2022 confidential transfers,l1_runtime,L1 核心 / 客戶端 / 驗證節點,protocol_vulnerability,L1 協議層漏洞,crypto_verification,密碼學驗證缺陷,Forgeable sigma OR-proof (prover challenge not absorbed in transcript),0.0,,0.0,not_applicable,不適用（無損失）,None,"Whitehat: zkSecurity researchers (""Phantom Challenge"" bug)",solana_only,只有 Solana,2025 年 6 月，ZK ElGamal Proof 程式再被發現第二個嚴重健全性（soundness）漏洞，惡意證明者可偽造 sigma OR 證明，繞過機密轉帳中的手續費驗證，理論上同樣可導致機密代幣被無限鑄造或餘額被掏空。,證明者產生的某個「挑戰值」（challenge）未被吸收進 Fiat-Shamir transcript，使攻擊者可操控該值構造通過驗證的假證明。,為審慎起見，Token-2022 程式於 2025-06-11 更新以停用機密轉帳，並透過功能開關於主網 epoch 805 起停用 ZK ElGamal 程式以進行更多審計；無已知利用，6 月 25 日發布事後報告，後續另開議題規劃重新啟用。,high,"Date used is the Token-2022 update disabling confidential transfers (2025-06-11); the exact private report date was not verified. Post-mortem published June 25, 2025. Crediting zkSecurity as reporter is an inference from its 'Uncovering the Phantom Challenge' write-up, so treat that attribution as medium confidence.",3,https://blog.zksecurity.xyz/posts/solana-phantom-challenge-bug/ | https://github.com/solana-program/token-2022/issues/657 | https://solana.com/news/post-mortem-june-25-2025
nobitex-2025,2025-06-18,2025,Nobitex,cex,中心化交易所 / 託管,private_key_compromise,私鑰外洩 / 盜用,,,Deep infrastructure intrusion giving control of hot wallets; funds sent to unspendable vanity 'burn' addresses,90000000.0,0.0,90000000.0,none,未追回,"~$90M in BTC, ETH, DOGE, XRP, SOL, TRX, TON and other assets","Predatory Sparrow (Gonjeshke Darande), pro-Israel hacking group (self-claimed)",multi_chain,多鏈事件（含 Solana 資產）,"2025 年 6 月 18 日，伊朗最大加密貨幣交易所 Nobitex 遭親以色列駭客組織 Predatory Sparrow（Gonjeshke Darande）入侵，約 9,000 萬美元的 BTC、ETH、DOGE、XRP、SOL、TRX、TON 等資產自熱錢包被轉走。資金被送往含反伊朗政權標語、無人持有私鑰的虛榮地址而實質銷毀，屬政治動機攻擊。",攻擊者深入滲透 Nobitex 內部基礎設施並取得熱錢包控制權；兩天後更公開其完整原始碼與內部文件，顯示系統遭全面入侵。,被轉走的資金因無對應私鑰而無法追回；Nobitex 停止服務約兩週後才部分恢復營運，事件也揭露其協助規避制裁的疑慮。,high,"Estimates range ~$81M-$100M ($90M most cited). Solana listed among affected chains per Chainalysis; SOL share not quantified. Funds effectively burned, so not recoverable by anyone. Politically motivated (not profit-driven).",3,https://slowmist.medium.com/nearly-100-million-burned-irans-largest-crypto-exchange-nobitex-suffers-major-hack-eafd57b2eac7 | https://www.cnbc.com/2025/06/18/pro-israel-hackers-iran-crypto.html | https://www.trmlabs.com/resources/blog/inside-the-nobitex-breach-what-the-leaked-source-code-reveals-about-irans-crypto-infrastructure
solana-pumpfun-bot-malware-2025,2025-07-02,2025,Malicious GitHub repo 'zldp2002/solana-pumpfun-bot' (dependency bs58-encrypt-utils),trading_bot,交易機器人 / 交易終端,supply_chain,供應鏈攻擊,,,Fake open-source trading bot with malicious dependency stealing keys,,,,none,未追回,Wallet private keys and funds of users who ran the bot,Unknown (proceeds moved to FixedFloat),solana_only,只有 Solana,2025 年 7 月 2 日，一名受害者向 SlowMist 求助，稱執行 GitHub 上的開源專案 solana-pumpfun-bot 後資產被盜。該專案以偽造的星數與分支數營造可信度，實際暗藏竊取私鑰的相依套件。,專案的相依套件未取自官方 npm，而是指向特製的 GitHub 來源（bs58-encrypt-utils 等），執行後掃描本機錢包檔案、擷取私鑰並回傳攻擊者伺服器。,SlowMist 發布威脅情報並提醒使用者在執行涉及錢包的開源程式前先審閱程式碼；被盜資金流向 FixedFloat，未見追回。,medium,"Date is the victim's report to SlowMist. The malicious package bs58-encrypt-utils was reportedly created on June 12, 2025. The sources reviewed do not disclose the victim's loss amount.",3,https://coincentral.com/hackers-use-fake-solana-bot-on-github-to-steal-crypto-wallet-funds/ | https://slowmist.medium.com/a-popular-solana-tool-on-github-conceals-a-crypto-stealing-trap-bfef0aed63d7 | https://www.cryptopolitan.com/slowmist-solana-pumpfun-bot-on-github-theft/
texture-2025,2025-07-09,2025,Texture (Texture Vaults / SuperLendy),yield_vault,收益金庫,smart_contract_bug,合約 / 程式邏輯漏洞,account_validation,帳戶驗證缺失,Missing ownership check on token account in vault rebalance instruction,2200000.0,1980000.0,220000.0,returned_by_attacker,攻擊者歸還（通常保留賞金）,~$2.2M USDC-vault liquidity (via LP tokens redeemed from SuperLendy),Unknown (anonymous exploiter who accepted a 10% bounty),solana_only,只有 Solana,2025 年 7 月 9 日，Solana 收益協議 Texture 的 USDC 金庫（Texture Vaults，底層連接其借貸協議 SuperLendy）遭攻擊，攻擊者利用金庫的再平衡（rebalance）功能轉走約 220 萬美元。該合約雖曾經過審計，漏洞仍被利用，且僅 USDC 金庫受影響。,再平衡操作缺少帳戶所有權檢查，只驗證 SPL 代幣帳戶的 mint 正確而未驗證擁有者；攻擊者傳入自己的代幣帳戶，使金庫把 LP 代幣存入其中，再向 SuperLendy 贖回真實流動性。,Texture 提出保留 10% 作為賞金、歸還其餘 90% 的條件，攻擊者歸還約 198 萬美元並保留約 22 萬美元；修補後的合約經 Certora 獨立審查並重現驗證漏洞已消除。,high,Post-mortem published on X on 2025-07-14. ~$220K retained by attacker as 'greyhat bounty'.,3,https://cryptorank.io/news/feed/9a6a3-texture-finance-hacker-refunds-loot | https://www.mitrade.com/insights/news/live-news/article-3-950065-20250711 | https://x.com/texture_fi/status/1944851497897926737
bigone-2025,2025-07-16,2025,BigONE,cex,中心化交易所 / 託管,supply_chain,供應鏈攻擊,,,"Malicious binaries deployed to account/risk-control servers via compromised CI/CD or server-management channel, bypassing withdrawal checks",27000000.0,,27000000.0,partial,部分追回,"121 BTC, 350 ETH, ~9.69B SHIB, ~538,000 DOGE, ~1,800 SOL, ~8.54M USDT and other tokens",Unknown,multi_chain,多鏈事件（含 Solana 資產）,"2025 年 7 月 16 日，加密貨幣交易所 BigONE 遭供應鏈攻擊，攻擊者自其熱錢包在 Bitcoin、Ethereum、BSC、TRON 與 Solana 等鏈上盜走約 2,700 萬美元，被盜資產包括 121 BTC、350 ETH、約 96.9 億 SHIB、約 53.8 萬 DOGE、約 1,800 SOL 及約 854 萬 USDT。",攻擊者透過遭入侵的 CI/CD 或伺服器管理管道，將惡意程式部署至帳戶與風控相關伺服器，竄改關鍵邏輯並停用安全檢查，在未取得私鑰的情況下批准未授權提款。,BigONE 表示已修補漏洞並恢復服務、用戶資產不受影響，凍結了部分被盜資金，並與執法單位合作追查。,high,"Solana share small (~1,800 SOL, roughly $0.3M at the time) but confirmed stolen. Frozen amount undisclosed, hence recovered_usd null with status partial. BigONE stated user assets were unaffected (loss absorbed by the exchange).",3,https://bravenewcoin.com/insights/bigone-exchange-loses-27-million-in-supply-chain-cyberattack | https://www.guardrail.ai/blog/real-time-lessons-from-bigone-exchange-27m-supply-chain-attack | https://www.halborn.com/blog/post/explained-the-big-one-hack-july-2025
coindcx-2025,2025-07-18,2025,CoinDCX,cex,中心化交易所 / 託管,phishing_social_engineering,釣魚 / 社交工程,,,Malware on employee's work laptop (fake freelance job lure) gave server access to Solana liquidity-provisioning wallet,44200000.0,,44200000.0,reimbursed_by_backer,由項目方或投資方賠付,"~$44M in USDT/USDC from a Solana operational wallet (later consolidated into ~155,830 SOL and ~4,443 ETH)",Unknown; suspected DPRK/Lazarus-style operation by some analysts; Bengaluru police detained the employee whose laptop was compromised (he claimed to be unaware),solana_only,只有 Solana,"印度交易所 CoinDCX 用於在合作交易所提供流動性的內部營運錢包（位於 Solana 鏈）遭入侵，攻擊者在約五分鐘內轉走約 4,400 萬美元的 USDT/USDC，透過 Jupiter 兌換並經跨鏈橋將部分資金轉往 Ethereum，最終集中為約 155,830 SOL 與約 4,443 ETH。攻擊者事前曾於 7 月 16 日以 1 USDT 進行測試交易。",據班加羅爾警方，駭客以假兼職工作誘騙一名 CoinDCX 工程師在公司筆電上安裝惡意程式，藉此取得伺服器層級存取與錢包憑證，進而控制該營運錢包。,CoinDCX 以公司儲備承擔全部損失、客戶資金未受影響，並推出追回金額 25% 的賞金；警方於 7 月 26 日拘留該名工程師，資金追查因跨境錢包而困難。,high,"Loss figures $43.4M-$44.3M. Breach occurred in the early hours of July 19 IST, i.e., July 18 UTC (Blockscope dates it July 18); CoinDCX disclosed July 19. Assets were stolen on Solana; Ethereum involvement was for laundering (Solana->Ethereum bridging). Early reports said 'server breach'; police later described the fake-job malware vector. recovery_status reflects CoinDCX absorbing the loss (company funds), not clawback.",4,https://news.bitcoin.com/indian-exchange-suffers-44m-hack-solana-hot-wallet-compromised-in-sophisticated-attack/ | https://techcrunch.com/2025/07/21/indian-crypto-exchange-coindcx-confirms-44-million-stolen-during-hack | https://www.coindesk.com/web3/2025/07/19/indian-crypto-exchange-coindcx-suffers-44m-hack | https://www.theblock.co/post/364993/coindcx-employee-arrested-police-crypto-theft
npm-kodane-patch-manager-drainer-2025,2025-07-28,2025,npm package @kodane/patch-manager,infrastructure_sdk,基礎設施 / SDK,supply_chain,供應鏈攻擊,,,AI-generated malicious npm package with postinstall Solana wallet drainer,,,,unknown,不明,SOL from wallets on infected developer machines,npm user 'Kodane',solana_only,只有 Solana,"npm 套件 @kodane/patch-manager 自2025年7月28日起上傳，偽裝成「NPM 登錄快取管理工具」，下架前被下載逾 1,500 次。它透過 postinstall 腳本在各作業系統隱藏檔案，找到 Solana 錢包後把資金轉到寫死的地址，只留下手續費。Socket 研判其程式碼由 AI 生成。",惡意 postinstall 腳本在安裝時自動執行並常駐，掃描並掏空 Solana 錢包。,套件遭下架；攻擊地址交易活躍，但實際損失金額未被量化。,high,19 versions published over two days from 2025-07-28 (date used); disclosed by Socket in early August 2025. Artifacts suggest the code was generated with an AI assistant.,2,https://securityaffairs.com/180680/malware/malicious-ai-generated-npm-package-hits-solana-users.html | https://thehackernews.com/2025/08/ai-generated-malicious-npm-package.html
npm-solana-scan-infostealer-2025,2025-08-15,2025,"npm packages solana-pump-test, solana-spl-sdk, solana-pump-sdk",infrastructure_sdk,基礎設施 / SDK,supply_chain,供應鏈攻擊,,,Fake Solana SDK 'scanner' packages delivering an infostealer,,,,unknown,不明,"Wallet keys, files and developer credentials","Unknown (campaign 'Solana-Scan', apparently targeting Russian-speaking developers)",solana_only,只有 Solana,Safety 揭露名為 Solana-Scan 的惡意套件行動：2025年8月15日起發布的 solana-pump-test、solana-spl-sdk 等 npm 套件偽裝成 Solana SDK 掃描工具，實際散布資訊竊取程式。惡意程式掃描使用者目錄與磁碟，搜尋錢包金鑰與開發憑證並外洩，目標疑似為俄語加密貨幣開發者。,攻擊者以相似名稱與看似合法的功能誘使開發者安裝，安裝後執行竊密程式。,部分套件已自 npm 移除；未公布實際損失金額。,high,First package published 07:37 UTC on 2025-08-15 with 14 versions in ~10 hours. No quantified losses.,2,https://cybernews.com/crypto/solana-scan-campaign-russian-crypto-devs/ | https://www.theregister.com/2025/08/18/solana_infostealer_npm_malware/
swissborg-kiln-2025,2025-09-08,2025,SwissBorg Solana Earn via Kiln staking API,staking,質押服務,third_party_compromise,第三方服務遭入侵,,,Compromised staking-provider API (stolen GitHub token) reassigning stake authority,41000000.0,,41000000.0,reimbursed_by_backer,由項目方或投資方賠付,"~193,000 SOL",Unknown,solana_only,只有 Solana,"2025 年 9 月 8 日，瑞士加密理財平台 SwissBorg 用於 Solana 質押的錢包遭盜約 19.3 萬枚 SOL（約 4,100 萬美元），僅影響 Solana Earn 產品（約 1% 用戶、2% 管理資產）。攻擊經由其質押合作夥伴 Kiln 的 API 進行。",攻擊者竊取 Kiln 基礎設施工程師的 GitHub 存取權杖，在 Kiln Connect API 中植入惡意負載；8 月 31 日一筆看似例行的 975 SOL 解除質押交易暗中將多個質押帳戶的權限轉給攻擊者，8 天後在約 3 分鐘內全數提走。,SwissBorg 承諾以其 Solana 國庫全額補償受影響用戶；Kiln 展開調查，並作為預防措施有序退出其 Ethereum 驗證者，造成質押/解除質押延遲。,high,"Some reports cite ~192,600 SOL; USD value was ~$41M at the time. The preparatory authority-change transaction happened Aug 31, 2025, and the drain on Sep 8. SwissBorg is a custodial wealth/exchange app; Kiln is the compromised third party. Any partial freezes or recoveries not verified.",5,https://cointelegraph.com/news/swissborg-hacked-41m-sol-api-compromise | https://protos.com/swissborg-ceo-blames-41m-loss-on-staking-partner-kiln/ | https://swissborg.com/blog/swissborg-security-update-kiln-breach | https://www.crowdfundinsider.com/2025/09/250488-crypto-security-breach-swissborg-faces-41m-solana-theft/ | https://www.theblock.co/post/370141/kiln-exits-ethereum-validators
marginfi-flash-loan-bypass-disclosure-2025,2025-09-17,2025,marginfi,lending,借貸協議,smart_contract_bug,合約 / 程式邏輯漏洞,control_flow,控制流程錯誤,New transfer_to_new_account instruction bypassed flash-loan repayment checks,0.0,,0.0,not_applicable,不適用（無損失）,None,Disclosed by Felix Wilhelm (Asymmetric Research) via bug bounty,solana_only,只有 Solana,Asymmetric Research 於2025年9月17日公開 marginfi 閃電貸漏洞：新增的 transfer_to_new_account 指令可在閃電貸期間把負債轉到新帳戶，繞過以指令內省確保還款的檢查。攻擊者可借款而不還，逾 1.6 億美元存款曾處於風險。,閃電貸依賴指令內省確認還款，但新指令允許在貸款期間轉移帳戶負債，且未被納入閃電貸流程的限制。,marginfi 迅速修補，禁止在閃電貸期間轉移帳戶並阻止停用帳戶用於還款；未有資金損失。,high,"Date is the public disclosure; the report and patch preceded it. $160M is deposits at risk, not a loss.",2,https://blockworks.co/news/marginfi-flash-loan-bug | https://blog.asymmetric.re/threat-contained-marginfi-flash-loan-vulnerability/
rust-crates-faster-log-2025,2025-09-24,2025,Malicious crates.io packages faster_log and async_println,infrastructure_sdk,基礎設施 / SDK,supply_chain,供應鏈攻擊,,,Typosquatted Rust crates scanning source files for private keys,,,,unknown,不明,Solana (Base58/byte-array) and Ethereum private keys found in developer code/logs,Unknown (crates.io accounts 'rustguruman' and 'dumbnbased'),multi_chain,多鏈事件（含 Solana 資產）,"Socket 發現兩個仿冒熱門日誌函式庫 fast_log 的惡意 Rust crate（faster_log、async_println），自 2025 年 5 月 25 日上架後累計下載約 8,400 次。它們保留正常日誌功能作掩護，同時掃描開發者檔案中的 Solana 與 Ethereum 私鑰並外傳。",開發者誤用名稱近似的惡意套件；程式在日誌打包流程中以正規表示式搜尋 Solana Base58 私鑰、位元組陣列及 0x 開頭的以太坊私鑰，再以 HTTP POST 傳至寫死的 C2 端點。,crates.io 於 2025-09-24 移除兩個 crate 並停權發布帳號，Rust 官方部落格發布公告；未有公開的損失金額。,high,"Published May 25, 2025; removed and disclosed Sep 24, 2025 (date used). Downloads were ~7,200 (faster_log) and ~1,200 (async_println), 8,424 total per The Hacker News. No confirmed theft amounts.",3,https://blog.rust-lang.org/2025/09/24/crates.io-malicious-crates-fasterlog-and-asyncprintln | https://socket.dev/blog/two-malicious-rust-crates-impersonate-popular-logger-to-steal-wallet-keys | https://thehackernews.com/2025/09/malicious-rust-crates-steal-solana-and.html
garden-finance-2025,2025-10-30,2025,Garden Finance (solver),bridge,跨鏈橋,private_key_compromise,私鑰外洩 / 盜用,,,Solver private key leaked from compromised device/server (suspicious SSH access),11000000.0,0.0,11000000.0,none,未追回,~$11M of solver-owned assets across multiple chains incl. Solana (Solana holdings bridged to Ethereum via Mayan),Unknown,multi_chain,多鏈事件（含 Solana 資產）,"2025 年 10 月 30 日，比特幣跨鏈橋 Garden Finance 的一個做市求解器（solver）遭入侵，攻擊者跨多條鏈轉走約 1,100 萬美元屬於該 solver 的資產，其中 Solana 上的資產其後經 Mayan 跨鏈轉往 Ethereum。",據 Garden 事件報告，solver 私鑰因裝置遭入侵而外洩，伺服器 SSH 日誌顯示 10 月 30 日有來自多個 IP 的可疑存取，攻擊者藉此控制 solver 運作環境並提走資金。,Garden 暫停面向用戶的服務，稱協議本身與用戶資金未受影響，並代 solver 透過鏈上訊息提出 10% 白帽賞金但未獲回應；團隊持續與執法單位及安全團隊追查資金。,medium,Estimates range ~$5.5M (early Cryptopolitan) to ~$11M-$11.4M (Garden report / Crypto Briefing). Solana-side amount not separately quantified; Solana involvement based on the incident report's statement that attacker-held Solana assets were bridged out via Mayan. A separate ~$450K Garden incident in 2026 is out of scope.,3,https://cryptobriefing.com/garden-finance-bridge-11m-hack/ | https://garden.finance/blog/garden-incident-report-october-30-2025 | https://www.cryptopolitan.com/garden-finance-exploit-multiple-chains/
crypto-copilot-chrome-extension-2025,2025-11-25,2025,Crypto Copilot (Chrome extension),trading_bot,交易機器人 / 交易終端,supply_chain,供應鏈攻擊,,,Malicious browser extension appending a hidden SOL transfer to Raydium swaps,,,,none,未追回,SOL skimmed per swap (min 0.0013 SOL or 0.05% of trade),Unknown (receiving wallet Bjeida13AjgPaUEU9xrh1iQMwxZC7QDdvSfg73oxQff7),solana_only,只有 Solana,Socket 於2025年11月揭露 Chrome 擴充功能 Crypto Copilot：它宣稱可直接在 X 動態中交易 Solana 代幣，實際上會在每筆 Raydium 兌換中暗中附加一筆轉帳，把至少 0.0013 SOL 或交易額 0.05% 轉到攻擊者錢包。該擴充自2024年6月即上架 Chrome 線上應用程式商店。,擴充功能自行組裝交易，在合法兌換指令後附加隱藏的轉帳指令，使用者在錢包簽署時沒有察覺；程式碼經過混淆，並用拼錯的後端網域掩飾。,Socket 已向 Google 申請下架；由於使用者僅約 15 人，實際被竊金額不大。,high,"Extension published 2024-06-18; disclosure date used. Small user base (~15 installs), so on-chain theft was small and not precisely quantified.",2,https://decrypt.co/350240/malware-chrome-extension-secretly-siphoned-fees-from-solana-traders-for-months | https://socket.dev/blog/malicious-chrome-extension-injects-hidden-sol-fees-into-solana-swaps
upbit-2025,2025-11-26,2025,Upbit,cex,中心化交易所 / 託管,private_key_compromise,私鑰外洩 / 盜用,,,Solana-network hot wallet compromise (suspected admin account compromise/impersonation; wallet flaw later found),30000000.0,1500000.0,28500000.0,partial,部分追回,"~44.5B KRW of 20+ Solana-network tokens incl. SOL, USDC, BONK, JUP, RAY, RENDER, ORCA, PYTH","Suspected Lazarus Group (North Korea), per South Korean authorities' preliminary assessment",solana_only,只有 Solana,"南韓最大交易所 Upbit 於 2025 年 11 月 27 日 04:42（韓國時間）偵測到一個 Solana 網路熱錢包出現異常提領，SOL、USDC、BONK、JUP、RAY、RENDER、ORCA、PYTH 等二十餘種 Solana 生態代幣被轉至外部地址。損失經修正為約 445 億韓元（約 3,000 萬美元），初估為 540 億韓元（約 3,600 萬美元）。",熱錢包遭未授權存取；南韓當局懷疑攻擊者入侵或冒充管理員帳號，Upbit 其後披露在調查中發現錢包系統存在重大安全漏洞。,Upbit 暫停 Solana 網路出入金、將剩餘資產移至冷錢包，以公司資金全額賠付客戶損失（386 億韓元，另自身損失 59 億韓元），並凍結約 23 億韓元資產；南韓當局懷疑北韓 Lazarus 所為並展開調查。,high,UTC date is Nov 26 (04:42 KST Nov 27 = 19:42 UTC Nov 26). Loss: initial 54B KRW (~$36M) revised to 44.5B KRW (~$30M; some outlets $32M). recovered_usd = ~2.3B KRW (~$1.5M) frozen; customers (38.6B KRW) fully reimbursed by Upbit. Reporting on Upbit's disclosed wallet flaw indicated private keys could potentially be inferred from public on-chain transaction data; exact mechanism not independently verified here. Occurred on the day of the Dunamu-Naver merger news.,4,https://finance.yahoo.com/news/upbit-finds-critical-wallet-flaw-103025503.html | https://www.coindesk.com/markets/2025/11/28/south-korea-suspects-north-korea-linked-lazarus-behind-usd36m-upbit-hack | https://www.coindesk.com/markets/2025/11/28/upbit-reveals-5-9b-won-corporate-loss-in-latest-hack-fully-reimburses-users | https://www.halborn.com/blog/post/explained-the-upbit-hack-november-2025
solana-owner-permission-phishing-2025,2025-12-03,2025,Individual Solana wallet user (SlowMist-assisted case),wallet,錢包,phishing_social_engineering,釣魚 / 社交工程,,,Phishing transaction using 'assign' instruction to change account Owner (owner-permission hijack),3000000.0,0.0,3000000.0,none,未追回,>$3M in assets from victim's Solana account,Unknown,solana_only,只有 Solana,SlowMist 於 2025 年 12 月初發出警示，指其協助調查一起 Solana 釣魚案件：受害者簽署惡意交易後，帳戶的 Owner 權限被轉移給攻擊者，導致超過 300 萬美元資產被盜，另有約 200 萬美元資產卡在 DeFi 協議中無法動用。此手法與 TRON 上常見的「惡意多簽」攻擊類似。,攻擊者誘導受害者簽署含 Solana 內建 assign 指令的交易以修改帳戶 Owner 欄位；因變更不會造成代幣餘額變化，用戶與錢包模擬難以察覺，受害者隨即失去轉帳、撤銷授權及操作 DeFi 部位的能力。,在相關 DeFi 協議協助下，受困的約 200 萬美元資產已被救回；SlowMist 在其 2025 年度報告中將 Solana 錢包 Owner 權限竄改列為代表性釣魚手法之一，提醒用戶簽署前仔細檢視交易內容。,medium,"Exact attack date not disclosed; date is SlowMist's first alert (reported Dec 3; English X post Dec 4, 2025 UTC). Victim anonymous. loss_usd counts only the >$3M actually stolen; an additional ~$2M of the victim's assets locked in DeFi protocols (total exposure ~$5M) was later rescued with the protocols' help, which is why recovered_usd is 0 for the stolen portion.",3,https://coinpaper.com/12892/solana-user-loses-3-m-as-hidden-wallet-permissions-exploited | https://slowmist.medium.com/beware-of-solana-phishing-attacks-wallet-owner-permissions-may-be-altered-708bbb30518e | https://x.com/SlowMist_Team/status/1996528328061382860
solana-6tbps-ddos-2025,2025-12-16,2025,Solana Mainnet,l1_runtime,L1 核心 / 客戶端 / 驗證節點,dos_attack,阻斷服務攻擊,,,Week-long volumetric DDoS peaking near 6 Tbps,0.0,,0.0,not_applicable,不適用（無損失）,None,Unknown,solana_only,只有 Solana,Solana 於2025年12月16日表示網路已承受約一週的持續 DDoS 攻擊，流量峰值接近 6 Tbps，被形容為史上對分散式系統規模第四大的 DDoS。攻擊期間區塊照常產出，確認時間中位數約 450 毫秒，沒有停機或手續費明顯上升。,攻擊者以大量封包灌爆 Solana 網路基礎設施；過去類似流量曾導致停擺，但 QUIC、依質押加權的 QoS 與優先費用等機制已能吸收衝擊。,網路未受影響；Anatoly Yakovenko 表示攻擊成本高昂卻無法造成中斷，顯示網路韌性已提升。,high,Deliberate DoS with no service impact and no vulnerability exploited. The attack began roughly a week before the Dec 16 statement (date used).,3,https://cointelegraph.com/news/solana-reportedly-hit-by-ddos-attack-but-network-remains-online | https://fastnetmon.com/2025/12/18/solana-reports-stable-network-operation-during-sustained-multi-terabit-ddos-attack/ | https://unchainedcrypto.com/solana-withstands-week-long-ddos-attack/
agave-gossip-vote-vulns-2026,2026-01-10,2026,Agave / Jito validator clients (gossip and vote processing),l1_runtime,L1 核心 / 客戶端 / 驗證節點,protocol_vulnerability,L1 協議層漏洞,input_handling_dos,輸入處理不當（節點崩潰 / 阻斷服務）,Gossip defragmentation crash and vote-censoring via unauthenticated votes,0.0,,0.0,not_applicable,不適用（無損失）,None,Whitehat: undisclosed researcher(s) via Anza GitHub Security Advisories,solana_only,只有 Solana,2025 年 12 月有研究者透過 GitHub 安全通報向 Anza 揭露兩個關鍵漏洞：一個可藉 gossip 協定讓驗證節點崩潰，另一個可發動投票審查攻擊，若大規模執行可能使共識停滯。Solana 於 2026 年 1 月 10 日發布標示為「緊急」的 Agave v3.0.14 修補。,gossip 需將大於單一封包的重複 shred 證明放入重組（defragmentation）緩衝區再驗證，其處理邏輯可被濫用致節點崩潰；另 VoteStorage 實作缺少投票授權檢查，攻擊者可灌入無效投票排擠合法投票。,Anza 與 Firedancer、Jito、Solana Foundation 協作修補（Agave/Jito v3.0.14、Frankendancer 0.808.30014），無已知攻擊；發布一天後僅約 18% 質押升級，引發對快速協調升級能力的討論，Anza 於 1 月 16 日發布安全修補摘要。,high,"Date is the v3.0.14 release (Jan 10, 2026). Private disclosure was in Dec 2025, and Anza's summary was published Jan 16, 2026. One day after release only ~18% of stake was on v3.0.14; at one point ~51% was still on v3.0.13. The sources reviewed do not name the reporter. Solana Foundation delegation criteria later listed v3.0.14 as a required version.",3,https://coincentral.com/solana-urgent-patch-reveals-how-easily-hackers-could-have-stalled-network/ | https://cryptoslate.com/terrifying-solana-flaw-just-exposed-how-easily-the-always-on-network-could-have-been-stalled-by-hackers/ | https://www.anza.xyz/blog/january-2026-gossip-and-vote-processing-security-patch-summary
step-finance-2026,2026-01-31,2026,Step Finance,other,其他,private_key_compromise,私鑰外洩 / 盜用,,,"Compromised executive devices exposed treasury/fee wallet keys; attacker unstaked and moved ~261,854 SOL",27300000.0,4700000.0,22600000.0,partial,部分追回,"SOL (~261,854 SOL unstaked), plus other treasury/fee-wallet assets",Unknown,solana_only,只有 Solana,"2026年1月31日，Solana 投資組合管理平台 Step Finance 的國庫與手續費錢包遭入侵，攻擊者解除質押並轉走約 261,854 枚 SOL，初步估計損失約 2,700 萬至 2,900 萬美元，項目方後來稱總損失約 4,000 萬美元。攻擊並非針對智能合約，而是透過入侵執行團隊成員的裝置取得錢包權限。",執行團隊成員的裝置遭入侵（疑似社交工程或釣魚），導致高價值國庫錢包私鑰或簽署權限外洩；國庫缺乏冷錢包、多簽與端點防護等隔離措施。,透過 Token22 保護機制與合作方協調追回約 470 萬美元（約 370 萬美元 Remora 資產及 100 萬美元其他部位）；STEP 代幣暴跌逾九成，Step Finance 於 2026年2月23日宣布連同 SolanaFloor 與 Remora Markets 全面停止營運，並以駭客事件前快照為基準辦理 STEP 回購與 Remora 贖回。,high,"Loss estimates vary: $27.3M (PeckShield/Defimon), ~$27M (CoinDesk), ~$29-30M (The Block, SOL value at time), ~$40M (Step Finance's later total including other assets). loss_usd uses the widely cited PeckShield figure. Recovered ~$4.7M ($3.7M Remora assets + $1M other positions). Blockaid's H1 2026 report grouped Step Finance with Drift under key-compromise losses, and media summaries mention DPRK links ambiguously; no confirmed attribution for Step Finance was found, so it is left as Unknown.",3,https://www.bleepingcomputer.com/news/security/step-finance-says-compromised-execs-devices-led-to-40m-crypto-theft/ | https://www.coindesk.com/business/2026/02/24/step-finance-shuts-operations-after-usd27-million-january-hack | https://www.theblock.co/news/ecosystems/2026-01-31-solana-defi-platform-step-finance-investigating-29-million-treasury-wallet-compromise-387919
axiom-insider-wallet-data-abuse-2026,2026-02-26,2026,Axiom Exchange,trading_bot,交易機器人 / 交易終端,insider_threat,內部人員作案,,,Employee abused internal support dashboards to look up users' linked wallets for insider trading,,,,unknown,不明,User wallet-linkage and registration data (no direct fund theft reported),"Axiom employee(s), alleged by ZachXBT",solana_only,只有 Solana,ZachXBT 於2026年2月26日指控 Solana 交易平台 Axiom Exchange 的資深員工濫用內部客服工具，查詢使用者的關聯錢包地址與註冊資料，並分享給小團體追蹤知名交易者以進行內線交易。Axiom 承認有人濫用內部工具查詢使用者錢包。,內部客服儀表板缺乏最小權限控管與存取稽核，員工可任意查詢敏感的使用者錢包對應資料。,Axiom 移除相關工具存取權並表示將追究責任；事件凸顯交易終端集中保存使用者資料的隱私風險。,medium,"Harm is privacy abuse and alleged insider trading, not theft of custodial funds; allegations remain unadjudicated. Screenshots cited date to April and August 2025.",2,https://www.coindesk.com/markets/2026/02/26/zachxbt-alleges-axiom-employee-conducted-insider-trading | https://www.theblock.co/post/391423/zachxbt-investigation-into-alleged-employee-insider-trading
certik-big-mod-exp-dos-2026,2026-02-27,2026,Solana runtime (big_mod_exp syscall),l1_runtime,L1 核心 / 客戶端 / 驗證節點,protocol_vulnerability,L1 協議層漏洞,resource_exhaustion,資源耗盡（交易洪水 / 缺乏流量控管）,Compute-unit mispricing (bits vs bytes) in the big-integer modular exponentiation syscall,0.0,,0.0,not_applicable,不適用（無損失）,None,Disclosed by CertiK (white hat),solana_only,只有 Solana,"CertiK 於2026年2月27日公開其協助修補的 Solana 漏洞：big_mod_exp 系統呼叫（支援最多 4,096 位元的大整數模冪運算）計算運算單位（CU）成本時混用位元與位元組，實際資源消耗與收費嚴重不符。攻擊者可用極低成本讓驗證者承受大量運算，構成遠端阻斷服務風險。",CU 成本公式的單位錯誤，使昂貴的運算被嚴重低估定價。,Solana 重新基準測試後改用更精確的 N²/2 + 190 成本模型修正；未有已知遭利用。,medium,Date is the public write-up; the original report/fix dates and the syscall's mainnet activation status at the time are not stated in available coverage.,2,https://www.certik.com/blog/technical-deep-dive-or-certik-helped-fix-a-dos-vulnerability-in-solanas-big | https://www.crowdfundinsider.com/2026/03/264977-blockchain-security-firm-certik-serves-key-role-in-securing-solana-against-denial-of-service-threat/
quinn-quic-dos-2026,2026-03-09,2026,Quinn QUIC library (quinn-proto) used by Agave validators,l1_runtime,L1 核心 / 客戶端 / 驗證節點,protocol_vulnerability,L1 協議層漏洞,input_handling_dos,輸入處理不當（節點崩潰 / 阻斷服務）,Remote unauthenticated DoS via malformed QUIC transport parameters,0.0,,0.0,not_applicable,不適用（無損失）,None,Whitehat: disclosed via RustSec advisory (reporter not verified),multi_chain,多鏈事件（含 Solana 資產）,2026 年 3 月，Rust QUIC 函式庫 Quinn 被揭露可遭遠端未經認證攻擊者以特製 QUIC Initial 封包觸發 panic 的阻斷服務漏洞（RUSTSEC-2026-0037）。由於 Agave 驗證者依賴 Quinn，Solana 驗證者社群被強烈建議立即升級至 Agave 3.1.10，以免節點被遠端擊垮。,quinn-proto 解碼 quic_transport_parameters 時對攻擊者可控的 varint 使用 unwrap()，截斷的編碼會產生 UnexpectedEnd 錯誤並導致 panic，影響 0.11.14 之前版本。,Quinn 於 0.11.14 修補，Agave 發布 3.1.10 納入修正並呼籲主網驗證者儘速升級；未見針對 Solana 主網的實際攻擊報告。,medium,"This is a third-party dependency flaw affecting many projects, hence the multi_chain scope. It is included because Solana validators were urged to upgrade to Agave 3.1.10. The advisory date (Mar 9, 2026) and the link between RUSTSEC-2026-0037 and Agave 3.1.10 come from secondary summaries. The associated CVE ID was not verified.",2,https://chainflowsol.substack.com/p/solana-foundation-validator-discussion-173 | https://rustsec.org/advisories/RUSTSEC-2026-0037.html
bonk-fun-domain-hijack-2026,2026-03-11,2026,BONK.fun,launchpad,發幣平台,frontend_account_compromise,前端 / 社群帳號入侵,,,Social engineering of domain provider; domain moved to external registrar and wallet drainer injected behind a fake Terms of Service signature,30000.0,,30000.0,reimbursed_by_backer,由項目方或投資方賠付,SOL and SPL tokens from ~35 connected wallets,Unknown,solana_only,只有 Solana,2026年3月11日，Solana 迷因幣發射平台 BONK.fun 的網域遭攻擊者以社交工程手法從網域服務商轉移到外部註冊商，並在網站植入錢包盜取程式。訪客被要求簽署偽造的「服務條款」訊息，實際上授權攻擊者轉走錢包中的代幣，約 35 個錢包受害、損失約 2.3 萬至 3 萬美元。,網域服務商遭社交工程，攻擊者取得網域控制權並部署惡意前端；平台內部系統、程式碼與團隊帳號未遭入侵。,網域於3月18日取回，平台3月19日重新上線，並以 110% 賠償受影響使用者。,high,On-chain analysis put losses at ~$23K; the team confirmed ~$30K. Distinct from the July 2026 BonkDAO governance attack already in the database.,3,https://ambcrypto.com/bonk-fun-relaunches-after-domain-hijack-confirms-30k-in-losses/ | https://news.bitcoin.com/solana-meme-coin-launchpad-bonk-fun-hit-by-domain-hijack-and-wallet-drainer-attack/ | https://solanafloor.com/news/bonk-fun-s-domain-hijacked-with-wallet-draining-prompt
npm-typosquat-raydium-bs58-2026,2026-03-24,2026,"Malicious npm packages raydium-bs58, base-x-64, base_xd, bs58-basic, ethersproject-wallet",infrastructure_sdk,基礎設施 / SDK,supply_chain,供應鏈攻擊,,,Typosquatted npm packages hooking Base58 decode to exfiltrate keys via Telegram,,,,unknown,不明,Solana and Ethereum private keys of developers/bots,Unknown (npm account 'galedonovan'; Telegram bot @Test20131_Bot),multi_chain,多鏈事件（含 Solana 資產）,Socket 威脅研究團隊於 2026 年 3 月 24 日揭露五個由同一帳號發布的惡意 npm 套件，偽裝成 Raydium、bs58、base-x 與 ethers 相關工具，鎖定 Solana 與以太坊開發者。套件會在正常功能執行前把私鑰送往攻擊者的 Telegram 機器人，使錢包可被掏空。,針對 Solana 的套件劫持 Base58 decode() 呼叫——Solana 私鑰常以 Base58 編碼——在解碼時擷取私鑰並外傳，開發者誤裝近似名稱套件即中招。,相關套件經回報後下架；未有公開的受害金額統計，研究者建議鎖定相依版本並檢查套件發布者。,medium,The original Socket write-up is not linked here; details come from secondary coverage. No confirmed USD losses. JFrog also reported a separate June 2026 'Solana FakeFix' campaign (25 npm/PyPI packages such as solana-web3-stable and @solana-labs/web3.js). It has no entry here because its exact disclosure date could not be verified.,2,https://cybersecuritynews.com/five-malicious-npm-packages/ | https://dev.to/ohmygod/supply-chain-key-theft-in-npm-how-5-typosquatted-packages-silently-drain-solana-and-ethereum-3pk1
drift-2026,2026-04-01,2026,Drift Protocol,perp_derivatives,永續合約 / 衍生品,phishing_social_engineering,釣魚 / 社交工程,,,Social-engineered Security Council signers pre-signed durable-nonce transactions transferring admin control; attacker then listed fake CVT collateral with attacker-controlled oracle and drained vaults,285000000.0,,285000000.0,none,未追回,"USDC, JLP, SOL, USDT, JUP, USDS, WBTC, WETH (from ~20 vaults)","North Korea (DPRK); TRM Labs and Elliptic attribute to DPRK-linked actors; Drift attributed with medium-high confidence to UNC4736 (AppleJeus / Citrine Sleet), same group as the Oct 2024 Radiant Capital hack",solana_only,只有 Solana,2026年4月1日，Solana 最大永續合約交易所 Drift Protocol 在約 12 分鐘內被盜走約 2.85 億美元，佔其總鎖倉量一半以上，為 2026 年最大 DeFi 駭客事件、Solana 史上第二大攻擊。攻擊者長期偽裝成量化交易公司接近團隊，誘使安全委員會多簽成員預先簽署利用 durable nonce 的交易，於數週後一次執行奪取管理權限。取得權限後，攻擊者將自製的假代幣 CVT 列為抵押品並以自控預言機報價，存入 5 億枚 CVT 後借出 USDC、SOL、ETH 等真實資產。,Solana durable nonce 讓交易「現在簽署、任意時間執行」，簽署者在不理解交易內容下預簽了轉移管理權的交易；加上 3月26–27日安全委員會遷移為 2/5 門檻且零時間鎖，使攻擊者只需兩個簽名即可立即接管協議並修改抵押品與預言機參數。,約 2.32 億美元 USDC 透過 Circle CCTP 跨鏈至以太坊，Circle 因未凍結而遭批評並面臨擬議集體訴訟；Drift 獲 Tether 領投約 1.48 億美元支援（含 1 億美元營收掛鉤信貸額度）並改以 USDT 為結算資產，另於 5 月提出按損失 1:1 空投「復原代幣」的補償方案，惟初期補償池僅約 380 萬美元。,high,"Loss estimates: >$270M (CoinDesk early), $285M (TRM/PeckShield/CertiK), $286M (Elliptic), $295M (CoinDesk May recovery-plan article). Staging began ~Mar 11-12 (CVT minted, 750M supply, wash-traded on Raydium near $1); Security Council migrated to 2/5 with zero timelock Mar 26-27; new durable nonce account appeared Mar 30; two pre-signed txs four slots apart executed Apr 1. Category could also be read as governance/admin key compromise. No attacker funds recovered as of sources reviewed; the Tether-led ~$148M package is support/credit, not recovery. A lower-quality source claims the insurance fund covered ~$45M and that a 5-of-9 multisig with mandatory timelocks was adopted; not independently verified. Anatoly Yakovenko's IOU-airdrop suggestion and DRIFT deposits to exchanges by a team-linked wallet drew backlash. CertiK noted formal DPRK attribution was unconfirmed when its H1 report was published.",3,https://www.chainalysis.com/blog/lessons-from-the-drift-hack/ | https://www.coindesk.com/tech/2026/04/02/how-a-solana-feature-designed-for-convenience-let-an-attacker-drain-usd270-million-from-drift | https://www.trmlabs.com/resources/blog/north-korean-hackers-attack-drift-protocol-in-285-million-heist
meteora-otc-scam-2026,2026-04-30,2026,Meteora,dex_amm,去中心化交易所 / AMM,phishing_social_engineering,釣魚 / 社交工程,,,Fake OTC counterparty/escrow during MET token buyback,1500000.0,,1500000.0,unknown,不明,USDC,Unknown OTC scammer,solana_only,只有 Solana,Solana 流動性協議 Meteora 在其 2026 年第一季代幣持有人報告中揭露，團隊在進行 MET 代幣回購時，透過場外交易（OTC）遭詐騙者騙走約 150 萬美元 USDC。此事件屬於針對協議國庫的社交工程詐騙，而非智能合約漏洞。,團隊在場外交易回購中信任了假冒的交易對手或託管安排，未採用鏈上原子交換或可信託管，導致資金先行轉出後無法取回。,"Meteora 表示已向當地警方報案，但未公開詐騙者身分或交易細節，也未說明是否有機會追回資金；協議稱季末國庫仍有約 3,280 萬美元。",medium,"The exact incident date was not disclosed; it happened sometime in Q1 2026 (Jan-Mar). The date field uses the approximate public disclosure date (coverage of the Q1 token-holder report, ~Apr 30, 2026), so this entry's place in the date order is approximate. Only secondary coverage of Meteora's report was reviewed.",2,https://crypto.news/meteora-reports-1-5-million-otc-scam-loss-in-q1-met-report/ | https://pineanalytics.substack.com/p/meteora-q1-2026-quarterly-report
anchor-account-validation-advisories-2026,2026-05-07,2026,Anchor framework (anchor-lang),infrastructure_sdk,基礎設施 / SDK,smart_contract_bug,合約 / 程式邏輯漏洞,account_validation,帳戶驗證缺失,Framework validation bypass: Program<System> accepted any program id; InterfaceAccount allowed account-type substitution,0.0,,0.0,not_applicable,不適用（無損失）,None,Reported by Matthias1590 and acheroncrypto,solana_only,只有 Solana,"2026年5月，Solana 最主流的智慧合約框架 Anchor 發布兩項高風險安全公告：Program<'info, System> 的驗證邏輯錯誤會接受任意程式 ID 作為系統程式（CVE-2026-45137），而 InterfaceAccount 因停用判別碼檢查可被替換成非預期的帳戶類型。依賴這些型別的程式可能遭 CPI 程式替換或帳戶偽造攻擊。",Program 型別以 Pubkey::default() 決定驗證行為，而系統程式 ID 恰為全零公鑰，導致驗證被略過；另一項變更則停用了 InterfaceAccount 的判別碼驗證。,Anchor 於 1.0.0-rc.2 與 1.0.2 修補並呼籲開發者立即升級；未有已知遭利用案例。,high,"Two related advisories published May 7-8, 2026. Affected Anchor 1.0 release candidates and 1.0.0-1.0.1; older 0.x lines are not listed as affected. Deployed programs needed rebuilding to pick up fixes.",2,https://github.com/advisories/GHSA-429q-fhh4-r6hj | https://github.com/advisories/GHSA-c6rc-8jpp-2fgc
trapdoor-supply-chain-2026,2026-05-29,2026,TrapDoor malicious package campaign (npm / PyPI / crates.io),infrastructure_sdk,基礎設施 / SDK,supply_chain,供應鏈攻擊,,,"34+ malicious developer packages stealing wallet files, SSH keys and cloud credentials",,,,unknown,不明,"Solana, Sui and Aptos wallet data; SSH keys, AWS credentials, GitHub tokens, browser data",Unknown,multi_chain,多鏈事件（含 Solana 資產）,2026年5月下旬，資安研究人員揭露名為 TrapDoor 的供應鏈攻擊活動，在 npm、PyPI 與 Crates.io 上架超過 34 個偽裝成一般開發工具或安全工具的惡意套件。這些套件專門鎖定加密貨幣與雲端開發者，竊取 Solana、Sui、Aptos 錢包檔案以及 SSH 金鑰、AWS 憑證與 GitHub 權杖等敏感資料。,開源套件庫對新上架套件的惡意行為審查不足，開發者安裝未經驗證的相依套件後，安裝腳本或程式碼即可讀取本機錢包與憑證檔案並外傳。,所查資料未確認這些套件是否已被移除；公開資料也未顯示確定的受害金額或攻擊者身分。,medium,Date is the CoinDesk report date; the campaign start date was not verified. Only one source was reviewed. No quantified losses. This is a multi-ecosystem campaign with Solana wallets among the targets. The Injective SDK npm compromise (July 2026) surfaced in searches but was excluded as non-Solana.,1,https://www.coindesk.com/tech/2026/05/29/solana-sui-and-aptos-wallet-data-targeted-in-trapdoor-package-attack
raydium-legacy-amm-v3-2026,2026-06-10,2026,Raydium (legacy AMM V3 pools),dex_amm,去中心化交易所 / AMM,smart_contract_bug,合約 / 程式邏輯漏洞,account_validation,帳戶驗證缺失,Forged LP token mint accepted by deprecated AMM V3 program due to missing LP mint validation,1340000.0,,1340000.0,reimbursed_by_backer,由項目方或投資方賠付,"~893,700 USDC, ~5,603 SOL, ~150,177 RAY",Unknown,solana_only,只有 Solana,2026年6月10日，攻擊者利用 Raydium 已於 2021 年淘汰的 Serum 時代舊版 AMM V3 程式，從五個閒置流動性池（Sollet USDT-RAY、Sollet ETH-RAY、SRM-RAY、USDC-RAY、RAY-SOL）提走約 134 萬美元資產。現行池、CLMM 與新版 AMM 未受影響。,舊版 AMM V3 程式未正確驗證 LP 代幣的 mint 地址，攻擊者自行建立假 LP mint 冒充合法 LP 代幣，繞過按比例提領的檢查而取走池中資產。,Raydium 表示無現行用戶受影響，並承諾以國庫全額彌補損失，同時正式退役舊版 AMM V3 程式 ID 並全面審查主網與舊程式碼路徑；被盜資金跨鏈至以太坊，經 KuCoin 與 FixedFloat 後流入 Tornado Cash。,high,"USD breakdown reported as ~$900K USDC, ~$357K SOL, ~$86K RAY. Raydium's own post-mortem was not retrieved. recovery_status reflects the Raydium treasury covering losses (protocol self-reimbursement), not recovery from the attacker.",3,https://cryptonews.com/news/raydium-exploit-fake-lp-tokens-deprecated-solana-pools/ | https://protos.com/raydiums-old-liquidity-pools-exploited-for-1-3-million/ | https://www.ccn.com/news/crypto/raydium-exploit-legacy-pools-solana/
solana-fakefix-npm-pypi-2026,2026-06-11,2026,Solana FakeFix packages (npm & PyPI),infrastructure_sdk,基礎設施 / SDK,supply_chain,供應鏈攻擊,,,Typosquatted 'stable build' Solana SDK packages with install-time stealers and a Telegram backdoor,,,,unknown,不明,"Solana keypairs, SSH keys, AWS credentials, source-control tokens and env secrets",Unknown,solana_only,只有 Solana,JFrog 於2026年6月11日揭露 Solana FakeFix 行動：攻擊者在 npm 與 PyPI 發布約 20 至 25 個仿冒 Solana 開發工具的套件（如 @solana-labs/web3.js、solana-web3-stable、solana-rpc-client），以「穩定版修正」為誘餌。安裝或匯入後會竊取 Solana keypair、SSH 金鑰、AWS 憑證與環境變數，並即時傳送到 Telegram 機器人。,開發者安裝仿冒官方名稱的套件，npm postinstall 與 Python __init__.py 在安裝或匯入時自動執行竊密與持久化程式。,相關套件陸續被下架；部分套件植入可透過 Telegram 遠端執行指令的後門，受害者需輪替所有憑證。,high,Package count reported as 20 (16 npm + 4 PyPI) or 25 depending on source. Distinct from TrapDoor (May 2026) and the raydium-bs58 typosquats (Mar 2026) already in the database. No quantified losses.,2,https://cybersecuritynews.com/solana-fakefix-campaign-uses-25-malicious-npm-and-pypi-packages/ | https://research.jfrog.com/post/solana-fakefix/
bonkdao-2026,2026-07-06,2026,BonkDAO,dao_governance,DAO / 治理,governance_attack,治理攻擊,,,Bought ~1% of BONK supply (~$4.4M) to single-handedly pass malicious Realms proposal BIP #76 draining treasury,20000000.0,,20000000.0,unknown,不明,BONK,Unknown,solana_only,只有 Solana,"2026年7月6日至7日，BonkDAO 在 Solana 的 Realms 平台上遭惡意治理提案攻擊，名為「Sowellian BonkDAO」的第 76 號改進提案（BIP #76）以 99.9% 贊成票通過，導致價值約 2,000 萬美元的 BONK 代幣自國庫流出。攻擊者事先透過交易所錢包花費約 440 萬美元買入略高於 1% 的 BONK 供應量，在低投票率下成為唯一決定性投票者。",BonkDAO 採用代幣加權投票，攻擊者只需約 1% 的 BONK 供應量即可在低投票率下達到法定人數，並合法通過轉移國庫資產的提案；並非程式碼漏洞。,消息傳出後 BONK 價格下跌約 8–9%；截至所查資料，未見資金追回或攻擊者身分的公開說明。,high,"CoinDesk's article is dated 2026-07-07; Bitcoin.com reports the malicious proposal hit on July 6, 2026, so the date may be off by one day. The CoinDesk headline says the treasury 'faces' a drain, so the final executed amount may differ from the ~$20M estimate (value depends on BONK price). Attacker cost ~$4-4.4M. Any later BonkDAO response or recovery was not verified.",3,https://crypto.news/what-is-a-governance-attack-how-bonkdao-lost-20m-in-a-single-vote/ | https://news.bitcoin.com/bonkdao-treasury-loses-20m-in-malicious-governance-attack-bonk-slides-8/ | https://www.coindesk.com/markets/2026/07/07/bonk-faces-usd20-million-treasury-drain-after-attacker-spends-usd4-million-to-pass-malicious-proposal
solana-genesis-whale-2026,2026-07-10,2026,Early Solana genesis-era whale wallet (individual holder),wallet,錢包,private_key_compromise,私鑰外洩 / 盜用,,,"Suspected key compromise; dormant wallet's stake accounts closed and ~180,900 SOL moved then bridged to Ethereum",14200000.0,,14200000.0,unknown,不明,"~180,900 SOL",Unknown,solana_only,只有 Solana,"2026年7月10日，一個可追溯至 Solana 創世分配、已休眠逾五年的早期巨鯨錢包突然關閉多個質押帳戶，約 180,900 枚 SOL（約 1,420 萬美元）被轉出並跨鏈至以太坊，錢包僅剩不到 1 SOL。鏈上偵探 ZachXBT 與 Specter 標記此異常，研判該錢包遭駭。",確切攻擊方式尚未公開，普遍推測為錢包私鑰或質押提款權限外洩，使攻擊者得以解除質押並轉移資產。,ZachXBT 公開了受害與疑似盜竊地址；截至所查資料，未見資金凍結、追回或攻擊者身分的報告。,medium,"Theft from an individual holder, not a protocol exploit. Date comes from the ZachXBT/Cointelegraph alerts (the X post IDs decode to 2026-07-10, ~13:15-14:10 UTC); one aggregator (Phemex) says July 13, which is likely wrong. Described as a 'likely'/'suspected' hack; method unconfirmed. Coverage is mostly secondary.",4,https://cryptoadventure.com/early-solana-wallet-drained-of-14-2m-after-five-years-dormant/ | https://cryptorank.io/news/feed/ea11a-solana-whale-14-million-sol-stolen-hack | https://www.thecoinrepublic.com/2026/07/11/solana-genesis-wallet-loses-14-2m-as-sol-price-tests-key-support/ | https://x.com/Cointelegraph/status/2075583567455744086
defituna-2026,2026-07-16,2026,DefiTuna,lending,借貸協議,smart_contract_bug,合約 / 程式邏輯漏洞,arithmetic,數值計算錯誤（捨入 / 溢位）,Zero-collateral leveraged position routed through an attacker-made illiquid pool; value rounded to zero passed the health check,570000.0,,570000.0,unknown,不明,~569.6K USDC from lending pools,Unknown,solana_only,只有 Solana,2026年7月16日，結合集中流動性與槓桿借貸的 Solana 協議 DefiTuna 遭攻擊，約 57 萬至 58 萬美元 USDC 自借貸池被提走，使 USDC 池出現缺口。攻擊者以零抵押開槓桿部位，把借出的 USDC 經 Jupiter 導入自建的低流動性 TUNA/USDC 池，使部位只換得極少代幣。,精度截斷使部位資產價值被捨入為零，而健康度檢查的零值分支錯誤地把「資產為零、負債非零」的部位判為健康，繞過了償付能力檢查。,團隊在數小時內封堵攻擊路徑並嘗試追回資金，截至報導時尚未公布賠償方案。,high,Reported losses range $569.6K-$580K. Some coverage notes the vulnerable code changed after the audit closed.,3,https://cryptobriefing.com/defituna-lending-pools-exploited-580k/ | https://www.certik.com/blog/defituna-incident-analysis | https://www.cryptotimes.io/2026/07/17/solana-protocol-defituna-hit-by-580k-exploit-usdc-pool-left-short/
allbridge-core-2026,2026-07-19,2026,Allbridge Core (Solana deployment),bridge,跨鏈橋,economic_exploit,經濟模型攻擊,,,"Flash loan ($1.12M USDC from Kamino) used to skew USDC/USDT stablecoin pool ratios, then withdraw liquidity at manipulated rates",1650000.0,,1650000.0,unknown,不明,"USDC, USDT",Unknown,solana_only,只有 Solana,2026年7月19日，跨鏈橋 Allbridge Core 在 Solana 上的穩定幣池遭攻擊，損失約 165 萬美元。攻擊者自 Kamino 閃電貸借入 112 萬美元 USDC，透過快速的 USDC/USDT 互換扭曲池內比例，再以被操縱的匯率提領流動性。,Allbridge Core 穩定幣池的定價與流動性提領邏輯可被單筆交易內的大額互換操縱，且先前針對類似問題的單池修補未涵蓋 Solana 部署；此手法與其 2023 年 4 月 BNB Chain 約 57.3 萬美元的閃電貸事件高度相似。,Allbridge 暫停協議並呼籲用戶自受影響池提領流動性，表示將補償受影響的流動性提供者，並要求因價格失衡獲利的套利者歸還收益；PeckShield 與 CertiK 追蹤到贓款跨鏈至以太坊並流入隱私協議。,high,"Most outlets report the loss as $1.65M; BYDFi reported ~$1.1M. Allbridge Core is a multi-chain bridge, but the drained pool was its Solana deployment (hence solana_only); proceeds were bridged to Ethereum. Compensation outcome not verified. Allbridge's official post-mortem was not retrieved.",3,https://beincrypto.com/allbridge-core-solana-exploit-paused/ | https://www.techtimes.com/articles/321044/20260720/allbridge-core-loses-165m-flash-loan-again-after-its-single-pool-fix-missed-solana.htm | https://www.theblock.co/post/408855/allbridge-core-exploit
flash-trade-magicblock-sdk-2026,2026-07-21,2026,Flash Trade (MagicBlock ephemeral rollup SDK),perp_derivatives,永續合約 / 衍生品,smart_contract_bug,合約 / 程式邏輯漏洞,account_validation,帳戶驗證缺失,Fabricated buffer account bypassed undelegation checks in the MagicBlock SDK #[ephemeral] macro,98000.0,,98000.0,reimbursed_by_backer,由項目方或投資方賠付,"98,000 USDC",Unknown,solana_only,只有 Solana,Solana 永續合約平台 Flash Trade 於2026年7月22日00:21（新加坡時間）遭攻擊，約 9.8 萬美元 USDC 被未授權提領。漏洞位於其使用的 MagicBlock SDK #[ephemeral] Anchor 巨集，攻擊者提交偽造帳戶冒充使用者存款，繞過解除委派的檢查。,SDK 只驗證緩衝帳戶為簽署者且由委派程式擁有，卻沒有檢查其種子是否對應正確的 PDA（缺少帳戶驗證）。,Flash Trade 與 MagicBlock 表示全額承擔損失，交易數小時內恢復、充提暫停約 24 小時；MagicBlock 釋出修補版 SDK 0.16.2 並呼籲所有整合方升級。,medium,00:21 SGT on July 22 = 16:21 UTC on July 21 (date used). Root cause sits in a third-party SDK; other integrators on affected SDK versions were potentially exposed.,3,https://www.bitget.com/news/detail/12560605530790 | https://www.livebitcoinnews.com/solanas-flash-trade-hit-by-98000-usdc-exploit-says-users-wont-lose-funds/ | https://www.magicblock.xyz/blog/july2026-recap
triple-a-2026,2026-07-24,2026,Triple-A (Singapore licensed crypto payment gateway) hot wallets,other,其他,private_key_compromise,私鑰外洩 / 盜用,,,Hot wallet key compromise across six chains,9700000.0,,9700000.0,unknown,不明,"Assets on Ethereum, TRON, Polygon, Arbitrum, Solana and TON (consolidated to ~5,227 ETH)",Unknown,multi_chain,多鏈事件（含 Solana 資產）,"新加坡持牌加密支付機構 Triple-A 於 2026 年 7 月 24 至 25 日遭攻擊，其在 Ethereum、TRON、Polygon、Arbitrum、Solana 與 TON 上的熱錢包被持續掏空約 31 小時，損失初估約 970 萬美元，後上修至約 1,180 萬至 1,200 萬美元。",PeckShield 與多家媒體指出根因為熱錢包私鑰遭入侵，而非智能合約漏洞；攻擊者將各鏈資產兌換並跨鏈彙集至單一 Ethereum 地址。,事件由鏈上偵探 Specter 首先披露並經 PeckShield 確認；截至資料蒐集時未有公開的攻擊者歸屬或資金追回資訊。,medium,"Loss was $9.3M-$9.7M initially, revised to ~$11.8M-$12M as draining continued; $9.7M is most cited. The Solana-specific portion is not quantified. Triple-A is a payment institution/custodian rather than an exchange, so project_type is 'other'.",3,https://crypto.news/triple-a-hot-wallets-lose-9-7m-in-suspected-exploit/ | https://cryptobriefing.com/triple-a-hot-wallet-12m-security-breach/ | https://news.bitcoin.com/triple-a-hot-wallet-exploit-9-7-million-peckshield/
aquifer-2026,2026-08-31,2026,Aquifer,dex_amm,去中心化交易所 / AMM,private_key_compromise,私鑰外洩 / 盜用,,,Suspected compromise of protocol-linked wallets/admin credentials (not a confirmed contract bug),2500000.0,,2500000.0,unknown,不明,Stablecoins/pool assets (exact breakdown not published),Unknown (attacker addresses: Solana 7fTe9pvrwXJRBHq9MaSyVPR4PgEuhqLiA93Dxf4gRk7J; Ethereum 0x2Dfe9e969796e2797278b02761dd9Ad6aE922746),solana_only,只有 Solana,2026年8月31日，專注於穩定幣兌換的 Solana 專有做市商（prop AMM）Aquifer 遭攻擊，損失約 250 萬美元，由鏈上監控服務 Defimon 率先揭露。攻擊者同時在 Solana 與以太坊上操作地址，資金隨後跨鏈轉移。,公開資訊指向與協議相關的錢包或管理員憑證遭入侵，而非已確認的智能合約漏洞；確切入侵途徑尚無技術事後報告說明。,Aquifer 透過其 Solana 升級權限地址發布鏈上訊息，提出若於 9月3日前歸還至少 80% 資金即給予 20% 白帽賞金；期限過後未見公開證實攻擊者已歸還。,medium,"Root cause is unconfirmed; category is private_key_compromise because reporting points to compromised protocol-linked wallets/admin credentials. No official post-mortem found. Asset breakdown not verified. Aquifer is a stablecoin-focused prop AMM that had taken a large share of Jupiter-routed stablecoin volume (per Sharples, Sep 2025).",3,https://crypto.news/solana-amm-aquifer-hit-by-2-5-million-exploit-offers-20-bounty/ | https://phemex.com/news/article/solana-amm-aquifer-suffers-25-million-exploit-after-wallet-compromise-95161 | https://shattered.io/aquifer-solana-exploit-white-hat-bounty-2026/
solana-mobile-brevo-breach-2026,2026-09-12,2026,Solana Mobile,other,其他,third_party_compromise,第三方服務遭入侵,,,Marketing-email provider Brevo breached via a SAML SSO invitation flaw,0.0,,0.0,not_applicable,不適用（無損失）,None (marketing contact data exposure risk),Unknown,solana_only,只有 Solana,Solana Mobile（Saga 與 Seeker 手機製造商）於2026年9月12日公告，其第三方行銷郵件平台 Brevo 發生資安事件，公司帳號遭未授權存取。攻擊者利用 Brevo SAML 單一登入處理組織邀請的漏洞取得 138 個客戶帳號權限，其中部分被用來寄送釣魚信或匯出聯絡人名單。,第三方 SaaS 供應商 Brevo 的 SAML SSO 邀請流程存在跨帳號存取漏洞。,Solana Mobile 暫停該行銷郵件帳號並提醒使用者防範釣魚；據其所知沒有郵件從其帳號寄出，錢包與私鑰未受影響。,medium,"Brevo breach window was Sept 9-10, 2026; the date used is Solana Mobile's announcement. Other Brevo customers (e.g., Trezor) saw phishing emails sent; no confirmed Solana user losses.",2,https://cryptobriefing.com/solana-mobile-phishing-warning-brevo-breach/ | https://dailyhodl.com/2026/09/13/solana-mobile-suspends-marketing-email-account-after-unauthorized-access/
simd-0376-zero-key-flaw-2026,2026-09-17,2026,"SIMD-0376 (proposed ed25519 signature verification change, pre-activation)",l1_runtime,L1 核心 / 客戶端 / 驗證節點,protocol_vulnerability,L1 協議層漏洞,crypto_verification,密碼學驗證缺陷,ZIP-215 small-order key acceptance making all-zero pubkey signable,0.0,,0.0,not_applicable,不適用（無損失）,None,Whitehat: hackhack.ai autonomous research agent (@r0bre),solana_only,只有 Solana,hackhack.ai 的自主研究代理在尚未於主網啟用的 SIMD-0376 提案中發現關鍵缺陷：新的 ed25519 驗證規則會讓任何人都能為全零公鑰（System Program ID）產生有效簽章。若上線，約 433 個已將更新權限「停用」為零地址的可變 Metaplex 中繼資料帳戶可能被竄改。,SIMD-0376 採用為批次驗證而放寬檢查的 ZIP-215 規範，未拒絕小階（small-order）公鑰與簽章點，導致全零公鑰可被偽造簽署。,Anza 確認問題並在主網啟用前準備修正：於驗證器加入逐簽章的標準編碼與小階點檢查，並提交 SIMD 修正案改用拒絕小階點的 ZIP-215 變體；Solana 開發者更新日誌於 9 月 18 日提及已修補多個相關關鍵問題。,medium,"Date is approximate, based on a Sept 17, 2026 write-up and the Sept 18, 2026 Solana Changelog; the exact private report date was not verified. The flaw was caught before mainnet activation, so it never affected live consensus.",3,https://cryptobriefing.com/hackhackai-solana-simd-0376-zero-address-flaw/ | https://github.com/solana-foundation/solana-improvement-documents/pull/616 | https://solanacompass.com/news/ai-research-agent-flags-zero-key-signing-risk-in-simd-0376-before-mainnet-activation
duelbits-2026,2026-09-24,2026,Duelbits,other,其他,private_key_compromise,私鑰外洩 / 盜用,,,Suspected hot-wallet private key compromise across multiple chains,7000000.0,,7000000.0,unknown,不明,"Hot-wallet funds on Ethereum, BNB Chain, Tron and Bitcoin, plus ~$1M on Solana",Unknown,multi_chain,多鏈事件（含 Solana 資產）,加密貨幣賭場 Duelbits 於2026年9月24日遭駭，疑似熱錢包私鑰外洩，Ethereum、BNB Chain、Tron 與 Bitcoin 熱錢包被掏空，另有約 100 萬美元 Solana 資產與同一行動有關。共同創辦人證實損失約 700 萬美元，平台隨即下線。,疑似熱錢包私鑰遭竊，攻擊者直接簽署轉出交易。,"被盜資產多數被換成 ETH，集中在一個持有約 2,234 ETH 的地址；平台在調查完成並補足熱錢包前維持離線。",medium,On-chain tracing put losses at ~$5.9-6M; the co-founder cited ~$7M (used). First flagged by Scam Sniffer. Investigation ongoing at time of reporting.,2,https://en.cryptonomist.ch/2026/09/25/duelbits-crypto-hack-breach/ | https://www.coindesk.com/business/2026/09/24/crypto-casino-duelbits-goes-offline-after-usd7m-hot-wallet-hack
