id,date,year,project,project_type,project_type_zh,category,category_zh,vuln_pattern,vuln_pattern_zh,attack_vector,loss_usd,recovered_usd,net_loss_usd,recovery_status,recovery_status_zh,assets_stolen,attribution,chain_scope,chain_scope_zh,summary_zh,root_cause_zh,aftermath_zh,confidence,notes,source_count,source_urls
uranium-finance-2021-04,2021-04-28,2021,Uranium Finance,dex_amm,去中心化交易所 / AMM,smart_contract_bug,合約 / 程式邏輯漏洞,arithmetic,數值計算錯誤（溢位 / 捨入 / 精度）,Miscalculation: inconsistent fee constant in the AMM constant-product (K) check,50000000.0,,50000000.0,unknown,不明,$50M (WBNB and BUSD drained from UraniumSwap pairs per PoC),Unknown,bsc_only,只有 BNB Smart Chain,"2021 年 4 月 28 日，BSC 上的 Uranium Finance（Uniswap V2 分叉的去中心化交易所）交易對合約出現計算錯誤，攻擊者只需轉入極少量代幣，就能從交易對換出約 99% 的儲備資產。DeFiHackLabs 記錄的損失約 5,000 萬美元。",交易對的 swap() 將手續費計算基數由 1000 改為 10000（balance × 10000 − amountIn × 16），但 K 值檢查仍與 reserve0 × reserve1 × 1000² 比較，使調整後的乘積被放大 100 倍。結果 K 值檢查幾乎必定通過，攻擊者可用 1 單位代幣換出池中 99% 的對手代幣。,資料來源未記載資金追回或後續處理。,high,"Based on the DeFiHackLabs entry (root cause 'Miscalculation', lost '$50 M') and the PoC Uranium_exp.sol, which quotes the vulnerable K-check code and drains WBNB/BUSD pairs from the Uranium factory at BSC block 6,920,000. loss_usd taken from the parsed DeFiHackLabs value. The attacker address in the PoC header is malformed and is not reproduced. [Draft: not yet independently reviewed.]",3,https://bscscan.com/tx/0x5a504fe72ef7fc76dfeb4d979e533af4e23fe37e90b5516186d5787893c37991 | https://github.com/SunWeb3Sec/DeFiHackLabs/blob/main/src/test/2021-04/Uranium_exp.sol | https://medium.com/immunefi/building-a-poc-for-the-uranium-heist-ec83fbd83e9f
spartan-protocol-2021-05,2021-05-02,2021,Spartan Protocol,dex_amm,去中心化交易所 / AMM,smart_contract_bug,合約 / 程式邏輯漏洞,business_logic,業務邏輯錯誤,Logic flaw: LP share calculation using spot balances (donation + removeLiquidity),30500000.0,,30500000.0,unknown,不明,$30.5M (WBNB and SPARTA from the SPARTA/WBNB pool),Unknown,bsc_only,只有 BNB Smart Chain,"2021 年 5 月 2 日，Spartan Protocol 的 SPARTA/WBNB 流動性池遭攻擊。攻擊者從 PancakeSwap 閃電貸借入 10 萬 WBNB，透過多次兌換、新增流動性、捐贈代幣與移除流動性的組合操作，重複約 8 輪抽乾資金池，損失約 3,050 萬美元。",Spartan 池合約計算移除流動性可取回的數量時，使用 balanceOf() 的即時餘額而非已同步的儲備量，且 removeLiquidity() 不會把所有即時餘額同步回儲備。攻擊者先把 WBNB 與 SPARTA 直接捐入池中再贖回 LP，便能取回超出份額的資產，並透過緊接的 addLiquidity() 收回先前捐贈的代幣。,資料來源未記載資金追回或後續處理。,high,"Based on the DeFiHackLabs entry (root cause 'Logic Flaw', lost '$30.5M') and the PoC Spartan_exp.sol (attacker 0x3b6e77722e2bbe97c1cfa337b42c0939aeb83671, vulnerable pool 0x3de669c4f1f167a8afbc9993e4753b84b576426f). loss_usd taken from the parsed DeFiHackLabs value. Classified as business_logic (spot-balance vs reserve accounting); it could also be viewed as a donation-style share inflation issue. [Draft: not yet independently reviewed.]",3,https://github.com/SunWeb3Sec/DeFiHackLabs/blob/main/src/test/2021-05/Spartan_exp.sol | https://medium.com/amber-group/exploiting-spartan-protocols-lp-share-calculation-flaws-391437855e74 | https://rekt.news/spartan-rekt/
value-defi-2021-05,2021-05-08,2021,Value DeFi,yield_vault,收益金庫,smart_contract_bug,合約 / 程式邏輯漏洞,reentrancy,重入攻擊,Cross-contract reentrancy via Alpaca WBNB vault work(),,,,unknown,不明,Not stated in DeFiHackLabs entry (PoC shows attacker gaining WBNB and vSafeWBNB shares),Unknown,bsc_only,只有 BNB Smart Chain,2021 年 5 月 8 日，Value DeFi 在 BSC 上的 vSafe WBNB 金庫相關合約遭攻擊。攻擊者以 1 BNB 呼叫 Alpaca Finance WBNB 金庫的 work() 函式，指定特定的 worker 與策略合約並帶入約 39.4 萬 WBNB 的借款參數，於單筆交易中取得 WBNB 與 vSafeWBNB 份額。DeFiHackLabs 未記載損失金額。,DeFiHackLabs 將根因標記為「跨合約重入」：攻擊者經由 Alpaca 金庫 work() 的外部呼叫流程，在相關合約狀態暫時不一致時與 Value DeFi vSafe WBNB 金庫互動獲利。PoC 僅以原始 calldata 重放攻擊交易，具體重入路徑無法從 PoC 完整確認。,資料來源未記載資金追回或後續處理。,low,"Based on the DeFiHackLabs entry (root cause 'Cross Contract Reentrancy', lost field empty) and the PoC ValueDefi_exp.sol, which only replays the attack by calling Alpaca WBNB vault 0xd7D069493685A581d27824Fc46EdA46B7EfC0063 work() with raw calldata (attacker 0xCB36b1ee0Af68Dce5578a487fF2Da81282512233, vSafeVaultWBNB 0xD4BBF439d3EAb5155Ca7c0537E583088fB4CFCe8); the exact reentrancy path is not visible. No loss amount in source material, so loss_usd is null. The rekt.news candidate link points to the Rari Capital article and was not used. [Draft: not yet independently reviewed.]",3,https://bscscan.com/tx/0xa00def91954ba9f1a1320ef582420d41ca886d417d996362bf3ac3fe2bfb9006 | https://github.com/SunWeb3Sec/DeFiHackLabs/blob/main/src/test/2021-05/ValueDefi_exp.sol | https://phalcon.blocksec.com/tx/bsc/0xa00def91954ba9f1a1320ef582420d41ca886d417d996362bf3ac3fe2bfb9006
bearn-2021-05,2021-05-16,2021,bEarn,yield_vault,收益金庫,smart_contract_bug,合約 / 程式邏輯漏洞,business_logic,業務邏輯錯誤,Logic flaw: repeated deposit/emergencyWithdraw with flash-loaned BUSD,11000000.0,,11000000.0,unknown,不明,11M (BUSD drained from the bVaults BUSD-Alpaca strategy),Unknown,bsc_only,只有 BNB Smart Chain,"2021 年 5 月 16 日，bEarn 的 bVaults BUSD（Alpaca 策略）金庫遭攻擊。攻擊者從 CREAM Finance 閃電貸借出所有可用 BUSD，對 bVault 第 13 號池重複 10 次「存入後立即 emergencyWithdraw」的操作以抽取資金。DeFiHackLabs 記錄損失為 11M（以 BUSD 計，約 1,100 萬美元）。",bVault BUSD-Alpaca 策略在存款與緊急提領之間的會計邏輯有缺陷，存入後立即呼叫 emergencyWithdraw() 取回的 BUSD 多於存入金額。攻擊者以閃電貸放大本金並循環存提，每一輪都從策略中多拿走資金。,bEarn 已發布事後檢討文章，並在其中提出對受影響使用者的補償計畫。,medium,"Based on the DeFiHackLabs entry (root cause 'Logic Flaw', lost '11M') and the PoC bEarn_exp.sol (attacker 0x47f341d896b08daacb344d9021f955247e50d089, vulnerable bVault 0xb390b07fcf76678089cb12d8e615d5fe494b01fb). The lost text has no unit; since the PoC drains BUSD (a USD stablecoin), 11M is treated as approximately USD 11,000,000 at 1 BUSD = 1 USD. The compensation plan is inferred from the title of the cited bEarn post-mortem; no recovery amount is stated. [Draft: not yet independently reviewed.]",3,https://bearndao.medium.com/bvaults-busd-alpaca-strategy-exploit-post-mortem-and-bearn-s-compensation-plan-b0b38c3b5540 | https://bscscan.com/tx/0x603b2bbe2a7d0877b22531735ff686a7caad866f6c0435c37b7b49e4bfd9a36c | https://github.com/SunWeb3Sec/DeFiHackLabs/blob/main/src/test/2021-05/bEarn_exp.sol
pancakebunny-2021-05,2021-05-19,2021,PancakeBunny,yield_vault,收益金庫,oracle_price_manipulation,預言機 / 價格操縱,,,Flash-loan spot price manipulation of BUNNY reward minting,45000000.0,,45000000.0,unknown,不明,Not stated in DeFiHackLabs entry (PoC: WBNB and USDT profit from dumping inflated BUNNY rewards); widely reported as about $45M,Unknown,bsc_only,只有 BNB Smart Chain,"2021 年 5 月 19 日，收益聚合器 PancakeBunny 遭閃電貸價格操縱攻擊。攻擊者向 7 個 PancakeSwap 交易對與 ForTube 借入大量 WBNB 與 USDT，操縱 WBNB/USDT 價格後領取獎勵，使 BunnyMinter 鑄造出大量 BUNNY 並立即拋售，獲利以 WBNB 與 USDT 帶走。此事件廣泛報導的損失約 4,500 萬美元。",BunnyMinter 在計算績效費並鑄造 BUNNY 獎勵時，依賴 PancakeSwap 交易對的即時儲備（現貨價格）估算 LP 代幣與 WBNB 的價值。攻擊者先將大量 WBNB-USDT LP 轉入交易對本身，再於 v1 池大量拋售 WBNB 扭曲價格，使 getReward() 算出的獎勵被嚴重高估。,資料來源未記載資金追回或後續處理。,high,"Based on the DeFiHackLabs entry (root cause 'Price Oracle Manipulation', lost field empty) and the PoC PancakeBunny_exp.sol (VaultFlipToFlip 0x633e538EcF0bee1a18c2EDFE10C4Da0d6E71e77B; flash loans from 7 PancakeSwap pairs plus ForTube USDT). The DeFiHackLabs lost field is empty; loss_usd uses the widely documented figure of about USD 45M for this famous incident, not a computed estimate. [Draft: not yet independently reviewed.]",3,https://bscscan.com/tx/0x897c2de73dd55d7701e1b69ffb3a17b0f4801ced88b0c75fe1551c5fcce6a979 | https://github.com/SunWeb3Sec/DeFiHackLabs/blob/main/src/test/2021-05/PancakeBunny_exp.sol | https://rekt.news/pancakebunny-rekt/
burgerswap-2021-05,2021-05-27,2021,BurgerSwap,dex_amm,去中心化交易所 / AMM,smart_contract_bug,合約 / 程式邏輯漏洞,reentrancy,重入攻擊,Reentrancy via malicious token with stale precomputed multi-hop swap amounts,,,,unknown,不明,"Not stated in DeFiHackLabs entry (PoC: about 2,416 WBNB and 110,997 BURGER removed from the Demax WBNB/BURGER pair)",Unknown,bsc_only,只有 BNB Smart Chain,"2021 年 5 月 27 日，BurgerSwap（Demax 平台）的 WBNB/BURGER 交易對遭攻擊。攻擊者以閃電貸借入約 6,047 WBNB 買入 BURGER 拉抬價格，再利用自行部署的假代幣在多跳兌換中重入平台，讓同一批 BURGER 以相同高價兩度換成 WBNB。PoC 顯示該交易對儲備由約 164,603 BURGER／3,038 WBNB 降至約 53,606 BURGER／622 WBNB。",DemaxPlatform 路由在執行多跳兌換前，就依當下儲備預先算好整條路徑每一段的輸出數量，交易對也未獨立驗證恆定乘積（K 值）。攻擊者在假代幣的 transferFrom() 中重入，先完成一筆 BURGER→WBNB 兌換，外層兌換仍沿用過期的預算數量，因此以未計滑價的價格再換出一次 WBNB。,資料來源未記載資金追回或後續處理。,medium,"Based on the DeFiHackLabs entry (root cause 'Mathematical flaw + Reentrancy', lost field empty) and the PoC BurgerSwap_exp.sol (attacker 0x6c9f2b95ca3432e5ec5bcd9c19de0636a23a4994, vulnerable Demax WBNB<>BURGER pair 0x7ac55ac530f2c29659573bde0700c6758d69e677). The DeFiHackLabs lost field is empty, so loss_usd is null; assets_stolen is derived from the pair reserve comments in the PoC (before 164,603 BURGER / 3,038 WBNB, after 53,606 / 622) and covers only this transaction. [Draft: not yet independently reviewed.]",3,https://bscscan.com/tx/0xac8a739c1f668b13d065d56a03c37a686e0aa1c9339e79fcbc5a2d0a6311e333 | https://github.com/SunWeb3Sec/DeFiHackLabs/blob/main/src/test/2021-05/BurgerSwap_exp.sol | https://twitter.com/Mudit__Gupta/status/1398156036574306304
julswap-2021-05,2021-05-27,2021,JulSwap,dex_amm,去中心化交易所 / AMM,oracle_price_manipulation,預言機 / 價格操縱,,,Flash-loan price manipulation of JulProtocolV2 addBNB(),,,,unknown,不明,1.5M (unit not specified; PoC profit realized in BNB),Unknown,bsc_only,只有 BNB Smart Chain,2021 年 5 月 27 日，JulSwap 遭閃電貸攻擊。攻擊者從 BSCswap 交易對閃電借入 7 萬枚 JULb，在 JulSwap 賣出換成 BNB 壓低 JULb 價格後，呼叫 JulProtocolV2 的 addBNB() 投入 515 BNB，再用 BNB 買回 JULb 償還借款並獲利。DeFiHackLabs 記錄損失為「1.5M」，未註明單位。,從 PoC 流程判斷，JulProtocolV2 的 addBNB() 會依 JULb/BNB 池的即時價格，將協議持有的 JULb 搭配使用者存入的 BNB 加入流動性，未防範同一筆交易內的價格操縱。攻擊者先壓低 JULb 價格再呼叫 addBNB()，使協議以扭曲的價格注入大量 JULb，之後再以較低成本買回 JULb 獲利。,資料來源未記載資金追回或後續處理。,low,"Based on the DeFiHackLabs entry (root cause 'Flash Loan', lost '1.5M') and the PoC JulSwap_exp.sol (attacker 0xc3bc29941677db01b9645f7b8b72d27e3ba75372, JULb token 0x32dffc3fe8e3ef3571bf8a72c0d0015c5373f41d, JulProtocolV2 0x41a2F9AB325577f92e8653853c12823b35fb35c4). The PoC shows the attack steps but not the addBNB() internals, so the root-cause description is inferred from the call sequence. The lost text has no unit and no stablecoin is involved, so loss_usd is left null. [Draft: not yet independently reviewed.]",3,https://bscscan.com/tx/0x1751268e620767ff117c5c280e9214389b7c1961c42e77fc704fd88e22f4f77a | https://github.com/SunWeb3Sec/DeFiHackLabs/blob/main/src/test/2021-05/JulSwap_exp.sol | https://x.com/tg_cryptos/status/1398090345368408064
pancakehunny-2021-06,2021-06-03,2021,PancakeHunny,yield_vault,收益金庫,smart_contract_bug,合約 / 程式邏輯漏洞,business_logic,業務邏輯錯誤,Incorrect reward calculation using balanceOf() in HUNNY minter,,,,unknown,不明,Not stated in DeFiHackLabs entry (PoC: excess HUNNY minted and sold for BNB),Unknown,bsc_only,只有 BNB Smart Chain,2021 年 6 月 3 日，PancakeHunny 的 HUNNY Minter 遭攻擊。攻擊者先把約 59.88 枚 CAKE 直接轉入 HUNNY Minter 合約，再從 CAKE-BNB Hive 金庫領取獎勵，使 Minter 鑄造出遠超應得數量的 HUNNY，隨即在 PancakeSwap 拋售換成 BNB。,HunnyMinter.mintFor() 收取績效費後，以 IBEP20(flip).balanceOf(address(this)) 計算要換算並鑄造的 HUNNY 數量，而非實際收到的費用 feeSum。攻擊者預先轉入合約的 CAKE 也被計入，導致 HUNNY 獎勵被大幅灌水。,PancakeHunny 團隊已發布事後分析報告；資料來源未記載資金追回情形。,medium,"Based on the DeFiHackLabs entry (root cause 'Incorrect calculation', lost field empty) and the PoC PancakeHunny_exp.sol, which quotes the vulnerable mintFor() code (HUNNY Minter 0x109Ea28dbDea5E6ec126FbC8c33845DFe812a300, attacker contract 0xb9b0090aaa81f374d66d94a8138d80caa2002950). No loss amount in source material, so loss_usd is null. [Draft: not yet independently reviewed.]",3,https://bscscan.com/tx/0x765de8357994a206bb90af57dcf427f48a2021f2f28ca81f2c00bc3b9842be8e | https://github.com/SunWeb3Sec/DeFiHackLabs/blob/main/src/test/2021-06/PancakeHunny_exp.sol | https://medium.com/hunnyfinance/pancakehunny-post-mortem-analysis-de78967401d8
eleven-finance-2021-06,2021-06-22,2021,Eleven Finance,yield_vault,收益金庫,smart_contract_bug,合約 / 程式邏輯漏洞,business_logic,業務邏輯錯誤,"emergencyBurn() does not burn shares, allowing double withdrawal",,,,unknown,不明,Not stated in DeFiHackLabs entry (PoC: BUSD profit from the NRV-BUSD NeverSell vault),Unknown,bsc_only,只有 BNB Smart Chain,2021 年 6 月 22 日，Eleven Finance 的 NRV-BUSD「NeverSell」金庫遭閃電貸攻擊。攻擊者從 ApeSwap 閃電借入約 95.4 萬 BUSD，換成 NRV 並加入 PancakeSwap 流動性後將 LP 存入金庫，接著先呼叫 emergencyBurn() 再呼叫 withdrawAll()，對同一筆存款提領兩次。,金庫的 emergencyBurn() 會把使用者存入的 LP 代幣退還，卻沒有銷毀對應的金庫份額；攻擊者因此能以同一批份額再呼叫 withdrawAll()，額外提走屬於其他存款人的資產。,資料來源未記載資金追回或後續處理。,medium,"Based on the DeFiHackLabs entry (root cause 'Doesn't burn shares', lost field empty) and the PoC Eleven_exp.sol (ElevenNeverSellVault 0x27DD6E51BF715cFc0e2fe96Af26fC9DED89e4BE8, NRV-BUSD Cake LP 0x401479091d0F7b8AE437Ee8B054575cd33ea72Bd). The PoC header cites tx 0x6450d8f4..., which differs from the BscScan candidate tx, so only the PoC and PeckShield analysis are cited. No loss amount in source material, so loss_usd is null. [Draft: not yet independently reviewed.]",2,https://github.com/SunWeb3Sec/DeFiHackLabs/blob/main/src/test/2021-06/Eleven_exp.sol | https://peckshield.medium.com/eleven-finance-incident-root-cause-analysis-123b5675fa76
xwin-finance-2021-06,2021-06-25,2021,xWin Finance,yield_vault,收益金庫,economic_exploit,經濟模型攻擊,,,Flash-loan abuse of subscription/referral incentive mechanism with invalid slippage control,300000.0,,300000.0,unknown,不明,~$300k (XWIN rewards sold for BNB),Unknown,bsc_only,只有 BNB Smart Chain,"2021 年 6 月 25 日，xWin Finance 遭閃電貸攻擊。攻擊者從 ForTube 閃電借入 76,000 BNB，並建立子帳戶作為推薦人，以全部 BNB 反覆 20 次申購 xWin 基金（PCLPXWIN）、賣出取得的 XWIN 並贖回，累積申購與推薦獎勵後出售，損失約 30 萬美元。",PoC 摘要指出，事件源於協議的滑價控制無效（使用者可自行將 priceImpactTolerance 設為 10000），加上 XWIN 申購獎勵與推薦獎勵按申購金額發放、未限制同一交易內的申購／贖回循環。攻擊者因此能以閃電貸資金反覆申購贖回，套取額外 XWIN 獎勵。,資料來源未記載資金追回或後續處理。,medium,"Based on the DeFiHackLabs entry (root cause 'subscription-incentive-mechanism', lost '~$300k') and the PoC xWin_exp.sol (attacker 0xb63f0d8b9aa0c4e68d5630f54bfefc6cf2c2ad19, xWinDefi 0x1Bf7fe7568211ecfF68B6bC7CCAd31eCd8fe8092), whose summary attributes the incident to invalid slippage control exploited with a flash loan to obtain extra xWin rewards. loss_usd taken from the parsed DeFiHackLabs value. Classified as economic_exploit (incentive design abuse); it could alternatively be classed as a business-logic bug. [Draft: not yet independently reviewed.]",3,https://bscscan.com/tx/0xba0fa8c150b2408eec9bbbbfe63f9ca63e99f3ff53ac46ee08d691883ac05c1d | https://github.com/SunWeb3Sec/DeFiHackLabs/blob/main/src/test/2021-06/xWin_exp.sol | https://peckshield.medium.com/xwin-finance-incident-root-cause-analysis-71d0820e6bc1
chainswap-2021-07,2021-07-10,2021,Chainswap,bridge,跨鏈橋,smart_contract_bug,合約 / 程式邏輯漏洞,signature_message_verification,簽章 / 跨鏈訊息驗證缺陷,Bridge logic flaw: forged cross-chain receive() message signed by an unauthorized signatory,,,,unknown,不明,"Not stated in the DeFiHackLabs entry (PoC claims 500,000 bridged tokens to the attacker via receive())",Unknown,bsc_only,只有 BNB Smart Chain,2021 年 7 月 10 日，跨鏈橋 Chainswap 在 BNB Smart Chain 上的映射代幣合約遭到攻擊。PoC 顯示攻擊者直接呼叫跨鏈橋代理合約的 receive 函式，偽稱一筆來自鏈 ID 1（以太坊）的跨鏈轉帳，並附上一組自行提供的簽章，就能替自己領取 50 萬顆代幣。DeFiHackLabs 條目未記載損失金額。,跨鏈橋的 receive 函式在驗證跨鏈訊息時，只確認簽章與參數中指定的簽署者相符，卻未有效確認該簽署者是否為經授權的跨鏈驗證者，因此攻擊者能以自己控制的位址簽署偽造的跨鏈提領訊息，使合約放行代幣。,資料來源未記載資金追回或後續處理。,medium,"Record based on the DeFiHackLabs entry (root cause label 'Bridge, logic flaw') and PoC Chainswap_exp2.sol, which calls receive(1, exploiter, 0, 500000e18, sigs) on the BSC proxy at block 9,042,274. The entry gives no loss figure, so loss_usd is null. The detail that the signatory was not checked against the authorized set is inferred from the PoC and label. [Draft: not yet independently reviewed.]",3,https://chain-swap.medium.com/chainswap-exploit-11-july-2021-post-mortem-6e4e346e5a32 | https://github.com/SunWeb3Sec/DeFiHackLabs/blob/main/src/test/2021-07/Chainswap_exp2.sol | https://rekt.news/chainswap-rekt/
levyathan-finance-2021-07,2021-07-28,2021,Levyathan Finance,yield_vault,收益金庫,private_key_compromise,私鑰外洩 / 盜用,,,Leaked deployer private key used to hijack MasterChef ownership via timelock and mint LEV; flawed emergencyWithdraw,,,,unknown,不明,Not stated in the DeFiHackLabs entry (LEV minted after MasterChef ownership hijack; staked funds withdrawn through emergencyWithdraw),Unknown,bsc_only,只有 BNB Smart Chain,2021 年 7 月 28 日，BSC 上的收益農場 Levyathan Finance 遭到攻擊。開發者把具有鑄幣能力的部署者錢包私鑰遺留在 GitHub 上，攻擊者藉此透過時間鎖（Timelock）排程並執行 MasterChef 的所有權轉移，取回 LEV 代幣所有權後大量增發。此外，MasterChef 的 emergencyWithdraw 也存在缺陷，可被重複呼叫提領。,主要原因是私鑰外洩：擁有時間鎖排程與執行權限的部署者私鑰被公開在 GitHub，攻擊者得以把 MasterChef 所有權轉給自己，再呼叫 recoverLevOwnership 並任意鑄造 LEV。PoC 另顯示同一使用者能連續兩次成功呼叫 emergencyWithdraw，表示提領紀錄未被正確歸零。,資料來源未記載資金追回或後續處理。,medium,"Record based on the DeFiHackLabs entry (root cause '(I) Lost keys and minting (II) Vulnerable emergencyWithdraw') and PoC Levyathan_exp.sol, whose header quotes rekt: 'The Levyathan developers left the private keys to a wallet with minting capability available on Github.' The PoC mints 1e26 base units of LEV to the attacker. No loss figure is given, so loss_usd is null. [Draft: not yet independently reviewed.]",3,https://bscscan.com/tx/0xe6e504208ba90d121c3212a4f2547ae28e69790ab541d459c080ec8b1f3efab2 | https://github.com/SunWeb3Sec/DeFiHackLabs/blob/main/src/test/2021-07/Levyathan_exp.sol | https://levyathan-index.medium.com/post-mortem-levyathan-c3ff7f9a6f65
wault-finance-2021-08,2021-08-04,2021,Wault Finance,stablecoin,穩定幣,oracle_price_manipulation,預言機 / 價格操縱,,,Flash loan price manipulation of WEX through repeated WUSDMaster.stake() swaps,,,,unknown,不明,Not stated in the DeFiHackLabs entry (PoC profit taken in USDT/BUSD from WUSDMaster and WaultSwap pools),Unknown,bsc_only,只有 BNB Smart Chain,"2021 年 8 月 4 日，Wault Finance 穩定幣 WUSD 的 WUSDMaster 合約遭閃電貸價格操縱攻擊。攻擊者先從 WaultSwap 借出 WUSD 並贖回為 USDT 與 WEX，再從 PancakeSwap 借入 4,000 萬 USDT，以其中 2,300 萬 USDT 買進 WEX 拉抬價格。接著連續呼叫 WUSDMaster.stake 68 次，讓合約以被抬高的價格持續買入 WEX，最後把 WEX 高價賣回 USDT，歸還閃電貸後獲利。",WUSDMaster 的 stake 函式會把使用者存入的部分 USDT 直接在 WaultSwap 的 WEX/USDT 池依即時價格換成 WEX，缺乏防範價格操縱的機制，也未限制同一交易內重複呼叫。因此攻擊者能先抬高 WEX 價格，再利用合約的連續買盤推升價格並從中套利。,資料來源未記載資金追回或後續處理。,medium,"Record based on the DeFiHackLabs entry (root cause 'FlashLoan price manipulation') and PoC WaultFinance_exp.sol (BSC fork block 9,728,755). The entry name is misspelled 'WaultFinace'. No loss figure is given, so loss_usd is null. [Draft: not yet independently reviewed.]",3,https://bscscan.com/tx/0x31262f15a5b82999bf8d9d0f7e58dcb1656108e6031a2797b612216a95e1670e | https://github.com/SunWeb3Sec/DeFiHackLabs/blob/main/src/test/2021-08/WaultFinance_exp.sol | https://inspexco.medium.com/wault-finance-incident-analysis-wex-price-manipulation-using-wusdmaster-contract-c344be3ed376
xsurge-2021-08,2021-08-17,2021,XSURGE,other,其他,smart_contract_bug,合約 / 程式邏輯漏洞,reentrancy,重入攻擊,Flash loan + reentrancy in SURGE sell(),,,,unknown,不明,"Not stated in the DeFiHackLabs entry (BNB drained from the SURGE token contract, profit in WBNB)",Unknown,bsc_only,只有 BNB Smart Chain,2021 年 8 月 17 日，BSC 上的 XSURGE（SURGE 代幣）遭到攻擊。攻擊者從 PancakeSwap 閃電貸借入 1 萬 WBNB，換成 BNB 後買進 SURGE，再反覆呼叫 sell；每次合約轉出 BNB 時，攻擊者都在回呼中重入並以 BNB 再次買進 SURGE。循環多次後，攻擊者換回 WBNB，歸還閃電貸並獲利。,SURGE 代幣合約的 sell 函式在更新持幣與總供給等狀態之前，就先用低階 call 把 BNB 轉給賣方。攻擊者在 receive 回呼中直接轉 BNB 給合約以觸發買入，此時價格仍依未更新的狀態計算，能用過低的價格取得大量 SURGE，屬於典型的重入漏洞。,資料來源未記載資金追回或後續處理。,medium,"Record based on the DeFiHackLabs entry (root cause 'Flashloan Attack + Reentrancy') and PoC XSURGE_exp.sol (BSC fork block 10,087,723), which re-enters the SURGE contract from receive() during sell(). No loss figure is given, so loss_usd is null. [Draft: not yet independently reviewed.]",3,https://bscscan.com/tx/0x8c93d6e5d6b3ec7478b4195123a696dbc82a3441be090e048fe4b33a242ef09d | https://github.com/SunWeb3Sec/DeFiHackLabs/blob/main/src/test/2021-08/XSURGE_exp.sol | https://medium.com/@Knownsec_Blockchain_Lab/knownsec-blockchain-lab-comprehensive-analysis-of-xsurge-attacks-c83d238fbc55
ploutoz-2021-11,2021-11-23,2021,Ploutoz,lending,借貸協議,oracle_price_manipulation,預言機 / 價格操縱,,,Flash loan pump of DOP collateral price to over-borrow from lending pools,365000.0,,365000.0,unknown,不明,"365K (CAKE, DOLLY, WETH, BTCB, USDT and BUSD borrowed from Ploutoz loan pools)",Unknown,bsc_only,只有 BNB Smart Chain,2021 年 11 月 23 日，BSC 借貸協議 Ploutoz 遭閃電貸價格操縱攻擊，DeFiHackLabs 記載損失約 36.5 萬美元。攻擊者從 PancakeSwap 閃電貸借入約 100 萬 BUSD，在 Twindex 與 PancakeSwap 大量買進 DOP 拉抬價格，再以少量被高估的 DOP 作為抵押品，從多個借貸池借出 CAKE、DOLLY、WETH、BTCB、USDT 與 BUSD。最後賣出 DOP 償還閃電貸，把借來的資產換成穩定幣獲利。,Ploutoz 接受 DOP 作為抵押品，但其估價取自可在單筆交易內被操縱的 DEX 交易池即時價格。攻擊者用大額買單推高 DOP 價格後，抵押品價值被嚴重高估，因而得以超額借款且無須償還。,資料來源未記載資金追回或後續處理。,medium,"Record based on the DeFiHackLabs entry (root cause 'Flash Loan', lost '365K') and PoC Ploutoz_exp.sol ('@KeyInfo - Total Lost : 365K'; vulnerable contract is the DOP token address). The lost text has no currency unit; it is taken as USD (~$365,000), following DeFiHackLabs' convention. [Draft: not yet independently reviewed.]",3,https://bscscan.com/tx/0x7fe46c2746855dd57e18f4d33522849ff192e4e26c74835799ba8dab89099457 | https://github.com/SunWeb3Sec/DeFiHackLabs/blob/main/src/test/2021-11/Ploutoz_exp.sol | https://x.com/peckshield/status/1463113809111896065
nerve-bridge-2021-12,2021-12-14,2021,Nerve Bridge,dex_amm,去中心化交易所 / AMM,smart_contract_bug,合約 / 程式邏輯漏洞,business_logic,業務邏輯錯誤,"Swap metapool attack: repeated swap/removeLiquidity/swapUnderlying loop on Nerve fUSDT MetaSwap, flash-loan funded",,,,unknown,不明,Not stated in the DeFiHackLabs entry (PoC profit in BUSD extracted from the Nerve fUSDT metapool),Unknown,bsc_only,只有 BNB Smart Chain,2021 年 12 月 14 日，Nerve 在 BSC 上的 fUSDT 元池（MetaSwap）遭到攻擊。攻擊者從 ForTube 閃電貸借入 5 萬 BUSD，在 Ellipsis 換成 fUSDT，再重複七次以下循環：在元池用 fUSDT 換取 Nerve 3LP、從 Nerve 3pool 贖回 BUSD、再用 swapUnderlying 把 BUSD 換回 fUSDT。每一輪都能拿回多於投入的 fUSDT，最後換回 BUSD、歸還閃電貸並獲利。,MetaSwap 元池在 swap（元池代幣兌換基礎池 LP）與 swapUnderlying（直接兌換基礎池底層資產）兩條路徑中，對基礎池 LP 價值的計算不一致，導致兌換結果有誤。攻擊者因此能靠來回兌換，持續從池中套取資產。,資料來源未記載資金追回或後續處理。,medium,"Record based on the DeFiHackLabs entry (root cause 'Swap Metapool Attack') and PoC NerveBridge_exp.sol (BSC fork block 12,653,565; ForTube flash loan of 50,000 BUSD). The exact pricing flaw is summarized at a high level from the PoC flow and the referenced BlockSec analysis title. No loss figure is given, so loss_usd is null. [Draft: not yet independently reviewed.]",3,https://blocksecteam.medium.com/the-analysis-of-nerve-bridge-security-incident-ead361a21025 | https://bscscan.com/tx/0xea95925eb0438e04d0d81dc270a99ca9fa18b94ca8c6e34272fc9e09266fcf1d | https://github.com/SunWeb3Sec/DeFiHackLabs/blob/main/src/test/2021-12/NerveBridge_exp.sol
paraluni-2022-03,2022-03-13,2022,Paraluni,yield_vault,收益金庫,smart_contract_bug,合約 / 程式邏輯漏洞,reentrancy,重入攻擊,Flash loan + reentrancy via malicious token in MasterChef depositByAddLiquidity,,,,unknown,不明,Not stated in the DeFiHackLabs entry (USDT and BUSD from the Paraluni MasterChef USDT-BUSD pool),Unknown,bsc_only,只有 BNB Smart Chain,2022 年 3 月 13 日，BSC 上 Paraluni 收益農場的 MasterChef 合約遭到攻擊。攻擊者部署兩個惡意代幣合約，透過 PancakeSwap 閃電貸借入 USDT 與 BUSD，呼叫 depositByAddLiquidity 時傳入惡意代幣位址。在惡意代幣的 transferFrom 回呼中，攻擊者重入同一函式，用真實的 USDT/BUSD 添加流動性，使同一筆 LP 被重複記帳，之後提領兩份 LP 拆回 USDT 與 BUSD 獲利。,MasterChef 的 depositByAddLiquidity 未驗證傳入的代幣位址是否與該池 LP 的代幣一致，也缺乏重入保護；它以添加流動性前後的 LP 餘額差計算存入數量。攻擊者在惡意代幣的 transferFrom 中重入，使重入呼叫新增的 LP 同時被記入惡意合約與外層攻擊者的存款，造成重複記帳。,資料來源未記載資金追回或後續處理。,medium,"Record based on the DeFiHackLabs entry (root cause 'Flashloan & Reentrancy') and PoC Paraluni_exp.sol (BSC fork block 16,008,280; EvilToken re-enters depositByAddLiquidity on pool 18). No loss figure is given, so loss_usd is null. [Draft: not yet independently reviewed.]",3,https://github.com/SunWeb3Sec/DeFiHackLabs/blob/main/src/test/2022-03/Paraluni_exp.sol | https://halborn.com/explained-the-paraluni-hack-march-2022/ | https://twitter.com/peckshield/status/1502815435498176514
gym-network-2022-04,2022-04-09,2022,GYM Network,other,其他,smart_contract_bug,合約 / 程式邏輯漏洞,business_logic,業務邏輯錯誤,Flash loan + token migration flaw in LiquidityMigrationV2.migrate(),,,,unknown,不明,"Not stated in the DeFiHackLabs entry (GYMNET held by LiquidityMigrationV2, sold for WBNB)",Unknown,bsc_only,只有 BNB Smart Chain,"2022 年 4 月 9 日，BSC 上 GYM Network 的流動性遷移合約 LiquidityMigrationV2 遭到攻擊。攻擊者以閃電貸借入 2,400 WBNB，先買進 GYM，並依遷移合約持有的 GYMNET 數量在 WBNB/GYM 池添加流動性。接著呼叫 migrate 把這些 LP 遷移成 WBNB/GYMNET LP，再移除流動性，把 GYM 與 GYMNET 賣成 WBNB，歸還閃電貸後獲利。",LiquidityMigrationV2 的 migrate 函式允許任何人把 WBNB/GYM LP 換成 WBNB/GYMNET LP，並由合約自身持有的 GYMNET 按數量配對。合約既未限制只能遷移原有的 LP 部位，也未檢查兩種代幣的實際價值，攻擊者因此能臨時建立大額 LP 後遷移，取走合約中的 GYMNET。,資料來源未記載資金追回或後續處理。,medium,"Record based on the DeFiHackLabs entry (root cause 'Flashloan + token migrate flaw') and PoC Gym_1_exp.sol (BSC fork block 16,798,806), where the attacker sizes the added GYM to the migration contract's GYMNET balance before calling migrate(). No loss figure is given, so loss_usd is null. [Draft: not yet independently reviewed.]",3,https://github.com/SunWeb3Sec/DeFiHackLabs/blob/main/src/test/2022-04/Gym_1_exp.sol | https://medium.com/@Beosin_com/beosin-analysis-of-the-attack-on-gymdefi-e5a23bfd93fe | https://twitter.com/BlockSecTeam/status/1512832398643265537
creat-future-2022-04,2022-04-11,2022,Creat Future,other,其他,smart_contract_bug,合約 / 程式邏輯漏洞,access_control,權限控管缺失,Publicly callable _transfer() lets anyone move tokens out of the liquidity pair (DeFiHackLabs label: Overflow),,,,unknown,不明,Not stated in the DeFiHackLabs entry (CF tokens moved out of the CF liquidity pair),Unknown,bsc_only,只有 BNB Smart Chain,"2022 年 4 月 11 日，BSC 上的 Creat Future（CF）代幣遭到攻擊。PoC 顯示任何人都能直接呼叫 CF 代幣合約的 _transfer 函式，把 CF 交易對中的代幣轉給自己；範例轉出 1,000 顆，扣除手續費後實得 930 顆。攻擊者可藉此掏空流動性池中的 CF 代幣。",CF 代幣合約把原本應只供內部使用的 _transfer 函式設為對外可呼叫，也未檢查呼叫者是否為轉出位址或已獲授權，任何人都能指定任意 from 位址搬走他人（包括流動性池）的代幣。DeFiHackLabs 將此事件標記為「Overflow」，但 PoC 呈現的其實是存取控制缺失。,資料來源未記載資金追回或後續處理。,medium,"Record based on the DeFiHackLabs entry (root cause label 'Overflow') and PoC cftoken_exp.sol (BSC fork block 16,841,980), which calls ICFToken._transfer(cfpair, attacker, 1000e18) directly and yields 930 CF after fees. The PoC shows an access-control flaw rather than an overflow, so vuln_pattern follows the PoC. The candidate BlockSec tweet appears to date from August 2022, so it was not cited. No loss figure is given, so loss_usd is null. [Draft: not yet independently reviewed.]",2,https://bscscan.com/tx/0xc7647406542f8f2473a06fea142d223022370aa5722c044c2b7ea030b8965dd0 | https://github.com/SunWeb3Sec/DeFiHackLabs/blob/main/src/test/2022-04/cftoken_exp.sol
elephant-money-2022-04,2022-04-12,2022,Elephant Money,stablecoin,穩定幣,oracle_price_manipulation,預言機 / 價格操縱,,,Flashloan & price oracle manipulation of ELEPHANT around TRUNK mint/redeem,,,,unknown,不明,"Not stated in the DeFiHackLabs entry (BUSD and ELEPHANT drained from the Elephant Money TRUNK reserve, profit in WBNB/BUSD)",Unknown,bsc_only,只有 BNB Smart Chain,"2022 年 4 月 12 日，BSC 上的 Elephant Money 遭閃電貸價格操縱攻擊。攻擊者借入 10 萬 WBNB 與 9,000 萬 BUSD，先用 WBNB 大量買進 ELEPHANT 拉抬價格，再用 BUSD 呼叫其未驗證合約的 mint 鑄造穩定幣 TRUNK。接著攻擊者賣出 ELEPHANT 壓低價格，隨即用 TRUNK 呼叫 redeem 贖回 BUSD 與大量 ELEPHANT，再賣出 ELEPHANT 換回 WBNB，歸還閃電貸後獲利。",Elephant Money 的 TRUNK 鑄造與贖回合約，是依 PancakeSwap 上 ELEPHANT 的即時價格計價。攻擊者能在同一筆交易中先抬價再壓價，使 redeem 發放遠多於應得數量的 ELEPHANT，進而掏空儲備。,資料來源未記載資金追回或後續處理。,medium,"Record based on the DeFiHackLabs entry (root cause 'Flashloan & Price Oracle Manipulation') and PoC Elephant_Money_exp.sol (BSC fork block 16,886,438; unverified contract 0xD520...f834 mint/redeem). No loss figure is given in the entry, so loss_usd is null. [Draft: not yet independently reviewed.]",3,https://github.com/SunWeb3Sec/DeFiHackLabs/blob/main/src/test/2022-04/Elephant_Money_exp.sol | https://medium.com/elephant-money/reserve-exploit-52fd36ccc7e8 | https://twitter.com/BlockSecTeam/status/1513966074357698563
rikkei-finance-2022-04,2022-04-15,2022,Rikkei Finance,lending,借貸協議,smart_contract_bug,合約 / 程式邏輯漏洞,access_control,權限控管缺失,Access control & Price Oracle Manipulation (unprotected SimplePriceOracle.setOracleData),,,,unknown,不明,Not stated in the DeFiHackLabs entry (PoC drains the rUSDC market's USDC cash),Unknown,bsc_only,只有 BNB Smart Chain,Rikkei Finance 是 BNB Smart Chain 上採類 Compound 架構的借貸協定。攻擊者存入極少量 BNB（0.0001 BNB）取得 rBNB 作為抵押，接著呼叫 SimplePriceOracle 的 setOracleData，把 rBNB 的價格來源改成自己部署的合約，使抵押品價值被放大 10^10 倍，再將 rUSDC 市場的可借資金全數借出。,SimplePriceOracle 合約的 setOracleData 函式缺乏存取權限控管，任何人都能替任一市場指定價格來源；攻擊者指向一個回傳「Chainlink BNB 價格乘以 1e10」的假價格來源合約，讓借貸協定以灌水後的抵押品價值放款。,資料來源未記載資金追回或後續處理。,medium,"Record based on the DeFiHackLabs entry and PoC (Rikkei_exp.sol, BSC fork block 16956474). The entry's lost field is blank, so loss_usd is null; the PoC only demonstrates draining the rUSDC market. [Draft: not yet independently reviewed.]",3,https://blockmagnates.com/rikkei-finance-hack/ | https://github.com/SunWeb3Sec/DeFiHackLabs/blob/main/src/test/2022-04/Rikkei_exp.sol | https://rikkeifinance.medium.com/rikkei-finance-incident-investigation-report-b5b1745b0155
zeed-finance-2022-04,2022-04-21,2022,Zeed Finance,other,其他,smart_contract_bug,合約 / 程式邏輯漏洞,business_logic,業務邏輯錯誤,Incorrect calculation in YEED token transfer logic abused via repeated skim across LP pairs,,,,unknown,不明,Not stated in the DeFiHackLabs entry (PoC converts surplus YEED to USDT),Unknown,bsc_only,只有 BNB Smart Chain,Zeed Finance 的 YEED 代幣在 BNB Smart Chain 上與 USDT、HO、ZEED 等代幣組成多個 DEX 交易對。攻擊者先以閃電兌換自 USDT/YEED（HoSwap）交易對借出幾乎全部 YEED，轉入另一個 USDT/YEED 交易對後，在三個交易對之間反覆呼叫 skim 循環轉移代幣 10 輪，使可取出的 YEED 不斷增加。最後歸還借款並將多出的 YEED 經路由換成 USDT 獲利。,依 DeFiHackLabs 標註的「計算錯誤」，YEED 代幣在由交易對轉出時的手續費／獎勵分配計算有誤，使每次 skim 轉移後各交易對可被取出的 YEED 總量增加；攻擊者以迴圈 skim 將此錯誤放大並提走多出的代幣。,資料來源未記載資金追回或後續處理。,medium,"Record based on the DeFiHackLabs entry (root cause 'Incorrect calculation') and PoC (Zeed_exp.sol, BSC fork block 17132514). The exact faulty formula in the YEED token is not shown in the PoC, so the root-cause description is kept general. Lost field blank, so loss_usd is null. [Draft: not yet independently reviewed.]",3,https://bscscan.com/tx/0x0507476234193a9a5c7ae2c47e4c4b833a7c3923cefc6fd7667b72f3ca3fa83a | https://github.com/SunWeb3Sec/DeFiHackLabs/blob/main/src/test/2022-04/Zeed_exp.sol | https://medium.com/@zeedcommunity/the-solution-for-the-yeed-lp-pool-attack-a120c53948cd
wiener-doge-2022-04,2022-04-24,2022,Wiener DOGE,other,其他,smart_contract_bug,合約 / 程式邏輯漏洞,business_logic,業務邏輯錯誤,Flashloan + skim/sync abuse of WDOGE transfer-fee logic,,,,unknown,不明,Not stated in the DeFiHackLabs entry (PoC yields ~70.66 WBNB net profit),Unknown,bsc_only,只有 BNB Smart Chain,"Wiener DOGE（WDOGE）是 BNB Smart Chain 上帶有轉帳扣費機制的代幣。攻擊者透過 PancakeSwap 閃電兌換借入 2,900 WBNB，在 WDOGE/WBNB 交易對買入大量 WDOGE，再將部分 WDOGE 轉回交易對並呼叫 skim 與 sync，壓低交易對記錄的 WDOGE 儲備。最後再賣出 WDOGE 換出約 2,978.66 WBNB，歸還 2,908 WBNB 後獲利約 70.66 WBNB。",WDOGE 的轉帳扣費機制與 AMM 交易對的 skim／sync 不相容：由交易對轉出代幣時額外扣除的數量會使交易對實際餘額低於帳面儲備，sync 後儲備被壓低、WDOGE 價格被人為拉高，攻擊者得以高價賣出 WDOGE 抽走 WBNB。,資料來源未記載資金追回或後續處理。,medium,"Record based on the DeFiHackLabs entry (root cause 'Flashloan') and PoC (Wdoge_exp.sol, BSC fork block 17248705). The entry's lost field is blank, so loss_usd is null; the PoC's net profit (~70.66 WBNB = 2,978.66 WBNB out minus 2,908 WBNB repaid) is derived from the PoC constants, not an official loss figure. Fee mechanism described from the skim/sync pattern in the PoC. [Draft: not yet independently reviewed.]",3,https://bscscan.com/tx/0x4f2005e3815c15d1a9abd8588dd1464769a00414a6b7adcbfd75a5331d378e1d | https://github.com/SunWeb3Sec/DeFiHackLabs/blob/main/src/test/2022-04/Wdoge_exp.sol | https://twitter.com/solid_group_1/status/1519034573354676224
hackdao-2022-05,2022-05-24,2022,HackDao,other,其他,smart_contract_bug,合約 / 程式邏輯漏洞,business_logic,業務邏輯錯誤,Skim token balance (skim-triggered burn in LP + sync),,,,unknown,不明,Not stated in the DeFiHackLabs entry (PoC profits in WBNB),Unknown,bsc_only,只有 BNB Smart Chain,"HackDao 是 BNB Smart Chain 上的代幣，同時有 HackDao/WBNB 與 HackDao/USDT 兩個 PancakeSwap 交易對。攻擊者從 DODO 閃電貸借入 1,900 WBNB 買入 HackDao，將代幣轉入 HackDao/WBNB 交易對後呼叫 skim 轉到 HackDao/USDT 交易對並 sync，再由 USDT 交易對 skim 回 WBNB 交易對。最後以交易對中多出的 HackDao 換出 WBNB 並償還閃電貸獲利。",HackDao 代幣在由交易對轉出時會銷毀交易對中的代幣（PoC 註解：call skim() to burn HackDao in lp），攻擊者利用 skim 觸發銷毀並以 sync 更新儲備，壓低交易對的 HackDao 儲備、抬高價格後賣出獲利。,資料來源未記載資金追回或後續處理。,medium,"Record based on the DeFiHackLabs entry (root cause 'Skim token balance') and PoC (HackDao_exp.sol, BSC fork block 18073756). Lost field blank, so loss_usd is null. [Draft: not yet independently reviewed.]",2,https://github.com/SunWeb3Sec/DeFiHackLabs/blob/main/src/test/2022-05/HackDao_exp.sol | https://twitter.com/BlockSecTeam/status/1529084919976034304
novo-protocol-2022-05,2022-05-29,2022,NOVO Protocol,other,其他,smart_contract_bug,合約 / 程式邏輯漏洞,access_control,權限控管缺失,Flashloan & Price Oracle Manipulation via unrestricted NOVO transferFrom (no check on `from`),,,,unknown,不明,Not stated in the DeFiHackLabs entry (PoC profits in WBNB),Unknown,bsc_only,只有 BNB Smart Chain,NOVO Protocol 的 NOVO 代幣部署於 BNB Smart Chain。攻擊者透過 PancakeSwap 閃電兌換借入 17.2 WBNB 買入 NOVO，接著直接呼叫 NOVO 的 transferFrom，將約 1.14 億枚 NOVO 從 NOVO/WBNB 交易對轉到 NOVO 合約本身。之後呼叫 sync 使交易對的 NOVO 儲備驟減、價格暴漲，再把手上的 NOVO 賣回換取 WBNB 並償還借款。,NOVO 代幣的 transferFrom 未過濾 from 參數、未檢查呼叫者是否獲得 from 地址授權，任何人都能把交易對持有的 NOVO 轉走，進而操縱 PancakeSwap 的現貨價格。,資料來源未記載資金追回或後續處理。,medium,"Record based on the DeFiHackLabs entry (root cause 'Flashloan & Price Oracle Manipulation') and PoC (Novo_exp.sol, BSC fork block 18225002; attack tx 0xc346adf1...). Classified as smart_contract_bug/access_control because the PoC shows the enabling flaw is NOVO's transferFrom not filtering `from`. Lost field blank, so loss_usd is null. [Draft: not yet independently reviewed.]",3,https://bscscan.com/tx/0xc346adf14e5082e6df5aeae650f3d7f606d7e08247c2b856510766b4dfcdc57f | https://github.com/SunWeb3Sec/DeFiHackLabs/blob/main/src/test/2022-05/Novo_exp.sol | https://www.panewslab.com/zh_hk/articledetails/f40t9xb4.html
discover-2022-06,2022-06-06,2022,Discover,staking,質押服務,oracle_price_manipulation,預言機 / 價格操縱,,,Flashloan & Price Oracle Manipulation (ETHpledge pledgein priced from PancakeSwap spot reserves),,,,unknown,不明,Not stated in the DeFiHackLabs entry (PoC obtains Discover tokens via pledgein),Unknown,bsc_only,只有 BNB Smart Chain,"Discover 是 BNB Smart Chain 上的代幣，其 ETHpledge 質押合約讓使用者以 USDT 認購並取得 Discover。攻擊者透過 PancakeSwap 閃電兌換自交易對借出約 19,810 USDT 扭曲交易對價格，再呼叫 pledgein 投入 2,000 USDT，以失真的價格取得大量 Discover 代幣。",ETHpledge 合約依 PancakeSwap 交易對的即時現貨價格計算應發放的 Discover 數量，沒有防操縱機制，閃電貸即可在同一筆交易中扭曲價格並低價換得大量代幣。,資料來源未記載資金追回或後續處理。,low,"Record based on the DeFiHackLabs entry (root cause 'Flashloan & Price Oracle Manipulation') and PoC (Discover_exp.sol, BSC fork block 18446845). The PoC is incomplete (it intentionally does not repay the flash swap and does not show final profit), so the pricing mechanism is summarized at a high level. Lost field blank, so loss_usd is null. [Draft: not yet independently reviewed.]",3,https://bscscan.com/tx/0x8a33a1f8c7af372a9c81ede9e442114f0aabb537e5c3a22c0fd7231c4820f1e9 | https://github.com/SunWeb3Sec/DeFiHackLabs/blob/main/src/test/2022-06/Discover_exp.sol | https://www.anquanke.com/post/id/274003
gymnetwork-2022-06,2022-06-08,2022,GYMNetwork,staking,質押服務,smart_contract_bug,合約 / 程式邏輯漏洞,access_control,權限控管缺失,Access control: unprotected depositFromOtherContract in GymSinglePool,,,,unknown,不明,Not stated in the DeFiHackLabs entry (PoC withdraws GYMNET from GymSinglePool),Unknown,bsc_only,只有 BNB Smart Chain,GYM Network 的 GymSinglePool 是 BNB Smart Chain 上的 GYMNET 單幣質押池。攻擊者直接呼叫 depositFromOtherContract，在未轉入任何代幣的情況下替自己登記約 80 億枚 GYMNET 的存款，待時間推進後呼叫 withdraw 將池中的 GYMNET 提走。,depositFromOtherContract 原本應只供協定內部合約呼叫，卻缺乏存取權限檢查，也不向呼叫者收取代幣，使任何人都能憑空記帳存款並在之後提領池中資產。,資料來源未記載資金追回或後續處理。,medium,"Record based on the DeFiHackLabs entry (root cause 'Accesscontrol') and PoC (Gym_2_exp.sol, BSC fork block 18501049). The deposit amount 8,000,000,000.000000000000000666 GYMNET is taken from the PoC. Lost field blank, so loss_usd is null. [Draft: not yet independently reviewed.]",3,https://github.com/SunWeb3Sec/DeFiHackLabs/blob/main/src/test/2022-06/Gym_2_exp.sol | https://twitter.com/peckshield/status/1534423219607719936 | https://www.jinse.com/news/blockchain/1658455.html
spacegodzilla-2022-07,2022-07-13,2022,SpaceGodzilla,other,其他,oracle_price_manipulation,預言機 / 價格操縱,,,Flashloans & Price Manipulation via publicly callable swapTokensForOther / swapAndLiquifyStepv1,25378.0,,25378.0,unknown,不明,"25,378 BUSD (per PoC header; entry lost field blank)",Unknown,bsc_only,只有 BNB Smart Chain,"SpaceGodzilla 是 BNB Smart Chain 上內建自動換幣與加流動性機制的代幣。攻擊者從 16 個流動性池以閃電貸籌得約 295 萬 USDT，先呼叫代幣合約公開的 swapTokensForOther 讓合約賣出代幣，再投入大量 USDT 換走交易對中的 SpaceGodzilla，接著呼叫 swapAndLiquifyStepv1 讓合約在被操縱的價格下執行換幣與加流動性。最後將 SpaceGodzilla 賣回交易對取回 USDT，造成約 25,378 BUSD 損失。",SpaceGodzilla 合約的 swapTokensForOther 與 swapAndLiquifyStepv1 可由任何人呼叫，且直接依 PancakeSwap 現貨價格執行換幣、沒有滑價保護；攻擊者可在自行操縱價格後強迫合約以不利價格交易，從中套利。,資料來源未記載資金追回或後續處理。,medium,"Record based on the DeFiHackLabs entry (root cause 'Flashloans & Price Manipulation') and PoC (SpaceGodzilla_exp.sol, BSC fork block 19523980). Loss taken from the PoC header 'Total Lost: 25,378 BUSD', valued at 1 BUSD = 1 USD. The PoC skips the 16-pool flash loan and simulates the ~2.95M USDT starting capital. [Draft: not yet independently reviewed.]",3,https://bscscan.com/tx/0x7f183df11f1a0225b5eb5bb2296b5dc51c0f3570e8cc15f0754de8e6f8b4cca4 | https://github.com/SunWeb3Sec/DeFiHackLabs/blob/main/src/test/2022-07/SpaceGodzilla_exp.sol | https://medium.com/numen-cyber-labs/spacegodzilla-attack-event-analysis-d29a061b17e1
lpc-2022-07,2022-07-25,2022,LPC,other,其他,smart_contract_bug,合約 / 程式邏輯漏洞,business_logic,業務邏輯錯誤,"Business Logic Flaw: incorrect recipient balance check, no sender != recipient check in transfer (self-transfer inflation)",45715.0,,45715.0,unknown,不明,"178 BNB (~45,715 USD)",Unknown,bsc_only,只有 BNB Smart Chain,"LPC 是 BNB Smart Chain 上的代幣。攻擊者從 PancakeSwap LPC/USDT 交易對以閃電兌換借出幾乎全部 LPC，對自己連續轉帳 10 次使 LPC 餘額大幅膨脹，歸還借款（含約 10% 轉帳手續費）後，再於下一筆交易把多出的 LPC 換成 USDT。此事件損失約 178 BNB（約 45,715 美元）。",LPC 的 transfer 對收款方餘額的檢查與更新有誤，且未檢查 sender 與 recipient 是否相同；自我轉帳時餘額會被重複計入，使攻擊者每轉一次餘額就憑空增加。,資料來源未記載資金追回或後續處理。,medium,"Record based on the DeFiHackLabs entry and PoC (LPC_exp.sol, BSC fork block 19852596; attack tx 0x0e970ed8...). loss_usd uses the entry's parsed value (178 BNB ~ 45,715 USD). [Draft: not yet independently reviewed.]",3,https://github.com/SunWeb3Sec/DeFiHackLabs/blob/main/src/test/2022-07/LPC_exp.sol | https://twitter.com/BeosinAlert/status/1551535854681718784 | https://www.panewslab.com/zh_hk/articledetails/uwv4sma2.html
qixi-2022-08,2022-08-03,2022,Qixi,other,其他,smart_contract_bug,合約 / 程式邏輯漏洞,arithmetic,數值計算錯誤（溢位 / 捨入 / 精度）,Underflow in token transfer used to satisfy AMM K check,1972.0,,1972.0,unknown,不明,~6.8 BNB (per PoC header; entry lost field blank),Unknown,bsc_only,只有 BNB Smart Chain,"Qixi 是 BNB Smart Chain 上的代幣。攻擊者以閃電兌換借出 QIXI/WBNB 交易對中幾乎全部 WBNB，並在回呼中把 999,999,999,999,999 枚遠超過自身持有量的 QIXI 轉入交易對。由於餘額下溢讓轉帳成功，交易對的恆定乘積檢查得以通過，攻擊者無須歸還 WBNB，造成約 6.8 BNB 損失。",Qixi 代幣的轉帳函式扣減寄件方餘額時沒有防止整數下溢（未檢查餘額是否足夠），餘額不足的地址也能轉出任意數量代幣；攻擊者藉此憑空轉入巨量代幣，滿足 AMM 交易對的 K 值檢查。,資料來源未記載資金追回或後續處理。,medium,"Record based on the DeFiHackLabs entry (root cause 'Underflow') and PoC (Qixi_exp.sol, BSC fork block 20120884). Loss taken from the PoC header 'Total Lost: ~6.8 BNB' and valued at an approximate BNB price of ~290 USD on 2022-08-03 (6.8 x 290 = ~1,972 USD). [Draft: not yet independently reviewed.]",3,https://app.blocksec.com/explorer/tx/bsc/0x16be4fe1c8fcab578fcb999cbc40885ba0d4ba9f3782a67bd215fb56dc579062 | https://github.com/SunWeb3Sec/DeFiHackLabs/blob/main/src/test/2022-08/Qixi_exp.sol | https://x.com/8olidity/status/1555366421693345792
etnproduct-2022-08,2022-08-04,2022,EtnProduct,other,其他,smart_contract_bug,合約 / 程式邏輯漏洞,business_logic,業務邏輯錯誤,Business logic flaw in ETN shop/product flow (Business Logic Flaw),3074.0,,3074.0,unknown,不明,"~3,074 USD (attacker profit taken in BUSDT, per PoC header; DeFiHackLabs lost field empty)",Unknown,bsc_only,只有 BNB Smart Chain,"2022 年 8 月 4 日，BSC 上的 EtnProduct 相關合約遭到攻擊。攻擊者自 DODO 閃電貸借入 9,400 BUSDT，依序鑄造 ETN NFT、邀請自身、建立商店，並以極高價格（10,000,000,000）呼叫 newProduct 上架商品，接著將合約持有的 60 萬枚交易對 LP 代幣轉回交易對並 burn 取出 U 代幣，再透過 Market 合約的 saleU 換成 BUSDT 獲利。依 PoC 標頭記載，損失約 3,074 美元。",DeFiHackLabs 將其歸類為商業邏輯缺陷：PoC 顯示攻擊者可經由鑄造 NFT、自我邀請、建立商店及以任意極高價格建立商品等低成本流程，取得可贖回的 LP 代幣與 U 代幣並兌換成 BUSDT，推測相關結算或獎勵邏輯未對價格等參數做合理限制；PoC 未附程式碼說明，確切缺陷細節有待查證。,資料來源未記載資金追回或後續處理。,low,"Record based on the DeFiHackLabs entry and PoC (EtnProduct_exp.sol). DeFiHackLabs lost field is empty; loss_usd taken from the PoC header line 'Total Lost : ~3074 USD'. PoC header lists attacker 0xde703797fe9219b0485fb31eda627aa182b1601e and attack contract 0x178bf96e303fb31aef1b586271a63acd33e4eaf7. The PoC does not explain how the attack contract obtains the LP tokens it burns, so the exact bug is inferred and confidence is low. [Draft: not yet independently reviewed.]",3,https://app.blocksec.com/explorer/tx/bsc/0x72321a3b50bb68ac3b46b0ab973b0e87b6c48ab73d23c4ba2cb73527f978d995 | https://github.com/SunWeb3Sec/DeFiHackLabs/blob/main/src/test/2022-08/EtnProduct_exp.sol | https://x.com/BeosinAlert/status/1555439220474642432
egd-finance-2022-08,2022-08-07,2022,EGD Finance,staking,質押服務,oracle_price_manipulation,預言機 / 價格操縱,,,Flash loan spot-price manipulation of reward price oracle (Flashloans & Price Manipulation),36044.0,,36044.0,unknown,不明,"~36,044 USD (USDT)",Unknown,bsc_only,只有 BNB Smart Chain,"2022 年 8 月 7 日，BSC 上的質押獎勵專案 EGD Finance 遭到閃電貸價格操縱攻擊，損失約 36,044 美元。攻擊者先質押 100 USDT，之後從 USDT/WBNB 交易對閃電借入 2,000 USDT，再以閃電兌換借出 EGD/USDT 交易對中 99.99999925% 的 USDT，使 EGD 價格被壓到極低，趁機呼叫 claimAllReward 領取大量 EGD 獎勵，最後換回 USDT 並償還兩筆閃電貸。",EGD Finance 的 getEGDPrice 以 EGD/USDT PancakeSwap 交易對的即時代幣餘額計算 EGD 價格，並據此將以 USDT 計價的獎勵換算成 EGD 發放數量；攻擊者在閃電兌換期間抽乾交易對的 USDT 使價格失真，claimAllReward 因而發放遠超正常數量的 EGD。,資料來源未記載資金追回或後續處理。,medium,"Record based on the DeFiHackLabs entry and PoC (EGD_Finance_exp.sol); loss_usd uses loss_usd_parsed. PoC header lists attacker 0xee0221d76504aec40f63ad7e36855eebf5ea5edd, attack contract 0xc30808d9373093fbfcec9e026457c6a9dab706a7, vulnerable proxy 0x34bd6dba456bc31c2b3393e499fa10bed32a9370 and attack tx 0x50da0b1b...a2b3. The BscScan candidate link is the attacker's preparatory stake tx, not the attack tx. [Draft: not yet independently reviewed.]",3,https://github.com/SunWeb3Sec/DeFiHackLabs/blob/main/src/test/2022-08/EGD_Finance_exp.sol | https://twitter.com/BlockSecTeam/status/1556483435388350464 | https://twitter.com/PeckShieldAlert/status/1556486817406283776
anch-2022-08,2022-08-09,2022,ANCH,other,其他,smart_contract_bug,合約 / 程式邏輯漏洞,business_logic,業務邏輯錯誤,Repeated skim to the pair itself inflating token balance (Skim token balance),,,,unknown,不明,Not stated in source (attacker profit taken in USDT per PoC),Unknown,bsc_only,只有 BNB Smart Chain,"2022 年 8 月 9 日，BSC 上的 ANCH 代幣遭到攻擊。攻擊者自 DODO 閃電貸借入 50,000 USDT 買入 ANCH，將全部 ANCH 轉入 ANCH/USDT 交易對後，連續 60 次呼叫 skim 並把多餘代幣轉回交易對本身，再將累積的超額 ANCH skim 給自己並賣出換取 USDT，償還閃電貸後獲利。資料來源未記載損失金額。",PoC 顯示 ANCH 代幣的自訂轉帳邏輯在交易對將代幣 skim 給自己時處理錯誤，使交易對的 ANCH 餘額可透過反覆 skim 不斷累積而超出儲備量；攻擊者放大超額餘額後一次提走並賣出，屬於代幣轉帳邏輯與 AMM skim 機制互動的缺陷。,資料來源未記載資金追回或後續處理。,medium,"Record based on the DeFiHackLabs entry and PoC (ANCH_exp.sol). DeFiHackLabs lost field is empty and the PoC has no Total Lost line, so loss_usd is null. The PoC does not include the ANCH token source; the exact transfer-logic flaw is inferred from the repeated skim(address(Pair)) loop. [Draft: not yet independently reviewed.]",3,https://github.com/SunWeb3Sec/DeFiHackLabs/blob/main/src/test/2022-08/ANCH_exp.sol | https://twitter.com/AnciliaInc/status/1557527183966408706 | https://twitter.com/AnciliaInc/status/1557846766682140672
ddc-2022-08,2022-08-28,2022,DDC,other,其他,smart_contract_bug,合約 / 程式邏輯漏洞,access_control,權限控管缺失,Unprotected handleDeductFee drains pair balance before sync (Unchecked External Calls),,,,unknown,不明,Not stated in source (attacker profit taken in USDT per PoC),Unknown,bsc_only,只有 BNB Smart Chain,2022 年 8 月 28 日，BSC 上的 DDC 代幣遭到攻擊。攻擊者先以 0.1 BNB 經專案路由器買入少量 DDC，接著直接呼叫 DDC 合約公開的 handleDeductFee 函式，將 DDC/USDT 交易對的 DDC 餘額扣到只剩最小單位，再呼叫 sync 更新儲備，最後以被扭曲的高價賣出手上的 DDC，換走交易對中的 USDT。資料來源未記載損失金額。,"DDC 的 handleDeductFee(actionType, feeAmount, from, user) 函式缺乏呼叫者權限檢查，任何人都能指定任意地址（包括流動性交易對）作為扣費來源並扣除其代幣；交易對餘額被清空後經 sync 寫入儲備，導致 DDC 價格被嚴重扭曲。",資料來源未記載資金追回或後續處理。,medium,"Record based on the DeFiHackLabs entry and PoC (DDC_exp.sol). DeFiHackLabs labels the root cause 'Unchecked External Calls'; the PoC shows the effective bug is a publicly callable fee-deduction function, so vuln_pattern is access_control. Lost field empty and no Total Lost line in the PoC, so loss_usd is null. [Draft: not yet independently reviewed.]",3,https://github.com/SunWeb3Sec/DeFiHackLabs/blob/main/src/test/2022-08/DDC_exp.sol | https://immunebytes.com/blog/ddc-token-hack-aug-28-2022-detailed-analysis/ | https://x.com/BeosinAlert/status/1564240190851383302
shadowfi-2022-09,2022-09-02,2022,ShadowFi,other,其他,smart_contract_bug,合約 / 程式邏輯漏洞,access_control,權限控管缺失,Public burn of the pair's SDF followed by sync (Access Control),,,,unknown,不明,Not stated in source (attacker profit taken in WBNB per PoC),Unknown,bsc_only,只有 BNB Smart Chain,2022 年 9 月 2 日，BSC 上的 ShadowFi（SDF）代幣遭到攻擊。攻擊者以少量 WBNB 買入 SDF 後，呼叫 SDF 合約公開的 burn 函式，將 SDF/WBNB 交易對中幾乎全部的 SDF 銷毀，再呼叫 sync 更新儲備使 SDF 價格暴漲，接著賣出手上的 SDF 換走池中的 WBNB。資料來源未記載損失金額。,"SDF 代幣的 burn(address, uint256) 函式未檢查呼叫者權限，任何人都能銷毀任意地址（包括流動性交易對）持有的代幣；交易對餘額被銷毀並 sync 後儲備比例嚴重失衡，攻擊者可用極少量 SDF 換出大量 WBNB。",資料來源未記載資金追回或後續處理。,medium,"Record based on the DeFiHackLabs entry and PoC (Shadowfi_exp.sol). DeFiHackLabs lost field is empty and the PoC has no Total Lost line, so loss_usd is null. [Draft: not yet independently reviewed.]",3,https://bscscan.com/tx/0xe30dc75253eecec3377e03c532aa41bae1c26909bc8618f21fb83d4330a01018 | https://github.com/SunWeb3Sec/DeFiHackLabs/blob/main/src/test/2022-09/Shadowfi_exp.sol | https://twitter.com/PeckShieldAlert/status/1565549688509861888
zoomprofinance-2022-09,2022-09-05,2022,ZoomproFinance,other,其他,oracle_price_manipulation,預言機 / 價格操縱,,,Flash loan + fake-USDT injection into pricing pair via public batchToken (Flashloans & Price Manipulation),,,,unknown,不明,Not stated in source (attacker profit taken in USDT per PoC),Unknown,bsc_only,只有 BNB Smart Chain,2022 年 9 月 5 日，BSC 上的 ZoomproFinance 遭到閃電貸價格操縱攻擊。攻擊者向 PancakeSwap 交易對閃電借入 300 萬 USDT，透過專案的交換合約買入 Zoom，接著呼叫 Batch Token 合約的 batchToken，將 100 萬枚假 USDT（fUSDT）轉入 fUSDT/Zoom 交易對並呼叫 sync，使 Zoom 報價大幅拉高，再把 Zoom 賣回交換合約換取真 USDT，償還閃電貸後獲利。資料來源未記載損失金額。,ZoomproFinance 交換合約以 fUSDT/Zoom 交易對的即時儲備作為 Zoom 的買賣價格來源，而 Batch Token 合約的 batchToken 可被任何人呼叫並將假 USDT 轉入指定地址；攻擊者藉此向定價交易對灌入 fUSDT 並 sync，操縱價格後以高價賣出 Zoom。,資料來源未記載資金追回或後續處理。,medium,"Record based on the DeFiHackLabs entry and PoC (ZoomproFinance_exp.sol). DeFiHackLabs lost field is empty and the PoC has no Total Lost line, so loss_usd is null. PoC lists attacker 0xc578d755cd56255d3ff6e92e1b6371ba945e3984 and attack contract 0xb8d700f30d93fab242429245e892600dcc03935d. Categorized as price manipulation per the DeFiHackLabs label; the unprotected batchToken is the enabling flaw. [Draft: not yet independently reviewed.]",3,https://bscscan.com/tx/0xe176bd9cfefd40dc03508e91d856bd1fe72ffc1e9260cd63502db68962b4de1a | https://github.com/SunWeb3Sec/DeFiHackLabs/blob/main/src/test/2022-09/ZoomproFinance_exp.sol | https://twitter.com/blocksecteam/status/1567027459207606273
newfreedao-2022-09,2022-09-08,2022,NewFreeDAO,other,其他,smart_contract_bug,合約 / 程式邏輯漏洞,business_logic,業務邏輯錯誤,Flash-loaned balance recycled across fresh contracts to farm balance-based rewards (Flashloans Attack),1250000.0,,1250000.0,unknown,不明,"4,481 BNB (three attack txs: 2,952.97 + 1,412.77 + 115.57 BNB)",Unknown,bsc_only,只有 BNB Smart Chain,"2022 年 9 月 8 日，BSC 上的 NewFreeDAO（NFD）獎勵合約遭到閃電貸攻擊，攻擊者分三筆交易共獲利約 4,481 BNB（約 125 萬美元）。攻擊者自 DODO 閃電貸借入 250 WBNB 換成 NFD，接著循環建立 50 個新合約，每次把全部 NFD 轉入新合約並呼叫獎勵函式（selector 0x6811e3b9）依持幣量領取 NFD 獎勵後再轉回，最後賣出 NFD 換回 WBNB 並償還閃電貸。",獎勵合約的領取函式只依呼叫者當下的 NFD 餘額計算獎勵，且新地址的上次領取時間預設為全域起始時間，使剛建立的合約可立即依經過的期數領取獎勵；合約未要求持幣鎖定或檢查持有期間，因此同一筆閃電貸資金可在多個新地址間轉移並重複領獎。,資料來源未記載資金追回或後續處理。,medium,"Record based on the DeFiHackLabs entry and PoC (NewFreeDAO_exp.sol, including the decompiled reward contract 0x8b068e22e9a4a9bca3c321e0ec428abf32691d1e). DEVIATION: the DeFiHackLabs lost text reads '4481 BNB (~125M US$)' and loss_usd_parsed is 125,000,000, which is inconsistent with 4,481 BNB at roughly US$280/BNB on 2022-09-08 (about US$1.25M); treated as a typo for ~1.25M and loss_usd set to 1,250,000. Revert to 125000000 only if the parsed value must be kept verbatim. PoC lists attacker 0x22c9736d4fc73a8fa0eb436d2ce919f5849d6fd2 and attack contract 0xa35ef9fa2f5e0527cb9fbb6f9d3a24cfed948863. [Draft: not yet independently reviewed.]",3,https://github.com/SunWeb3Sec/DeFiHackLabs/blob/main/src/test/2022-09/NewFreeDAO_exp.sol | https://twitter.com/BeosinAlert/status/1567757251024396288 | https://twitter.com/SlowMist_Team/status/1567854876633309186
ragnarok-online-invasion-2022-09,2022-09-08,2022,Ragnarok Online Invasion,other,其他,smart_contract_bug,合約 / 程式邏輯漏洞,access_control,權限控管缺失,Unprotected transferOwnership then reflection-fee manipulation (Broken Access Control),44000.0,,44000.0,unknown,不明,"157.98 BNB (~44,000 USD)",Unknown,bsc_only,只有 BNB Smart Chain,"2022 年 9 月 8 日，BSC 上的 Ragnarok Online Invasion（ROI）代幣遭到攻擊，損失 157.98 BNB（約 44,000 美元）。攻擊者呼叫任何人都能執行的 transferOwnership 取得 ROI 代幣合約的擁有者權限，將各項手續費歸零、把主要持有人排除於反射獎勵之外，再把稅率調到 99%，利用 BUSD/ROI 交易對的閃電兌換讓稅費由交易對承擔。最後透過 includeInReward 繞過餘額記帳，在帳面餘額為零的情況下賣出大量 ROI 換得 BNB。",ROI 代幣合約的 transferOwnership 缺少擁有者權限檢查，任何人都能成為擁有者並任意修改稅率與反射獎勵設定；再搭配反射型代幣 _rOwned／_tOwned 雙重記帳的邏輯缺陷（includeInReward 會將 _tOwned 歸零而保留 _rOwned），攻擊者得以賣出實際不應持有的 ROI。,資料來源未記載資金追回或後續處理。,medium,"Record based on the DeFiHackLabs entry and PoC (ROI_exp.sol); loss_usd uses loss_usd_parsed. PoC header lists attacker 0x91b7f203ed71c5eccf83b40563e409d2f3531114, attack contract 0x158af3d23d96e3104bcc65b76d1a6f53d0f74ed0, vulnerable ROIToken 0xe48b75dc1b131fd3a8364b0580f76efd04cf6e9c. project_type set to 'other' because the exploited contract is a reflection token; the project's game nature is not described in the source material. [Draft: not yet independently reviewed.]",3,https://github.com/SunWeb3Sec/DeFiHackLabs/blob/main/src/test/2022-09/ROI_exp.sol | https://twitter.com/BlockSecTeam/status/1567746825616236544 | https://twitter.com/CertiKAlert/status/1567754904663429123
yyds-2022-09,2022-09-08,2022,YYDS,other,其他,oracle_price_manipulation,預言機 / 價格操縱,,,Flash swap pair manipulation during reward claims (pair manipulate),,,,unknown,不明,Not stated in source (attacker profit taken in USDT per PoC),Unknown,bsc_only,只有 BNB Smart Chain,2022 年 9 月 8 日，BSC 上的 YYDS 代幣相關合約遭到攻擊。攻擊者自 YYDS/USDT 交易對以閃電兌換借出幾乎全部 USDT，在回呼中呼叫目標合約的 claim 以及 withdrawReturnAmountByReferral、ByMerchant、ByConsumer 等提領函式領取大量 YYDS，再將 YYDS 轉入交易對並補足 USDT 完成還款，賺取差額。資料來源未記載損失金額。,目標合約的 claim 及 withdrawReturnAmountBy* 函式依賴 YYDS/USDT 交易對的即時狀態計算應發放的 YYDS 數量；攻擊者在閃電兌換期間抽走交易對的 USDT 使價格失真，因而領得超額 YYDS。,資料來源未記載資金追回或後續處理。,medium,"Record based on the DeFiHackLabs entry and PoC (Yyds_exp.sol). DeFiHackLabs lost field is empty and the PoC has no Total Lost line, so loss_usd is null. The PoC does not include the target contracts' source; the reliance on the pair's instantaneous state is inferred from claims being made inside the flash-swap callback. [Draft: not yet independently reviewed.]",3,https://bscscan.com/tx/0x04a1f0d1694242515ecb14faa71053901f11a1286cd21c27fe5542f9eeb62356 | https://github.com/SunWeb3Sec/DeFiHackLabs/blob/main/src/test/2022-09/Yyds_exp.sol | https://twitter.com/BlockSecTeam/status/1567928377432051713
dpc-2022-09,2022-09-09,2022,DPC,other,其他,smart_contract_bug,合約 / 程式邏輯漏洞,business_logic,業務邏輯錯誤,Incorrect LP staking reward calculation via repeated claimStakeLp (Incorrect Reward calculation),,,,unknown,不明,Not stated in source (attacker profit taken in WBNB per PoC),Unknown,bsc_only,只有 BNB Smart Chain,2022 年 9 月 9 日，BSC 上的 DPC 代幣質押獎勵機制遭到攻擊。攻擊者以 2 BNB 換成 USDT 與 DPC，呼叫 tokenAirdrop 後加入 USDT/DPC 流動性，並以 stakeLp 質押取得的 LP，一天後連續 9 次呼叫 claimStakeLp 並領取空投獎勵，最後將大量 DPC 賣出換回 WBNB。資料來源未記載損失金額。,DPC 合約的 LP 質押獎勵計算有誤：PoC 顯示在同一時間點重複呼叫 claimStakeLp 仍會重複累計獎勵額度，可領額度未正確更新或重置，使攻擊者能以少量質押放大領取的 DPC 數量。,資料來源未記載資金追回或後續處理。,medium,"Record based on the DeFiHackLabs entry and PoC (DPC_exp.sol). DeFiHackLabs lost field is empty and the PoC has no Total Lost line, so loss_usd is null. The PoC does not include the DPC contract source; the reward-accumulation flaw is inferred from the repeated claimStakeLp calls and the DeFiHackLabs label 'Incorrect Reward calculation'. [Draft: not yet independently reviewed.]",3,https://github.com/SunWeb3Sec/DeFiHackLabs/blob/main/src/test/2022-09/DPC_exp.sol | https://learnblockchain.cn/article/4733 | https://twitter.com/BeosinAlert/status/1568429355919089664
mevbot-private-tx-2022-09,2022-09-13,2022,MevBot private tx,trading_bot,交易機器人 / 交易終端,smart_contract_bug,合約 / 程式邏輯漏洞,access_control,權限控管缺失,Unprotected pancakeCall on MEV bot drains its funds,140000.0,,140000.0,unknown,不明,"~$140K in USDT, WBNB, BUSD and USDC held by the MEV bot",Unknown,bsc_only,只有 BNB Smart Chain,MEV 套利機器人合約（0x64dD...E1d）的 pancakeCall 函式缺乏呼叫者權限檢查，任何人都能傳入自訂參數觸發資金轉出。攻擊者藉此指定代幣，將機器人持有的 USDT、WBNB、BUSD、USDC 全數提領，損失約 14 萬美元。,pancakeCall 未驗證呼叫來源，並將 token0/token1 交由外部呼叫者控制，使攻擊者能指定任意代幣並把機器人餘額轉走。,資料來源未記載資金追回或後續處理。,medium,"Based on the DeFiHackLabs entry and PoC (BNB48MEVBot_exp.sol). PoC forks BSC block 21297409 and repeatedly calls the bot's pancakeCall with attacker-controlled token0/token1, draining each ERC20 balance. Loss taken from DeFiHackLabs parsed value ($140K). [Draft: not yet independently reviewed.]",2,https://blocksecteam.medium.com/the-two-sides-of-the-private-tx-service-on-binance-smart-chain-a76917c3ce51 | https://github.com/SunWeb3Sec/DeFiHackLabs/blob/main/src/test/2022-09/BNB48MEVBot_exp.sol
radt-dao-2022-09,2022-09-23,2022,RADT-DAO,other,其他,smart_contract_bug,合約 / 程式邏輯漏洞,business_logic,業務邏輯錯誤,Flash-loan funded pair reserve (skim/sync) manipulation,,,,unknown,不明,Undisclosed amount of USDT (loss figure not recorded),Unknown,bsc_only,只有 BNB Smart Chain,攻擊者以 DODO 閃電貸借入 USDT，先買入 RADT 代幣，再透過 wrap 合約將額外的 RADT 注入 USDT/RADT 交易對並呼叫 sync() 竄改儲備，之後高價賣出 RADT 套利。DeFiHackLabs 未記載明確損失金額。,交易對可被 skim/sync 操縱——攻擊者將額外 RADT（一種手續費轉帳代幣）灌入 pair 後強制 sync 更新儲備，使現貨價格失真而能低買高賣。,資料來源未記載資金追回或後續處理。,low,"Based on the DeFiHackLabs entry (root cause 'pair manipulate') and PoC (RADT_exp.sol). PoC takes a 200,000 USDT DODO flash loan, buys RADT, uses wrap.withdraw to move RADT into the pair, calls pair.sync() to reprice, then sells. Loss amount not stated in the source material, so loss_usd is null. [Draft: not yet independently reviewed.]",3,https://bscscan.com/tx/0xd692f71de2768017390395db815d34033013136c378177c05d0d46ef3b6f0897 | https://github.com/SunWeb3Sec/DeFiHackLabs/blob/main/src/test/2022-09/RADT_exp.sol | https://twitter.com/BlockSecTeam/status/1573252869322846209
bxh-2022-09,2022-09-28,2022,BXH,dex_amm,去中心化交易所 / AMM,oracle_price_manipulation,預言機 / 價格操縱,,,Flashloan spot-price manipulation of staking-pool reward,40305.0,,40305.0,unknown,不明,"~40,085 USDT (DeFiHackLabs parsed $40,305)",Unknown,bsc_only,只有 BNB Smart Chain,攻擊者從 USDT/WBNB 交易對取得閃電貸，透過 BXH 自有路由器在 BXH/USDT 交易對進行大額買賣以操縱現貨價格，再對 BXH 代幣質押池（TokenStakingPoolDelegate）呼叫 deposit 觸發以受操縱價格計算的獎勵，套走約 4 萬美元 USDT。,質押池的獎勵計算依賴可被閃電貸即時操縱的交易對現貨價格，缺乏抗操縱的價格來源，使攻擊者能在拉抬價格後領取超額獎勵。,資料來源未記載資金追回或後續處理。,medium,"Based on the DeFiHackLabs entry (root cause 'Flashloan & Price Oracle Manipulation') and PoC (BXH_exp.sol). PoC forks BSC block 21727289, flash-swaps USDT from the USDT/WBNB pair, trades on the BXH router to skew price, and calls the staking pool's deposit to harvest inflated rewards. PoC header states 40,085 USDT lost; used the DeFiHackLabs parsed value of $40,305 as instructed. [Draft: not yet independently reviewed.]",3,https://bscscan.com/tx/0xa13c8c7a0c97093dba3096c88044273c29cebeee109e23622cd412dcca8f50f4 | https://github.com/SunWeb3Sec/DeFiHackLabs/blob/main/src/test/2022-09/BXH_exp.sol | https://www.jinse.com/lives/319392.html
babyswap-2022-10,2022-10-01,2022,BabySwap,dex_amm,去中心化交易所 / AMM,smart_contract_bug,合約 / 程式邏輯漏洞,input_validation,輸入驗證缺失 / 任意外部呼叫,Unvalidated factory parameter fakes swap-mining rewards,,,,unknown,不明,"BABY reward tokens (amount not recorded), swapped to USDT",Unknown,bsc_only,只有 BNB Smart Chain,BabySwap 路由器允許呼叫者自行指定 factory 位址參數，攻擊者傳入自製的假 factory（回傳偽造的 pair 與儲備），透過 swapExactTokensForTokens 累積交易挖礦獎勵，再呼叫 takerWithdraw 領取 BABY 獎勵代幣並換成 USDT。DeFiHackLabs 未記載明確損失金額。,交易挖礦獎勵邏輯信任使用者傳入且未經驗證的 factory 位址參數，攻擊者可用假 factory 偽造交易量以騙取獎勵代幣。,資料來源未記載資金追回或後續處理。,medium,"Based on the DeFiHackLabs entry (root cause 'Parameter Access Control') and PoC (BabySwap_exp.sol). PoC deploys a FakeFactory returning fake reserves, passes it in the router's factories[] parameter to accrue swap-mining rewards, then calls SwapMining.takerWithdraw and dumps BABY for USDT. Loss amount not stated in the source, so loss_usd is null. [Draft: not yet independently reviewed.]",3,https://bscscan.com/tx/0xcca7ea9d48e00e7e32e5d005b57ec3cac28bc3ad0181e4ca208832e62aa52efe | https://github.com/SunWeb3Sec/DeFiHackLabs/blob/main/src/test/2022-10/BabySwap_exp.sol | https://twitter.com/BlockSecTeam/status/1576441612812836865
rl-token-2022-10,2022-10-01,2022,RL Token,other,其他,smart_contract_bug,合約 / 程式邏輯漏洞,business_logic,業務邏輯錯誤,Repeated airdrop reward claim via LP token reuse,,,,unknown,不明,"RL tokens / airdrop rewards, swapped to USDT (amount not recorded)",Unknown,bsc_only,只有 BNB Smart Chain,攻擊者以 DODO 閃電貸買入 RL 並添加流動性取得 LP 代幣，接著用 create2 部署上百個合約，將同一批 LP 代幣在合約間轉移並各自呼叫 distributeAirdrop 重複領取空投獎勵，最後移除流動性並賣出 RL。DeFiHackLabs 未記載明確損失金額。,空投獎勵（distributeAirdrop）依當下 LP 持有量發放卻未記錄已領取狀態，攻擊者藉由在多個合約間轉移同一批 LP 代幣而重複領獎。,資料來源未記載資金追回或後續處理。,medium,"Based on the DeFiHackLabs entry (root cause 'Incorrect Reward calculation') and PoC (RL_exp.sol). PoC forks BSC block 21794289, takes a 450,000 USDT DODO flash loan, adds RL/USDT liquidity, warps 24h to pass a time check, deploys 100 create2 helper contracts and moves the same LP token between them to claim distributeAirdrop repeatedly. Loss amount not stated, so loss_usd is null. [Draft: not yet independently reviewed.]",2,https://github.com/SunWeb3Sec/DeFiHackLabs/blob/main/src/test/2022-10/RL_exp.sol | https://twitter.com/CertiKAlert/status/1576195971003858944
thunder-brawl-2022-10,2022-10-01,2022,Thunder Brawl,nft_gaming,NFT / 遊戲,smart_contract_bug,合約 / 程式邏輯漏洞,reentrancy,重入攻擊,Reentrancy in claimReward via onERC721Received callback,,,,unknown,不明,Repeated game reward payouts (amount not recorded),Unknown,bsc_only,只有 BNB Smart Chain,Thunder Brawl 遊戲的 HouseWallet 合約在發放獎勵並轉出 NFT 時，會觸發接收方的 onERC721Received 回呼，攻擊者於回呼中再次呼叫 claimReward，形成重入而重複領取獎勵。DeFiHackLabs 未記載明確損失金額。,claimReward 在轉出 NFT（外部呼叫）後才更新狀態且缺乏重入防護，使 onERC721Received 回呼能在餘額尚未清零前重複領獎。,資料來源未記載資金追回或後續處理。,medium,"Based on the DeFiHackLabs entry (root cause 'Reentrancy') and PoC (THB_exp.sol). PoC forks BSC block 21785004, calls houseWallet.shoot then claimReward; the contract's onERC721Received re-enters claimReward when the house balance still covers the payout. Loss amount not stated in the source, so loss_usd is null. [Draft: not yet independently reviewed.]",3,https://bscscan.com/tx/0x57aa9c85e03eb25ac5d94f15f22b3ba3ab2ef60b603b97ae76f855072ea9e3a0 | https://github.com/SunWeb3Sec/DeFiHackLabs/blob/main/src/test/2022-09/THB_exp.sol | https://twitter.com/peckshield/status/1575890733373849601
transit-swap-2022-10,2022-10-02,2022,Transit Swap,dex_amm,去中心化交易所 / AMM,smart_contract_bug,合約 / 程式邏輯漏洞,input_validation,輸入驗證缺失 / 任意外部呼叫,Missing owner-address validation in transferFrom drains user approvals,21000000.0,,21000000.0,partial,部分追回,over $21 Million in user tokens (e.g. BUSDT) that had been approved to the swap contract,Unknown,bsc_only,只有 BNB Smart Chain,Transit Swap 的代幣領取合約（0xed1afc8...）在執行 transferFrom 時未正確驗證持有人位址，攻擊者可指定任何先前對該合約授權的無辜使用者，將其代幣轉給自己，造成逾 2100 萬美元損失。,合約未驗證 transferFrom 的來源持有人位址，任由呼叫者傳入任意已授權使用者位址，直接盜取其授權額度內的代幣。,依廣泛報導，攻擊者事後歸還大部分被盜資金（本資料來源未列明確切追回金額）。,high,"Based on the DeFiHackLabs entry (root cause 'Incorrect owner address validation') and PoC (TransitSwap_exp.sol). PoC forks BSC block 21816545 and sends crafted calldata to the TransitSwap contract so the Claimtokens helper (0xed1afc8...) transferFroms an arbitrary approving victim to the attacker. This matches the 'draining users' approvals' input_validation pattern. loss_usd from DeFiHackLabs parsed value ($21M). recovery_status set to 'partial' because it is widely documented that the Transit Swap attacker returned most of the stolen funds; exact recovered amount not in the source material, so recovered_usd left null. [Draft: not yet independently reviewed.]",3,https://bscscan.com/tx/0x181a7882aac0eab1036eedba25bc95a16e10f61b5df2e99d240a16c334b9b189 | https://github.com/SunWeb3Sec/DeFiHackLabs/blob/main/src/test/2022-10/TransitSwap_exp.sol | https://twitter.com/TransitFinance/status/1576463550557483008
res-token-2022-10,2022-10-06,2022,RES-Token,other,其他,oracle_price_manipulation,預言機 / 價格操縱,,,Flash-loan pair price manipulation abusing token conversion logic,290671.0,,290671.0,unknown,不明,"290,671 USDT",Unknown,bsc_only,只有 BNB Smart Chain,攻擊者以 USDT/WBNB 交易對閃電貸借入大量 USDT，反覆對 USDT/RES 交易對進行操縱性交易拉抬 RES 價格，並利用 RES 代幣的 thisAToB 轉換邏輯與 ALL 代幣互換，最終套走約 29 萬美元 USDT。,RES 代幣的價格與 A/B 轉換機制受可被閃電貸即時操縱的交易對現貨價格影響，缺乏抗操縱設計，使攻擊者能低買高賣套利。,資料來源未記載資金追回或後續處理。,low,"Based on the DeFiHackLabs entry (root cause 'pair manipulate') and PoC (RES_exp.sol). PoC forks BSC block 21948016, flash-swaps ~10M USDT from the USDT/WBNB pair, executes many swaps into the USDT/RES pair against a target user address, calls RES.thisAToB() and converts to ALL token before selling. The PoC is complex and the exact conversion mechanic is not fully clear, hence low confidence. loss_usd from DeFiHackLabs parsed value (290,671 USDT). [Draft: not yet independently reviewed.]",3,https://bscscan.com/tx/0xe59fa48212c4ee716c03e648e04f0ca390f4a4fc921a890fded0e01afa4ba96d | https://github.com/SunWeb3Sec/DeFiHackLabs/blob/main/src/test/2022-10/RES_exp.sol | https://quillaudits.medium.com/res-token-290k-flash-loan-exploit-quillaudits-9300657fff7b
carrot-2022-10,2022-10-10,2022,Carrot,other,其他,smart_contract_bug,合約 / 程式邏輯漏洞,access_control,權限控管缺失,"Unprotected public function grants fee-exclusion, bypassing allowance check",31318.0,,31318.0,unknown,不明,"31,318 BUSDT",Unknown,bsc_only,只有 BNB Smart Chain,Carrot 代幣的 transReward 為無權限保護的公開函式，攻擊者藉其將自己設為 Pool 擁有者；當轉帳觸發 _beforeTransfer 時，攻擊者位址被加入免手續費名單，進而在 transferFrom 中略過授權額度檢查，盜走使用者代幣並換成約 3.1 萬美元 BUSDT。,transReward 公開函式缺乏存取控制，讓攻擊者取得 Pool 擁有者身分後被列入 _isExcludedFromFee，使 transferFrom 略過 allowance 檢查而能任意轉走他人代幣。,資料來源未記載資金追回或後續處理。,high,"Based on the DeFiHackLabs entry (root cause 'Public functionCall') and PoC (Carrot_exp.sol), which includes a detailed root-cause writeup. PoC forks BSC block 22055611, calls the unprotected transReward to set itself as pool owner; _beforeTransfer then adds it to _isExcludedFromFee, so transferFrom skips the allowance sub() and drains a victim's CARROT, swapped to BUSDT. NOTE: the DeFiHackLabs loss_usd_parsed field (31318000000000) is an erroneous parse; BUSDT is a ~$1 stablecoin and the PoC header states '$31,318 BUSDT was lost', so loss_usd is set to 31318. [Draft: not yet independently reviewed.]",3,https://bscscan.com/tx/0xa624660c29ee97f3f4ebd36232d8199e7c97533c9db711fa4027994aa11e01b9 | https://github.com/SunWeb3Sec/DeFiHackLabs/blob/main/src/test/2022-10/Carrot_exp.sol | https://twitter.com/BlockSecTeam/status/1579908411235237888
atk-2022-10,2022-10-12,2022,ATK,yield_vault,收益金庫,oracle_price_manipulation,預言機 / 價格操縱,,,Flashloan manipulation of getPrice() inflates claim reward,127000.0,,127000.0,unknown,不明,~127K BUSDT,Unknown,bsc_only,只有 BNB Smart Chain,Journey of Awakening（ATK）的獎勵領取合約以 ATK 代幣的 getPrice() 計價，攻擊者以閃電貸操縱 ATK/BUSDT 交易對價格後呼叫 claimToken1() 領取被高估的獎勵，損失約 12.7 萬美元 BUSDT。,獎勵計算所用的 getPrice() 直接取自可被閃電貸操縱的交易對現貨價格，缺乏抗操縱來源，使攻擊者能拉高價格後領取超額獎勵。,資料來源未記載資金追回或後續處理。,medium,"Based on the DeFiHackLabs entry (root cause 'FlashLoan manipulate price') and PoC (ATK_exp.sol). PoC forks BSC block 22102838, flash-swaps BUSDT out of the ATK/BUSDT pair to skew price, then has the exploit contract call claimToken1() on the deposit/claim reward contract which prices rewards via ATK.getPrice(). loss_usd is an estimate: the source lost text is '~127K BUSD' and BUSD is a ~$1 stablecoin, so approximately $127,000. [Draft: not yet independently reviewed.]",3,https://bscscan.com/tx/0x55983d8701e40353fee90803688170a16424ee702f6b21bb198bb8e7282112cd | https://github.com/SunWeb3Sec/DeFiHackLabs/blob/main/src/test/2022-10/ATK_exp.sol | https://www.certik.com/resources/blog/1YsQo8TnxCvwalqvtkFLtC-journey-of-awakening-incident-analysis
inuko-2022-10,2022-10-14,2022,INUKO,other,其他,oracle_price_manipulation,預言機 / 價格操縱,,,FlashLoan price manipulation of Bond LP valuation,50000.0,,50000.0,unknown,不明,$50k,Unknown,bsc_only,只有 BNB Smart Chain,2022 年 10 月，BSC 上 INUKO 代幣的 Bond（債券）合約遭攻擊，損失約 5 萬美元。攻擊者先建立 USDT/INUKO 流動性，再串接多個 DODO 閃電貸並把資產存入 Venus 借出大量 USDT，將 USDT 直接轉入交易對來扭曲 LP 的估值後購買債券，數日後領取大量 INUKO 並賣出換成 USDT 獲利。,Bond 合約的 buyBond 依交易對當下可被瞬間操縱的餘額／價格估算 LP 價值。攻擊者在購買前把大量 USDT 直接轉入交易對，購買後再用 skim 取回，就能以少量 LP 換得超額的債券獎勵。,資料來源未記載資金追回或後續處理。,medium,"Record based on the DeFiHackLabs entry and PoC (INUKO_exp.sol, BSC fork block 22,169,169). PoC chains 8 DODO flash loans, supplies to Venus, borrows USDT, transfers USDT to the USDT/INUKO pair, calls Bond.buyBond, skims the pair, then warps 3 days and claims/sells INUKO. Loss uses the DeFiHackLabs parsed value. [Draft: not yet independently reviewed.]",2,https://github.com/SunWeb3Sec/DeFiHackLabs/blob/main/src/test/2022-10/INUKO_exp.sol | https://twitter.com/AnciliaInc/status/1587848874076430336
hpay-2022-10,2022-10-18,2022,HPAY,staking,質押服務,smart_contract_bug,合約 / 程式邏輯漏洞,access_control,權限控管缺失,Access Control - unprotected setToken in staking bonus contract,31280.0,,31280.0,unknown,不明,115 BNB,Unknown,bsc_only,只有 BNB Smart Chain,2022 年 10 月，HPAY 的質押獎勵合約（MintableAutoCompundRelockBonus）因缺乏權限控管遭攻擊，損失約 115 BNB。攻擊者先把質押代幣改成自行鑄造的假代幣並大量質押，經過一段區塊後再把代幣改回 HPAY、提領 HPAY，最後在 PancakeSwap 換成 WBNB。,質押合約的 setToken 函式沒有存取控制，任何人都能更換質押代幣地址。攻擊者因此能用毫無價值的代幣累積質押部位，再提領真正的 HPAY。,資料來源未記載資金追回或後續處理。,medium,"Record based on the DeFiHackLabs entry and PoC (HPAY_exp.sol, BSC fork block 22,280,853). PoC notes the real attack spanned multiple transactions and the attacker moved out 105.98 BNB + 10 BNB. USD estimated at ~$272/BNB (approximate BNB price on 2022-10-18): 115 x 272 = ~$31,280. [Draft: not yet independently reviewed.]",2,https://github.com/SunWeb3Sec/DeFiHackLabs/blob/main/src/test/2022-10/HPAY_exp.sol | https://twitter.com/Supremacy_CA/status/1582345448190140417
pltd-2022-10,2022-10-18,2022,PLTD,other,其他,smart_contract_bug,合約 / 程式邏輯漏洞,business_logic,業務邏輯錯誤,Transfer Logic Flaw (transfer-to-pair + skim),24000.0,,24000.0,unknown,不明,$24k (USDT),Unknown,bsc_only,只有 BNB Smart Chain,2022 年 10 月，BSC 上的 PLTD 代幣因轉帳邏輯缺陷遭攻擊，損失約 2.4 萬美元。攻擊者透過兩筆 DODO 閃電貸借入 66 萬 USDT 買入 PLTD，再把特定數量的 PLTD 轉入 PancakeSwap 交易對並呼叫 skim，使池內 PLTD 的餘額與價格失衡，最後賣出 PLTD 換回 USDT 獲利。,PLTD 的 transfer 在代幣轉入交易對時有特殊處理邏輯，且這段邏輯有缺陷。攻擊者轉入相當於交易對餘額兩倍減一的數量並搭配 skim，就能讓交易對內的 PLTD 餘額與準備金失衡，進而推高 PLTD 價格。,資料來源未記載資金追回或後續處理。,medium,"Record based on the DeFiHackLabs entry and PoC (PLTD_exp.sol, BSC fork block 22,252,045). PoC borrows 220k + 440k USDT from two DODO pools, buys PLTD, transfers (pair balance x 2 - 1) PLTD to the pair, calls skim, then sells. The exact internal transfer logic is not shown in the PoC. Loss uses the DeFiHackLabs parsed value. [Draft: not yet independently reviewed.]",3,https://bscscan.com/tx/0x8385625e9d8011f4ad5d023d64dc7985f0315b6a4be37424c7212fe4c10dafe0 | https://github.com/SunWeb3Sec/DeFiHackLabs/blob/main/src/test/2022-10/PLTD_exp.sol | https://twitter.com/BeosinAlert/status/1582181583343484928
bego-2022-10,2022-10-20,2022,BEGO,other,其他,smart_contract_bug,合約 / 程式邏輯漏洞,signature_message_verification,簽章 / 跨鏈訊息驗證缺陷,Incorrect signature verification in mint (empty signature arrays),3240.0,,3240.0,unknown,不明,~12 WBNB,Unknown,bsc_only,只有 BNB Smart Chain,2022 年 10 月，BEGO 代幣的 mint 函式因簽章驗證錯誤遭攻擊，損失約 12 WBNB。攻擊者傳入空的簽章陣列就繞過了驗證，鑄造 1 兆枚 BEGO，再到 PancakeSwap 賣出換取 WBNB。,mint 函式會逐一驗證傳入的 r、s、v 簽章陣列，卻沒有檢查陣列長度或最少簽章數。傳入空陣列時驗證迴圈完全不執行，直接被視為通過，任何人都能任意鑄幣。,資料來源未記載資金追回或後續處理。,medium,"Record based on the DeFiHackLabs entry and PoC (BEGO_exp.sol, BSC fork block 22,315,679; Total Lost ~12 WBNB). PoC calls mint(1e12 * 1e18, ""t"", attacker, [], [], []) and dumps the minted BEGO. USD estimated at ~$270/BNB (approximate BNB price on 2022-10-20): 12 x 270 = ~$3,240. [Draft: not yet independently reviewed.]",3,https://bscscan.com/tx/0x9f4ef3cc55b016ea6b867807a09f80d1b2e36f6cd6fccfaf0182f46060332c57 | https://github.com/SunWeb3Sec/DeFiHackLabs/blob/main/src/test/2022-10/BEGO_exp.sol | https://twitter.com/peckshield/status/1582892058800685058
health-2022-10,2022-10-20,2022,HEALTH,other,其他,smart_contract_bug,合約 / 程式邏輯漏洞,business_logic,業務邏輯錯誤,Transfer Logic Flaw - burn from pair on every transfer,4493.0,,4493.0,unknown,不明,~16.64 BNB,Unknown,bsc_only,只有 BNB Smart Chain,"2022 年 10 月，HEALTH 代幣因 _transfer 函式的邏輯缺陷遭攻擊，損失約 16.64 BNB。攻擊者用 DODO 閃電貸借入 40 WBNB 買入 HEALTH，再對自己轉帳 0 枚 HEALTH 共 1,000 次，每次都會觸發從交易對銷毀 HEALTH，價格被推高後賣出獲利。",HEALTH 的 _transfer 每次轉帳都會銷毀交易對持有的 HEALTH，而且沒有限制轉帳金額，連 0 金額的轉帳也會觸發。攻擊者因此能任意減少交易對的 HEALTH 餘額來操縱價格。,資料來源未記載資金追回或後續處理。,medium,"Record based on the DeFiHackLabs entry and PoC (HEALTH_exp.sol, BSC fork block 22,337,425; Total Lost ~16.64 BNB). USD estimated at ~$270/BNB (approximate BNB price on 2022-10-20): 16.64 x 270 = ~$4,493. [Draft: not yet independently reviewed.]",3,https://bscscan.com/tx/0xae8ca9dc8258ae32899fe641985739c3fa53ab1f603973ac74b424e165c66ccf | https://github.com/SunWeb3Sec/DeFiHackLabs/blob/main/src/test/2022-10/HEALTH_exp.sol | https://twitter.com/BlockSecTeam/status/1583073442433495040
ulme-2022-10,2022-10-25,2022,ULME,other,其他,smart_contract_bug,合約 / 程式邏輯漏洞,access_control,權限控管缺失,Access Control - buyMiner spends arbitrary users' USDT approvals,250000.0,,250000.0,unknown,不明,~250k US$ of users' USDT (attacker profit ~50k US$),Unknown,bsc_only,只有 BNB Smart Chain,2022 年 10 月，ULME 代幣的 buyMiner 函式因缺乏權限檢查遭利用，約 25 萬美元的用戶 USDT 被動用，攻擊者獲利約 5 萬美元。攻擊者用 DODO 閃電貸借入 USDT 先買入 ULME，再對上百個曾授權 USDT 給 ULME 合約的地址呼叫 buyMiner，強迫這些地址用 USDT 買入 ULME 來推高價格，最後賣出 ULME 獲利。,"buyMiner(user, usdt) 沒有驗證呼叫者是否就是 user 本人，任何人都能動用其他用戶授權給 ULME 合約的 USDT 替對方下單，形成可被操控的強制買盤。",資料來源未記載資金追回或後續處理。,medium,"Record based on the DeFiHackLabs entry and PoC (ULME_exp.sol, BSC fork block 22,476,695). PoC lists 101 victim addresses and calls ULME.buyMiner(victim, 100*take/110-1) for each, sandwiched between a USDT->ULME buy and ULME->USDT sell. Loss uses the DeFiHackLabs parsed value (~$250k of victims' USDT; attacker profit ~$50k). [Draft: not yet independently reviewed.]",3,https://github.com/SunWeb3Sec/DeFiHackLabs/blob/main/src/test/2022-10/ULME_exp.sol | https://medium.com/neptune-mutual/decoding-ulme-token-flash-loan-attack-56470d261787 | https://twitter.com/BlockSecTeam/status/1584839309781135361
vtf-token-2022-10,2022-10-27,2022,VTF Token,other,其他,smart_contract_bug,合約 / 程式邏輯漏洞,business_logic,業務邏輯錯誤,Incorrect reward calculation (reward claimed repeatedly across pre-registered contracts),50000.0,,50000.0,unknown,不明,$50k (USDT),Unknown,bsc_only,只有 BNB Smart Chain,2022 年 10 月，VTF 代幣因獎勵計算錯誤遭攻擊，損失約 5 萬美元。攻擊者事先用 CREATE2 部署 400 個合約並呼叫 updateUserBalance 登記，兩天後用 DODO 閃電貸借入 10 萬 USDT 買入 VTF，把同一批 VTF 依序轉過各合約並逐一領取獎勵，最後賣出換回 USDT。,VTF 的 updateUserBalance 依地址當下的餘額與距上次更新的時間來計算獎勵，卻沒有確認這段期間是否真的持有代幣。同一筆代幣因此能在各個早已登記的地址重複領取獎勵。,資料來源未記載資金追回或後續處理。,medium,"Record based on the DeFiHackLabs entry and PoC (VTF_exp.sol, BSC fork block 22,535,101). PoC deploys 400 claimReward contracts, warps 2 days, flash-loans 100k USDT, and passes VTF through each contract calling updateUserBalance before selling. Loss uses the DeFiHackLabs parsed value. [Draft: not yet independently reviewed.]",3,https://bscscan.com/tx/0xc2d2d7164a9d3cfce1e1dac7dc328b350c693feb0a492a6989ceca7104eef9b7 | https://github.com/SunWeb3Sec/DeFiHackLabs/blob/main/src/test/2022-10/VTF_exp.sol | https://twitter.com/BlockSecTeam/status/1585575129936977920
bdex-2022-11,2022-11-05,2022,BDEX (bVaults strategy),yield_vault,收益金庫,smart_contract_bug,合約 / 程式邏輯漏洞,business_logic,業務邏輯錯誤,Business Logic Flaw - public convertDustToEarned swap sandwiched,5600.0,,5600.0,unknown,不明,16 WBNB,Unknown,bsc_only,只有 BNB Smart Chain,2022 年 11 月，與 BDEX 相關的 bVaults 策略合約遭三明治式攻擊，損失約 16 WBNB。攻擊者先用 34 WBNB 買入 BDEX 推高價格，再呼叫公開的 convertDustToEarned，讓策略合約以被抬高的價格把持有的代幣換成 BDEX，接著賣出 BDEX 獲利。,BvaultsStrategy 的 convertDustToEarned 任何人都能呼叫，而且直接以交易對的即時價格兌換、沒有滑價保護。攻擊者因此能在同一筆交易中先後操縱價格，讓策略合約用高價買入。,資料來源未記載資金追回或後續處理。,medium,"Record based on the DeFiHackLabs entry and PoC (BDEX_exp.sol, BSC fork block 22,629,431). PoC swaps 34 WBNB for BDEX on the BDEX/WBNB pair, calls BvaultsStrategy.convertDustToEarned(), then swaps BDEX back to WBNB. USD estimated at ~$350/BNB (approximate BNB price on 2022-11-05): 16 x 350 = ~$5,600. [Draft: not yet independently reviewed.]",3,https://bscscan.com/tx/0xe7b7c974e51d8bca3617f927f86bf907a25991fe654f457991cbf656b190fe94 | https://github.com/SunWeb3Sec/DeFiHackLabs/blob/main/src/test/2022-11/BDEX_exp.sol | https://twitter.com/BeosinAlert/status/1588579143830343683
moocakectx-2022-11,2022-11-07,2022,MooCAKECTX (Beefy vault),yield_vault,收益金庫,economic_exploit,經濟模型攻擊,,,FlashLoan Attack on vault reward harvesting,140000.0,,140000.0,unknown,不明,$140k (CAKE),Unknown,bsc_only,只有 BNB Smart Chain,2022 年 11 月，BSC 上 Beefy 的 mooCakeCTX 金庫遭閃電貸攻擊，損失約 14 萬美元。攻擊者先買入 CTK 轉入 PancakeSwap 的 SmartChef 獎勵池，再用 DODO 閃電貸借入 40 萬 BUSD 存入 Venus 並借出 5 萬 CAKE，把 CAKE 存入金庫、觸發策略 harvest 後全數提領，再歸還借款。,金庫策略在存提款及 harvest 時會結算 SmartChef 的 CTK 獎勵並複投。攻擊者以閃電貸資金瞬間持有金庫的大部分份額，攫取原本屬於其他存款人的累積獎勵；PoC 並未明確呈現確切的計價缺陷。,資料來源未記載資金追回或後續處理。,low,"Record based on the DeFiHackLabs entry and PoC (MooCAKECTX_exp.sol, BSC fork block 22,832,427). PoC buys CTK and sends it to SmartChef, flash-loans 400k BUSD from DODO, mints vBUSD, borrows 50k CAKE from Venus, calls BeefyVault.depositAll, StrategySyrup.harvest (via a helper contract), withdrawAll, then repays. A PoC comment notes profit may be higher without the harvest step, so the precise value-extraction mechanism is not clear from the PoC. Loss uses the DeFiHackLabs parsed value. [Draft: not yet independently reviewed.]",3,https://bscscan.com/tx/0x03d363462519029cf9a544d44046cad0c7e64c5fb1f2adf5dd5438a9a0d2ec8e | https://github.com/SunWeb3Sec/DeFiHackLabs/blob/main/src/test/2022-11/MooCAKECTX_exp.sol | https://twitter.com/BeosinAlert/status/1589501207181393920
sheepfarm-2022-11,2022-11-16,2022,SheepFarm,nft_gaming,NFT / 遊戲,smart_contract_bug,合約 / 程式邏輯漏洞,input_validation,輸入驗證缺失 / 任意外部呼叫,No input validation - repeated register() calls,275.0,,275.0,unknown,不明,~1 BNB,Unknown,bsc_only,只有 BNB Smart Chain,2022 年 11 月，BSC 上的農場遊戲 SheepFarm 因缺乏輸入驗證遭攻擊，損失約 1 BNB。攻擊者以同一個推薦人地址重複呼叫 register 200 次，再用 0.0005 BNB 購買寶石、升級村莊並出售，最後提領超額的 BNB。,register 函式沒有檢查使用者是否已經註冊，攻擊者能重複註冊並累積註冊獎勵，再藉此升級村莊並換成 BNB 提領。,資料來源未記載資金追回或後續處理。,medium,"Record based on the DeFiHackLabs entry and PoC (SheepFarm_exp.sol, BSC fork block 23,088,156). PoC calls register(neighbor) 200 times, addGems with 0.0005 BNB, upgradeVillage x3, sellVillage and withdrawMoney(20000). USD estimated at ~$275/BNB (approximate BNB price on 2022-11-16): 1 x 275 = ~$275. [Draft: not yet independently reviewed.]",3,https://bscscan.com/tx/0x5735026e5de6d1968ab5baef0cc436cc0a3f4de4ab735335c5b1bd31fa60c582 | https://github.com/SunWeb3Sec/DeFiHackLabs/blob/main/src/test/2022-11/SheepFarm_exp.sol | https://twitter.com/BlockSecTeam/status/1592734292727455744
uearnpool-2022-11,2022-11-17,2022,UEarnPool,staking,質押服務,economic_exploit,經濟模型攻擊,,,Flash loan + sybil referral chain to farm team (invitation) rewards,24000.0,,24000.0,unknown,不明,$24k (USDT),Unknown,bsc_only,只有 BNB Smart Chain,2022 年 11 月 17 日，BSC 上的 UEarnPool 質押合約遭攻擊，損失約 2.4 萬美元。攻擊者以 create2 部署 22 個合約並依序互相綁定邀請關係，再透過 PancakeSwap 閃電兌換借入 242 萬 USDT，先在邀請鏈末端的合約大額質押 240 萬 USDT，讓整條邀請鏈的團隊業績達到最高等級。接著由各合約逐一質押 2 萬 USDT 並領取團隊獎勵，把池中的 USDT 套走。,claimTeamReward() 依下線當下的團隊質押量（teamAmount）計算各等級獎勵並立即發放，沒有防範自建的女巫邀請鏈，也擋不住用閃電貸瞬間墊高業績。結果每個帳號只要質押 2 萬 USDT，就能一次領取約 16.2 萬 USDT 的團隊獎勵。,資料來源未記載資金追回或後續處理。,medium,"Based on the DeFiHackLabs entry and PoC (UEarnPool_exp.sol). Loss uses the parsed DeFiHackLabs figure. The PoC header explains the level-based team reward math (162,000 USDT reward per claim vs 20,000 USDT stake). Classified as economic_exploit because the reward code works as written but the referral design is abusable with flash loans; it could also be read as business_logic. [Draft: not yet independently reviewed.]",3,https://bscscan.com/tx/0x824de0989f2ce3230866cb61d588153e5312151aebb1e905ad775864885cd418 | https://github.com/SunWeb3Sec/DeFiHackLabs/blob/main/src/test/2022-11/UEarnPool_exp.sol | https://twitter.com/CertiKAlert/status/1593094922160128000
annex-finance-2022-11,2022-11-19,2022,Annex Finance,lending,借貸協議,smart_contract_bug,合約 / 程式邏輯漏洞,input_validation,輸入驗證缺失 / 任意外部呼叫,Unverified flash-swap callback in Liquidator contract,3000.0,,3000.0,unknown,不明,$3k (WBNB),Unknown,bsc_only,只有 BNB Smart Chain,"2022 年 11 月 19 日，Annex Finance 在 BSC 上的清算合約（Liquidator）遭攻擊，損失約 3,000 美元。攻擊者以 DODO 閃電貸借入 8 WBNB，和自己發行的代幣建立 PancakeSwap 交易對，再發起閃電兌換，把 Liquidator 設成接收者並附上偽造的回呼資料。觸發回呼後，攻擊者用 transferFrom 取走 Liquidator 持有的 WBNB。",Liquidator 的閃電兌換回呼函式沒有驗證呼叫者是否為合法交易對，也沒有檢查回呼資料是否由自己發起。攻擊者可傳入自己控制的偽造 cToken 等地址（PoC 中的 liquidateBorrow、redeem 都直接回傳 0）；從 PoC 事後能以 transferFrom 轉走 WBNB 來看，回呼流程讓 Liquidator 對攻擊者的地址授權了 WBNB。,資料來源未記載資金追回或後續處理。,medium,"Based on the DeFiHackLabs entry and PoC (Annex_exp.sol). Loss uses the parsed DeFiHackLabs figure. The approval mechanism is inferred from the PoC's final WBNB.transferFrom(Liquidator, attacker, ...) call; the Liquidator source is not included in the PoC. [Draft: not yet independently reviewed.]",3,https://bscscan.com/tx/0x3757d177482171dcfad7066c5e88d6f0f0fe74b28f32e41dd77137cad859c777 | https://github.com/SunWeb3Sec/DeFiHackLabs/blob/main/src/test/2022-11/Annex_exp.sol | https://twitter.com/AnciliaInc/status/1593690338526273536
sdao-2022-11,2022-11-21,2022,sDAO,other,其他,smart_contract_bug,合約 / 程式邏輯漏洞,business_logic,業務邏輯錯誤,Business logic flaw in LP staking reward calculation (balance-based reward per token + public withdrawTeam),13000.0,,13000.0,unknown,不明,$13k (USDT),Unknown,bsc_only,只有 BNB Smart Chain,2022 年 11 月 21 日，BSC 上 sDAO 代幣內建的 LP 質押獎勵機制遭攻擊，損失約 1.3 萬美元。攻擊者以 DODO 閃電貸借入 500 USDT，買入 sDAO、加入流動性後質押一半 LP，並把 sDAO 轉入交易對以墊高 totalStakeReward。接著呼叫 withdrawTeam() 把合約持有的 LP 轉走，只轉回極少量 LP，使每單位獎勵暴增，領到大量 sDAO 後換成 USDT。,sDAO 以合約當下持有的 LP 餘額計算每單位質押獎勵，而不是以內部記帳的總質押量計算。withdrawTeam() 又可由攻擊者呼叫、清空合約內的 LP，使分母變得極小，攻擊者的質押部位因此能領取遠超應得的獎勵。,資料來源未記載資金追回或後續處理。,medium,"Based on the DeFiHackLabs entry and PoC (SDAO_exp.sol). Loss uses the parsed DeFiHackLabs figure. Mechanism inferred from PoC call sequence (stakeLP, transfer to pair, withdrawTeam(Pair), tiny LP transfer, getReward). [Draft: not yet independently reviewed.]",3,https://bscscan.com/tx/0xb3ac111d294ea9dedfd99349304a9606df0b572d05da8cedf47ba169d10791ed | https://github.com/SunWeb3Sec/DeFiHackLabs/blob/main/src/test/2022-11/SDAO_exp.sol | https://twitter.com/CertiKAlert/status/1594615286556393478
aur-2022-11,2022-11-22,2022,AUR (AurumNodePool),staking,質押服務,smart_contract_bug,合約 / 程式邏輯漏洞,access_control,權限控管缺失,Lack of permission check on changeNodePrice / changeRewardPerNode,13000.0,,13000.0,unknown,不明,$13k (BNB via dumped AUR),Unknown,bsc_only,只有 BNB Smart Chain,2022 年 11 月 22 日，BSC 上 Aurum（AUR）的節點獎勵合約 AurumNodePool 遭攻擊，損失約 1.3 萬美元。攻擊者只用 0.01 BNB 買入少量 AUR，就直接呼叫 changeNodePrice() 修改節點價格並建立節點。接著呼叫 changeRewardPerNode() 把每個節點的獎勵設成極大值，領取巨額 AUR 後賣成 BNB。,AurumNodePool 的 changeNodePrice() 與 changeRewardPerNode() 等管理參數函式缺少權限檢查（例如 onlyOwner），任何人都能任意修改節點價格與獎勵參數，並立即領取灌大的獎勵。,資料來源未記載資金追回或後續處理。,medium,Based on the DeFiHackLabs entry and PoC (AUR_exp.sol). Loss uses the parsed DeFiHackLabs figure. The PoC references two attack transactions. [Draft: not yet independently reviewed.],3,https://github.com/SunWeb3Sec/DeFiHackLabs/blob/main/src/test/2022-11/AUR_exp.sol | https://phalcon.blocksec.com/tx/bsc/0xb3bc6ca257387eae1cea3b997eb489c1a9c208d09ec4d117198029277468e25d | https://twitter.com/AnciliaInc/status/1595142246570958848
mbc-zzsh-2022-11,2022-11-29,2022,MBC & ZZSH,other,其他,smart_contract_bug,合約 / 程式邏輯漏洞,access_control,權限控管缺失,Unprotected swapAndLiquifyStepv1() combined with flash-loan price manipulation,,,,unknown,不明,Not stated in DeFiHackLabs entry (USDT drained from MBC/USDT and ZZSH/USDT pools),Unknown,bsc_only,只有 BNB Smart Chain,2022 年 11 月 29 日，BSC 上的 MBC 與 ZZSH 兩個代幣遭同一手法攻擊。攻擊者以 DODO 閃電貸借入 USDT，先用 15 萬 USDT 大量買入代幣、拉高價格，再呼叫公開的 swapAndLiquifyStepv1()，迫使代幣合約在被操縱的價格下把持有的資金注入交易對，隨後賣出手上的代幣，換回比投入更多的 USDT。DeFiHackLabs 條目未記載損失金額。,swapAndLiquifyStepv1() 沒有存取控制，任何人都能在任意時機觸發代幣合約的換幣和加流動性流程。攻擊者在自己大量買入之後觸發（PoC 註解顯示 MBC/USDT 比率由約 1.137 降到約 0.0053），並先轉入 1001 wei USDT 影響 _isAddLiquidityV1() 的判斷，再以高價賣出。,資料來源未記載資金追回或後續處理。,medium,"Based on the DeFiHackLabs entry and PoC (MBC_ZZSH_exp.sol). The DeFiHackLabs entry gives no loss figure, so loss_usd is null. DeFiHackLabs label: Business Logic Flaw & Access Control; the purpose of the 1001-wei USDT transfer (_isAddLiquidityV1 check, likely to avoid sell fees) is inferred from the PoC comment. [Draft: not yet independently reviewed.]",3,https://github.com/SunWeb3Sec/DeFiHackLabs/blob/main/src/test/2022-11/MBC_ZZSH_exp.sol | https://phalcon.blocksec.com/tx/bsc/0xdc53a6b5bf8e2962cf0e0eada6451f10956f4c0845a3ce134ddb050365f15c86 | https://twitter.com/CertiKAlert/status/1597639717096460288
seaman-2022-11,2022-11-29,2022,SEAMAN,other,其他,smart_contract_bug,合約 / 程式邏輯漏洞,business_logic,業務邏輯錯誤,"Business logic flaw: tiny transfers repeatedly trigger token's internal swap, pumping GVC price",,,,unknown,不明,Not stated in DeFiHackLabs entry (USDT profit via GVC),Unknown,bsc_only,只有 BNB Smart Chain,2022 年 11 月 29 日，BSC 上的 SEAMAN 代幣遭攻擊。攻擊者以 DODO 閃電貸借入 80 萬 USDT，先少量買入 SEAMAN，再用 50 萬 USDT 大量買入 GVC。接著連續 20 次把 1 wei 的 SEAMAN 轉入交易對，每次轉帳都觸發 SEAMAN 合約的內部換幣邏輯並推高 GVC 價格，最後把 GVC 賣回 USDT 獲利。DeFiHackLabs 條目未記載損失金額。,SEAMAN 每次轉帳都會自動執行合約內的換幣或分紅流程，PoC 顯示這會買入 GVC、推高其價格，而且任何人用極小金額轉帳就能反覆觸發。攻擊者事先大量持有 GVC 後觸發這個流程，等於讓合約的資金替攻擊者拉抬價格。,資料來源未記載資金追回或後續處理。,medium,"Based on the DeFiHackLabs entry and PoC (SEAMAN_exp.sol). The DeFiHackLabs entry gives no loss figure, so loss_usd is null. The exact internal swap behavior of SEAMAN is inferred from the PoC flow (20 x 1-wei transfers to the pair followed by profitable GVC sale). [Draft: not yet independently reviewed.]",3,https://bscscan.com/tx/0x6f1af27d08b10caa7e96ec3d580bf39e29fd5ece00abda7d8955715403bf34a8 | https://github.com/SunWeb3Sec/DeFiHackLabs/blob/main/src/test/2022-11/SEAMAN_exp.sol | https://twitter.com/peckshield/status/1597493955939405825
apc-2022-12,2022-12-01,2022,APC,dex_amm,去中心化交易所 / AMM,oracle_price_manipulation,預言機 / 價格操縱,,,Flash loan & spot price manipulation of APC/MUSD swap contract,6000.0,,6000.0,unknown,不明,$6k (USDT),Unknown,bsc_only,只有 BNB Smart Chain,"2022 年 12 月 1 日，BSC 上負責 APC 與 MUSD 互換的兌換合約（TransparentUpgradeableProxy）遭攻擊，損失約 6,000 美元。攻擊者以 DODO 閃電貸借入 50 萬 USDT，在 PancakeSwap 買入 APC 拉高價格，隨即在兌換合約用被灌高的價格把 10 萬 APC 換成 MUSD。接著賣出 APC 壓低價格，再以正常價格把 MUSD 換回 APC 並賣出獲利，共發動兩筆攻擊交易。",該兌換合約直接以 PancakeSwap APC/USDT 交易對的即時現貨價格作為 APC 與 MUSD 的兌換報價，可在同一筆交易內用閃電貸操縱。,資料來源未記載資金追回或後續處理。,medium,Based on the DeFiHackLabs entry and PoC (APC_exp.sol). Loss uses the parsed DeFiHackLabs figure. PoC lists a first and a second attack transaction. [Draft: not yet independently reviewed.],3,https://bscscan.com/tx/0xbcaecea2044101c80f186ce5327bec796cd9e054f0c240ddce93e2aead337370 | https://github.com/SunWeb3Sec/DeFiHackLabs/blob/main/src/test/2022-12/APC_exp.sol | https://twitter.com/BlockSecTeam/status/1598262002010378241
bbox-2022-12,2022-12-05,2022,BBOX,other,其他,economic_exploit,經濟模型攻擊,,,FlashLoan price manipulation with helper contract bypassing sell time limit,,,,unknown,不明,12k (unit not specified; WBNB profit),Unknown,bsc_only,只有 BNB Smart Chain,"2022 年 12 月 5 日，BSC 上的 BBOX 代幣遭閃電貸攻擊，DeFiHackLabs 記載損失為「12k」（未註明單位）。攻擊者從 DODO 借出池中全部 WBNB，用 1,300 WBNB 買入 BBOX 並直接送到自己部署的輔助合約，以繞過 BBOX 的賣出時間限制。之後由輔助合約把 BBOX 轉回攻擊者，再賣出其中 90% 換回 WBNB 獲利。",PoC 顯示 BBOX 設有「買入後一段時間內不得賣出」的限制，但攻擊者只要用另一個合約收幣再轉出就能繞過，因此能在同一筆交易內完成買入、轉帳與賣出的價格操縱套利。確切的獲利機制，PoC 並未完整呈現。,資料來源未記載資金追回或後續處理。,low,"Based on the DeFiHackLabs entry and PoC (BBOX_exp.sol). The lost text '12k' has no unit (possibly USD), so loss_usd is left null rather than assumed. The PoC does not show BBOX token internals, so the precise profit mechanism is unclear; category chosen from the DeFiHackLabs label 'FlashLoan price manipulation'. [Draft: not yet independently reviewed.]",3,https://bscscan.com/tx/0xac57c78881a7c00dfbac0563e21b5ae3a8e3f9d1b07198a27313722a166cc0a3 | https://github.com/SunWeb3Sec/DeFiHackLabs/blob/main/src/test/2022-12/BBOX_exp.sol | https://twitter.com/AnciliaInc/status/1599599614490877952
rfb-2022-12,2022-12-05,2022,RFB,other,其他,smart_contract_bug,合約 / 程式邏輯漏洞,business_logic,業務邏輯錯誤,Predictable on-chain randomness exploited with try/revert loop,3480.0,,3480.0,unknown,不明,12 BNB,Unknown,bsc_only,只有 BNB Smart Chain,2022 年 12 月 5 日，BSC 上的 RFB 代幣遭攻擊，損失約 12 BNB。攻擊者以 DODO 閃電貸借入 20 WBNB，在迴圈中用略有差異的金額反覆「買入 RFB 後立即賣出」。每一輪都以 try/catch 搭配 require 檢查，只保留有獲利的結果；無利可圖時就讓該輪交易回滾。,RFB 在買賣時用可預測的鏈上資料產生隨機結果（DeFiHackLabs 標註為隨機數可被預測）。攻擊者可在同一筆交易內試算，只接受有利的結果、不利時整輪回滾，等於零風險地反覆抽中獎勵。,資料來源未記載資金追回或後續處理。,medium,"Based on the DeFiHackLabs entry and PoC (RFB_exp.sol). USD estimate: 12 BNB x ~$290 (approximate BNB price in early December 2022) = ~$3,480. Predictable randomness mapped to business_logic as the closest available pattern. [Draft: not yet independently reviewed.]",3,https://bscscan.com/tx/0xcc8fdb3c6af8bb9dfd87e913b743a13bbf138a143c27e0f387037887d28e3c7a | https://github.com/SunWeb3Sec/DeFiHackLabs/blob/main/src/test/2022-12/RFB_exp.sol | https://twitter.com/BlockSecTeam/status/1599991294947778560
aes-2022-12,2022-12-07,2022,AES,other,其他,smart_contract_bug,合約 / 程式邏輯漏洞,business_logic,業務邏輯錯誤,Deflationary fee logic abuse via skim loop + distributeFee() + sync() (flash-loan funded),60000.0,,60000.0,unknown,不明,$60k (USDT),Unknown,bsc_only,只有 BNB Smart Chain,2022 年 12 月 7 日，BSC 上的通縮型代幣 AES 遭攻擊，損失約 6 萬美元。攻擊者以 DODO 閃電貸借入 10 萬 USDT 買入 AES，把一半的 AES 轉入 AES/USDT 交易對，再連續 37 次呼叫 skim() 把多出的代幣轉回交易對自己，最後一次 skim 給自己。接著呼叫 distributeFee() 與 sync()，使交易對的 AES 儲備大減、價格暴漲，再賣出 AES 換得大量 USDT。,AES 在交易對轉出代幣時會累計手續費，distributeFee() 則直接從交易對地址扣除這些累計的代幣。攻擊者用 skim() 讓交易對反覆轉帳給自己來灌大累計手續費，再觸發 distributeFee() 與 sync()，削減交易對的 AES 儲備、操縱價格。,資料來源未記載資金追回或後續處理。,medium,"Based on the DeFiHackLabs entry and PoC (AES_exp.sol). Loss uses the parsed DeFiHackLabs figure. The fee-accrual mechanism is inferred from the PoC sequence (37 x skim to pair, skim to self, distributeFee, sync, sell). [Draft: not yet independently reviewed.]",3,https://bscscan.com/tx/0xca4d0d24aa448329b7d4eb81be653224a59e7b081fc7a1c9aad59c5a38d0ae19 | https://github.com/SunWeb3Sec/DeFiHackLabs/blob/main/src/test/2022-12/AES_exp.sol | https://twitter.com/BlockSecTeam/status/1600442137811689473
tifitoken-2022-12,2022-12-10,2022,TIFI Finance (TIFIToken),lending,借貸協議,oracle_price_manipulation,預言機 / 價格操縱,,,Flash loan price manipulation of lending collateral pricing (getReserves),24969.0,,24969.0,unknown,不明,87 WBNB,Unknown,bsc_only,只有 BNB Smart Chain,2022 年 12 月 10 日，TIFI Finance 的借貸合約遭閃電貸價格操縱攻擊，攻擊者借出合約內全部 TIFI 代幣並換成 WBNB，損失約 87 WBNB。攻擊者先以閃電兌換取得 WBNB 與 BUSD，將 BUSD 存入作為抵押，再於 TIFI 自有路由器的 WBNB/BUSD 池大量兌換以扭曲儲備量，隨即借出 TIFI 並在 PancakeSwap 賣出。,TIFI Finance 的 borrow() 直接讀取 WBNB/BUSD 流動性池 getReserves() 的即時儲備量作為定價依據，攻擊者在同一筆交易中以大額兌換改變儲備比例，使抵押品與借款的相對估值失真，因而能借出合約中全部的 TIFI 代幣。,資料來源未記載資金追回或後續處理。,medium,Based on the DeFiHackLabs entry (FlashLoan price manipulation) and PoC TIFI_exp.sol. USD estimated as 87 WBNB x ~US$287/BNB (approximate BNB price on 2022-12-10). [Draft: not yet independently reviewed.],3,https://bscscan.com/tx/0x1c5272ce35338c57c6b9ea710a09766a17bbf14b61438940c3072ed49bfec402 | https://github.com/SunWeb3Sec/DeFiHackLabs/blob/main/src/test/2022-12/TIFI_exp.sol | https://twitter.com/peckshield/status/1601492605535399936
bgld-2022-12,2022-12-12,2022,BGLD,other,其他,smart_contract_bug,合約 / 程式邏輯漏洞,business_logic,業務邏輯錯誤,FlashLoan price manipulation via deflationary token skim/sync,18000.0,,18000.0,unknown,不明,~$18k (WBNB and USDT extracted from BGLD pools),Unknown,bsc_only,只有 BNB Smart Chain,2022 年 12 月 12 日，通縮型代幣 BGLD 遭閃電貸攻擊，損失約 1.8 萬美元。攻擊者自 DODO 借入 125 WBNB 換成舊版 BGLD，利用代幣轉帳機制搭配交易對的 skim() 與 sync() 壓低池中 BGLD 儲備，再以極少量 BGLD 換出大量 WBNB；並對 BGLD/DEBT 交易對重複同樣手法，最後透過 migrate() 將舊 BGLD 轉為新 BGLD，換成 DEBT 再換成 USDT 獲利。,舊版 BGLD 的通縮轉帳邏輯在交易對以 skim() 轉出超額代幣時會額外扣減交易對的餘額，攻擊者先向交易對轉入約池中餘額 10 倍的 BGLD，再呼叫 skim() 與 sync()，使池中 BGLD 儲備被壓到極低，AMM 價格嚴重失真，得以用少量 BGLD 換走池中大部分 WBNB 與 DEBT。,資料來源未記載資金追回或後續處理。,medium,"Based on the DeFiHackLabs entry (FlashLoan price manipulation, lost $18k) and PoC BGLD_exp.sol. Classified as a token business-logic bug (deflationary transfer + skim/sync) rather than oracle manipulation, since no external oracle is read; the exact fee mechanism is inferred from the PoC steps. [Draft: not yet independently reviewed.]",3,https://bscscan.com/tx/0xea108fe94bfc9a71bb3e4dee4a1b0fd47572e6ad6aba8b2155ac44861be628ae | https://github.com/SunWeb3Sec/DeFiHackLabs/blob/main/src/test/2022-12/BGLD_exp.sol | https://twitter.com/BlockSecTeam/status/1602335214356660225
fpr-2022-12,2022-12-14,2022,FPR,other,其他,smart_contract_bug,合約 / 程式邏輯漏洞,access_control,權限控管缺失,Access control: unprotected setAdmin() then remaining() withdrawal,29000.0,,29000.0,unknown,不明,"~$29k (FPR tokens and FPR/USDT LP tokens, sold for USDT)",Unknown,bsc_only,只有 BNB Smart Chain,2022 年 12 月 14 日，與 FPR 代幣相關的四個合約遭攻擊，損失約 2.9 萬美元。攻擊者對每個合約呼叫未受保護的 setAdmin() 將自己設為管理員，再呼叫 remaining() 提走合約中的 FPR 代幣與 FPR/USDT LP 代幣，最後移除流動性並將 FPR 全數換成 USDT。,"這些合約的 setAdmin() 缺乏任何權限檢查，任何人都能把自己設為管理員，進而呼叫原本僅限管理員使用的 remaining(to, token)，將合約內全部代幣轉到任意地址。",資料來源未記載資金追回或後續處理。,medium,"Based on the DeFiHackLabs entry (Access Control, $29k) and PoC FPR_exp.sol, whose header lists Total Lost ~$29k, attacker 0xE3104e645BC3f6fD821930a6a39EE509a0E87D3b and four attack transactions. [Draft: not yet independently reviewed.]",3,https://github.com/SunWeb3Sec/DeFiHackLabs/blob/main/src/test/2022-12/FPR_exp.sol | https://twitter.com/chainlight_io/status/1603282848311480320 | https://twitter.com/peckshield/status/1603226968706936832
nmbplatform-2022-12,2022-12-14,2022,Nmbplatform (Nimbus),staking,質押服務,oracle_price_manipulation,預言機 / 價格操縱,,,FlashLoan price manipulation of fixed-APY staking rewards,,,,unknown,不明,76k (unit not specified in source; GNIMB/NIMB rewards sold for WBNB),Unknown,bsc_only,只有 BNB Smart Chain,2022 年 12 月 14 日，Nimbus 平台（Nmbplatform）的固定年化質押獎勵合約遭價格操縱攻擊，DeFiHackLabs 記載損失為「76k」。攻擊者事先以三個合約分別質押 GNIMB，約 8 天後透過 DODO 閃電貸與 Biswap 閃電兌換借入大量 WBNB，在 Nimbus 路由器中大量買入 NIMB 拉抬價格，再領取被放大的 GNIMB 獎勵並賣出獲利。,StakingRewardFixedAPY 與 LockStakingRewardFixedAPY 等獎勵合約依據 Nimbus DEX 交易對的即時兌換價格換算應發放的獎勵數量，攻擊者可在同一筆交易中以閃電貸資金操縱 NBU_WBNB/NIMB 價格，使 earned() 計算出的 GNIMB 獎勵遠高於正常值。,資料來源未記載資金追回或後續處理。,medium,"Based on the DeFiHackLabs entry (FlashLoan price manipulation) and PoC Nmbplatform_exp.sol (comment 'Reward Price Manipulation'). The entry's lost text is '76k' with no unit, so loss_usd is left null; it is likely ~US$76k but this is not stated. The PoC uses deal() to top up one reward contract, which is a test simplification. [Draft: not yet independently reviewed.]",3,https://bscscan.com/tx/0x42f56d3e86fb47e1edffa59222b33b73e7407d4b5bb05e23b83cb1771790f6c1 | https://github.com/SunWeb3Sec/DeFiHackLabs/blob/main/src/test/2022-12/Nmbplatform_exp.sol | https://twitter.com/BlockSecTeam/status/1602877048124735489
dfs-2022-12,2022-12-30,2022,DFS,other,其他,smart_contract_bug,合約 / 程式邏輯漏洞,business_logic,業務邏輯錯誤,Insufficient validation + flashloan (repeated skim to the pair itself),1450.0,,1450.0,unknown,不明,"~$1,450 (USDT from the DFS/USDT pool)",Unknown,bsc_only,只有 BNB Smart Chain,"2022 年 12 月 30 日，DFS 代幣遭閃電貸攻擊，損失約 1,450 美元。攻擊者自 USDT/CCDS 交易對閃電兌換借入 USDT，轉入 DFS/USDT 交易對後換出近半 DFS，再將 DFS 轉回交易對並連續 12 次以交易對本身為接收者呼叫 skim()，最後以放大後的 DFS 換走池中 99.9% 的 USDT 並歸還閃電貸。",DFS 代幣合約的轉帳邏輯驗證不足（DeFiHackLabs 標記為 Insufficient validation），當交易對以 skim() 將超額 DFS 轉給自己時，其餘額會被異常放大，攻擊者藉此累積大量 DFS，再用來兌換交易對中的 USDT。,資料來源未記載資金追回或後續處理。,medium,"Based on the DeFiHackLabs entry (Insufficient validation + flashloan, $1450) and PoC DFS_exp.sol, whose header lists Total Lost ~1,450 US$ and vulnerable contract 0x2B806e6D78D8111dd09C58943B9855910baDe005. The exact balance-inflation mechanism on self-skim is inferred from the PoC steps. [Draft: not yet independently reviewed.]",3,https://bscscan.com/tx/0xcddcb447d64c2ce4b3ac5ebaa6d42e26d3ed0ff3831c08923c53ea998f598a7c | https://github.com/SunWeb3Sec/DeFiHackLabs/blob/main/src/test/2022-12/DFS_exp.sol | https://twitter.com/CertiKAlert/status/1608788290785665024
gds-2023-01,2023-01-03,2023,GDS,other,其他,smart_contract_bug,合約 / 程式邏輯漏洞,business_logic,業務邏輯錯誤,Business logic flaw: LP reward claimed repeatedly with the same flash-loaned LP tokens,180000.0,,180000.0,unknown,不明,~$180k (USDT),Unknown,bsc_only,只有 BNB Smart Chain,"2023 年 1 月 3 日，GDS 代幣的 LP 獎勵機制遭攻擊，損失約 18 萬美元。攻擊者先部署 100 個輔助合約，各自持有 LP 並將等值約 100 USDT 的 GDS 轉入銷毀地址；約 1,100 個區塊後透過兩層閃電貸借入大量 USDT 加入 GDS/USDT 流動性，再將同一批 LP 代幣依序轉入每個輔助合約觸發獎勵，最後移除流動性並將 GDS 賣回 USDT。",GDS 合約依據觸發獎勵當下地址持有的 LP 代幣餘額分配獎勵，未考量持有時間，也未防止同一批 LP 在不同地址間轉移後重複領取，使攻擊者能以閃電貸取得的單一批 LP 代幣在 100 個合約間輪流領取獎勵。,資料來源未記載資金追回或後續處理。,medium,"Based on the DeFiHackLabs entry (Business Logic Flaw, $180k) and PoC GDS_exp.sol; the reward-eligibility details are inferred from the PoC's ClaimReward helper contracts. [Draft: not yet independently reviewed.]",3,https://github.com/SunWeb3Sec/DeFiHackLabs/blob/main/src/test/2023-01/GDS_exp.sol | https://twitter.com/BlockSecTeam/status/1610167174978760704 | https://twitter.com/peckshield/status/1610095490368180224
bra-2023-01,2023-01-10,2023,BRA,other,其他,smart_contract_bug,合約 / 程式邏輯漏洞,business_logic,業務邏輯錯誤,"Business logic flaw: double tax credited to LP pair without sync(), drained via skim()",224000.0,,224000.0,unknown,不明,819 BNB (~$224k),Unknown,bsc_only,只有 BNB Smart Chain,"2023 年 1 月 10 日，BRA 代幣遭閃電貸攻擊，損失 819 BNB（約 22.4 萬美元），分兩筆交易分別獲利約 675 與 144 WBNB。攻擊者自 DODO 借入 1,400 WBNB，將其中 1,000 BNB 換成 BRA 後全數轉入 BRA/USDT 交易對，再以交易對本身為接收者連續呼叫 skim() 101 次，使交易對的 BRA 餘額不斷膨脹，最後將多出的 BRA 換成 USDT 再換回 WBNB。",BRA 代幣在 _transfer() 中實作稅費邏輯，當發送方或接收方為 LP 交易對時會將雙倍稅費計入交易對，卻未呼叫 sync() 更新儲備；攻擊者因此能反覆以 skim() 讓交易對自我轉帳、累積失衡的超額餘額，再將其兌換取走。,資料來源未記載資金追回或後續處理。,medium,"Based on the DeFiHackLabs entry (Business Logic Flaw, 819 BNB ~224k$) and PoC BRA_exp.sol, whose header gives the root cause, attacker 0x67a909f2953fb1138bea4b60894b51291d2d0795 and two attack txs (675 + 144 WBNB). loss_usd uses the entry's own ~US$224k figure (about US$273/BNB). [Draft: not yet independently reviewed.]",3,https://github.com/SunWeb3Sec/DeFiHackLabs/blob/main/src/test/2023-01/BRA_exp.sol | https://twitter.com/BlockSecTeam/status/1612701106982862849 | https://twitter.com/CertiKAlert/status/1612674916070858753
ufdao-2023-01,2023-01-11,2023,UFDao,dao_governance,DAO / 治理,operational_error,操作失誤,,,Incorrect parameter setting (public offer of DAO LP tokens),90000.0,,90000.0,unknown,不明,~$90k (USDC from the UF DAO treasury),Unknown,bsc_only,只有 BNB Smart Chain,"2023 年 1 月 11 日，UF DAO 遭攻擊，損失約 9 萬美元。攻擊者僅以 0.4 BNB 換得 USDC，透過 Shop 合約的 buyPublicOffer() 購買 UF DAO 的 LP 代幣（UFT），再呼叫 burn() 依比例贖回 DAO 金庫中的 USDC，接著以取得的 USDC 再購買 1,000 枚 LP 並銷毀，以此套利。",DeFiHackLabs 將根因標記為「參數設定錯誤」：UF DAO 公開募售（public offer）的參數設定使 LP 代幣的售價低於每單位 LP 可贖回的金庫資產價值，攻擊者因此能以低價購入 LP，再透過 burn() 按比例提領金庫中的 USDC。,資料來源未記載資金追回或後續處理。,medium,"Based on the DeFiHackLabs entry (Incorrect Parameter Setting, $90k) and PoC UFDao_exp.sol. Categorized as operational_error (misconfigured public-offer parameters); the precise misconfigured value is inferred from the buy-then-burn flow in the PoC. [Draft: not yet independently reviewed.]",3,https://bscscan.com/tx/0x933d19d7d822e84e34ca47ac733226367fbee0d9c0c89d88d431c4f99629d77a | https://github.com/SunWeb3Sec/DeFiHackLabs/blob/main/src/test/2023-01/UFDao_exp.sol | https://twitter.com/BlockSecTeam/status/1613507804412940289
omniestate-2023-01,2023-01-17,2023,OmniEstate,staking,質押服務,smart_contract_bug,合約 / 程式邏輯漏洞,input_validation,輸入驗證缺失 / 任意外部呼叫,No input parameter check in staking invest(),70000.0,,70000.0,unknown,不明,~$70k (236 BNB),Unknown,bsc_only,只有 BNB Smart Chain,"2023 年 1 月 17 日，OmniEstate 的 ORT 質押池遭攻擊，損失約 7 萬美元（236 BNB）。攻擊者以 1 WBNB 換得 ORT，呼叫 invest(0, 1) 以結束日期 0、數量 1 建立質押，接著立即呼叫 withdrawAndClaim() 提領，取得大量 ORT 並換回 WBNB。",OmniStakingPool 的 invest() 未檢查 end_date 等輸入參數是否為合法的鎖倉期間，攻擊者傳入 end_date = 0 即可建立異常質押紀錄，使獎勵計算失真，並透過 withdrawAndClaim() 立即領取遠超投入的 ORT。,資料來源未記載資金追回或後續處理。,medium,"Based on the DeFiHackLabs entry (No Input Parameter Check, $70k / 236 BNB) and PoC OmniEstate_exp.sol (invest and withdraw transactions). [Draft: not yet independently reviewed.]",3,https://bscscan.com/tx/0x49bed801b9a9432728b1939951acaa8f2e874453d39c7d881a62c2c157aa7613 | https://github.com/SunWeb3Sec/DeFiHackLabs/blob/main/src/test/2023-01/OmniEstate_exp.sol | https://twitter.com/BlockSecTeam/status/1615232012834705408
biswap-2023-06,2023-06-30,2023,Biswap,dex_amm,去中心化交易所 / AMM,smart_contract_bug,合約 / 程式邏輯漏洞,input_validation,輸入驗證缺失 / 任意外部呼叫,V3Migrator exploit: unvalidated migrate() params drain LP tokens approved to the migrator,72000.0,,72000.0,unknown,不明,~$72K (underlying tokens of victims' Biswap V2 LP positions),Unknown,bsc_only,只有 BNB Smart Chain,2023 年 6 月 30 日，BSC 上的去中心化交易所 Biswap 其 V3Migrator 合約遭到攻擊，損失約 7.2 萬美元。攻擊者先以自建的假代幣在 Biswap V3 建立池子，再呼叫 migrate() 銷毀曾授權給 Migrator 的受害者 V2 LP 代幣，並把新部位以假代幣建立，使真實代幣滯留在 Migrator 中。接著攻擊者以偽造的 pair 合約再次呼叫 migrate()，將滯留的真實代幣轉為自己的部位取走。,V3Migrator 的 migrate() 未驗證呼叫者是否為 LP 持有人，也未檢查傳入的 pair 位址與 token0/token1 是否相符，任何人都能動用他人對 Migrator 的 LP 授權，並以偽造的 pair 合約（其 burn() 回傳任意數量）取走合約內的真實代幣。,資料來源未記載資金追回或後續處理。,medium,"Record based on the DeFiHackLabs entry (root cause 'V3Migrator Exploit', lost ~$72k) and its PoC (Biswap_exp.sol, fork block 29,554,461). Loss uses the parsed DeFiHackLabs USD figure. Mechanism described from the PoC steps: fake tokens/fake pair, migrate() with victim as recipient, then migrate() with fake pair and attacker as recipient. [Draft: not yet independently reviewed.]",3,https://bscscan.com/tx/0xebe5248820241d8de80bcf66f4f1bfaaca62962824efaaa662db84bd27f5e47e | https://github.com/SunWeb3Sec/DeFiHackLabs/blob/main/src/test/2023-06/Biswap_exp.sol | https://twitter.com/MetaTrustAlert/status/1674814217122349056?s=20
myai-2023-06,2023-06-30,2023,MyAi,other,其他,smart_contract_bug,合約 / 程式邏輯漏洞,input_validation,輸入驗證缺失 / 任意外部呼叫,Arbitrary _from in MultiSender batchTokenTransfer drains token approvals (business logic),480.0,,480.0,unknown,不明,~2 BNB (MyAi tokens taken from an approving victim and sold for WBNB),Unknown,bsc_only,只有 BNB Smart Chain,2023 年 6 月 30 日，與 MyAi 代幣相關的 MultiSender（批次轉帳）合約遭到利用，資料來源記載損失約 2 BNB（PoC 標頭則寫約 10 BNB）。攻擊者支付 1 BNB 手續費呼叫 batchTokenTransfer()，把曾授權給該合約的受害地址所持有的 MyAi 代幣分 100 筆轉給自己，再於 PancakeSwap 分批賣成 WBNB。,MultiSender 的 batchTokenTransfer() 允許呼叫者任意指定 _from 參數，卻未檢查 _from 是否等於 msg.sender，導致任何人都能挪用他人對該合約的代幣授權。,資料來源未記載資金追回或後續處理。,medium,"Record based on the DeFiHackLabs entry (root cause 'Business Logic', lost ~2 BNB) and its PoC (MyAi_exp.sol, vulnerable MultiSender 0xdb103fd2...). The PoC header states ~10 BNB; the entry's ~2 BNB is used. USD estimated as 2 BNB x ~$240 (approximate BNB price on 2023-06-30). [Draft: not yet independently reviewed.]",3,https://bscscan.com/tx/0x346f65ac333eb6d69886f5614aaf569a561a53a8d93db4384bd7c0bec15ae9f6 | https://github.com/SunWeb3Sec/DeFiHackLabs/blob/main/src/test/2023-06/MyAi_exp.sol | https://x.com/DecurityHQ/status/1674781372182048776
bambooia-2023-07,2023-07-04,2023,BambooIA,other,其他,smart_contract_bug,合約 / 程式邏輯漏洞,business_logic,業務邏輯錯誤,Price manipulation attack via repeated transfer-to-pair + skim loop,49000.0,,49000.0,unknown,不明,~200 BNB,Unknown,bsc_only,只有 BNB Smart Chain,"2023 年 7 月 4 日，BSC 上的 BambooIA（BAMBOO）代幣遭價格操縱攻擊，損失約 200 BNB。攻擊者以閃電貸資金（PoC 以 4,000 WBNB 模擬）買入 WBNB/BAMBOO 交易對中約九成的 BAMBOO，接著重複一萬次「將 BAMBOO 轉入交易對後呼叫 skim()」，最後把 BAMBOO 賣回 WBNB 獲利。",PoC 未附代幣原始碼；由攻擊步驟推斷，BAMBOO 代幣轉帳（含手續費）邏輯在與交易對互動時的餘額處理有缺陷，使反覆「轉入交易對＋skim」得以扭曲攻擊者持有量與交易對儲備，進而以不合理價格換出池中 WBNB。,資料來源未記載資金追回或後續處理。,low,"Record based on the DeFiHackLabs entry (root cause 'Price manipulation attack', lost ~200BNB) and its PoC (Bamboo_exp.sol, block 29,668,034). The PoC shows the attack steps but not the token's code, so the exact transfer/fee bug is inferred. USD estimated as 200 BNB x ~$245 (approximate BNB price on 2023-07-04). [Draft: not yet independently reviewed.]",2,https://github.com/SunWeb3Sec/DeFiHackLabs/blob/main/src/test/2023-07/Bamboo_exp.sol | https://twitter.com/Phalcon_xyz/status/1676220090142916611
lusd-2023-07,2023-07-07,2023,LUSD,stablecoin,穩定幣,oracle_price_manipulation,預言機 / 價格操縱,,,Spot-price manipulation of BTCB/BSC-USD pool read via getAmountsOut to over-mint LUSD,9464.0,,9464.0,unknown,不明,"~9,464 USDT",Unknown,bsc_only,只有 BNB Smart Chain,"2023 年 7 月 7 日，BSC 上的 LUSD 鑄幣／借貸合約遭價格操縱攻擊，資料來源記載損失約 9,464 USDT（PoC 標頭寫約 1.6 萬）。攻擊者串接五個 DODO 資金池的閃電貸取得 BSC-USD，以約 80 萬 BSC-USD 透過 PancakeSwap 閃電兌換買走 BTCB、拉高 BTCB 報價，再以約 0.0015 BTCB 存入 Loan 合約鑄出超額 LUSD，並向 LUSD 池贖回 USDT，最後將 BTCB 賣回還款。",Loan 合約以 PancakeSwap 的 getAmountsOut（即時現貨價格）計算抵押品價值與可鑄造的 LUSD 數量，攻擊者可在同一筆交易內操縱 BTCB/BSC-USD 池的儲備，使抵押品被嚴重高估。,資料來源未記載資金追回或後續處理。,medium,"Record based on the DeFiHackLabs entry (root cause 'Price manipulation attack', lost ~9464USDT) and its PoC (LUSD_exp.sol, block 29,756,866), whose analysis comment explains the getAmountsOut-based minting. The PoC header states ~16k; the entry's parsed USD figure is used. [Draft: not yet independently reviewed.]",2,https://github.com/SunWeb3Sec/DeFiHackLabs/blob/main/src/test/2023-07/LUSD_exp.sol | https://twitter.com/AnciliaInc/status/1677391242878140417
wgpt-2023-07,2023-07-12,2023,WGPT,other,其他,smart_contract_bug,合約 / 程式邏輯漏洞,business_logic,業務邏輯錯誤,Business logic flaw in token burn/transfer logic exploited with pair skim loop,80000.0,,80000.0,unknown,不明,~$80K (BUSDT),Unknown,bsc_only,只有 BNB Smart Chain,2023 年 7 月 12 日，BSC 上的 WGPT 代幣遭攻擊，損失約 8 萬美元。攻擊者先建立自有代幣與交易對，再串接多個 DODO 閃電貸與 PancakeSwap V3 閃電貸取得大量 BUSDT，買入 WGPT 後反覆「將 WGPT 轉入 WGPT/BUSDT 交易對並呼叫 skim()」，使交易對的 LP 總量與儲備失衡，最後以失衡價格將 WGPT 換回 BUSDT。,WGPT 代幣的轉帳邏輯內含銷毀（burnRate）等自動處理機制，轉入交易對時會改變交易對的狀態與儲備；攻擊者藉由重複轉帳與 skim 操縱交易對，屬代幣轉帳與經濟邏輯設計缺陷（PoC 作者註明實際金額計算方式未完全釐清）。,資料來源未記載資金追回或後續處理。,low,"Record based on the DeFiHackLabs entry (root cause 'Business Logic Flaw', lost ~$80k) and its PoC (WGPT_exp.sol, block 29,891,709). The PoC author notes the exact transfer-amount math is not fully understood, so the root-cause description is approximate. Loss uses the parsed DeFiHackLabs USD figure. [Draft: not yet independently reviewed.]",3,https://bscscan.com/tx/0x258e53526e5a48feb1e4beadbf7ee53e07e816681ea297332533371032446bfd | https://github.com/SunWeb3Sec/DeFiHackLabs/blob/main/src/test/2023-07/WGPT_exp.sol | https://twitter.com/Phalcon_xyz/status/1679042549946933248
newfi-2023-07,2023-07-17,2023,NewFi,yield_vault,收益金庫,oracle_price_manipulation,預言機 / 價格操縱,,,"Lack of slippage protection in StakedV3 Invest() swap, exploited with flash-loan price manipulation",31000.0,,31000.0,unknown,不明,~$31K (BUSD),Unknown,bsc_only,只有 BNB Smart Chain,"2023 年 7 月 17 日，BSC 上 NewFi 的 StakedV3 投資合約遭攻擊，損失約 3.1 萬美元。攻擊者向三個 PancakeSwap V3 池借出 BUSD 閃電貸，先將 1,200 萬 BUSD 換成 USDT 以扭曲 BUSD/USDT 池價格，接著呼叫 StakedV3.Invest() 讓合約在失衡價格下移除流動性並兌換，最後把 USDT 換回 BUSD 並歸還閃電貸獲利。",StakedV3 的 Invest() 在內部移除流動性並將 BUSD 兌換為 USDT 時未設定滑價保護（最低成交數量），使攻擊者可先操縱池子價格，讓合約以極差價格成交並從中套利。,資料來源未記載資金追回或後續處理。,medium,"Record based on the DeFiHackLabs entry (root cause 'Lack Slippage Protection', lost ~$31K) and its PoC (NewFi_exp.sol, block 30,043,573, vulnerable StakedV3 0xb8dc09ee...). Loss uses the parsed DeFiHackLabs USD figure. [Draft: not yet independently reviewed.]",3,https://bscscan.com/tx/0x557628123d137ea49564e4dccff5f5d1e508607e96dd20fe99a670519b679cb5 | https://github.com/SunWeb3Sec/DeFiHackLabs/blob/main/src/test/2023-07/NewFi_exp.sol | https://twitter.com/Phalcon_xyz/status/1680961588323557376
apedao-2023-07,2023-07-18,2023,APEDAO,other,其他,smart_contract_bug,合約 / 程式邏輯漏洞,business_logic,業務邏輯錯誤,Business logic flaw: transfer+skim loop then public goDead() burns pair tokens to inflate price,7000.0,,7000.0,unknown,不明,~$7K (BUSDT),Unknown,bsc_only,只有 BNB Smart Chain,"2023 年 7 月 18 日，BSC 上的 APEDAO 代幣遭攻擊，損失約 7,000 美元。攻擊者串接多個 DODO 閃電貸取得 BUSDT 並買入 APEDAO，重複 16 次「轉入交易對後呼叫 skim() 取回」，再呼叫 goDead() 銷毀交易對中的 APEDAO 以推高價格，最後將手上的 APEDAO 賣回 BUSDT。",APEDAO 的 goDead() 可由任何人呼叫並直接銷毀交易對持有的代幣；由 PoC 推斷，代幣在轉入交易對時會累計待銷毀數量，卻未考慮 skim 會把代幣取回，導致交易對儲備被過度銷毀、價格被人為拉高。,資料來源未記載資金追回或後續處理。,medium,"Record based on the DeFiHackLabs entry (root cause 'Business Logic Flaw', lost ~$7K) and its PoC (ApeDAO_exp.sol, block 30,072,293). The PoC comments state goDead() burns APEDAO in the pair to raise the price; the accumulation mechanism is inferred. Loss uses the parsed DeFiHackLabs USD figure. [Draft: not yet independently reviewed.]",3,https://bscscan.com/tx/0x8d35dfd9968ce61fb969ffe8dcc29eeeae864e466d2cb0b7d26ce63644691994 | https://github.com/SunWeb3Sec/DeFiHackLabs/blob/main/src/test/2023-07/ApeDAO_exp.sol | https://twitter.com/BeosinAlert/status/1681316257034035201
bno-2023-07,2023-07-18,2023,BNO,staking,質押服務,smart_contract_bug,合約 / 程式邏輯漏洞,business_logic,業務邏輯錯誤,Invalid emergency withdraw mechanism in NFT/token staking pool,505000.0,,505000.0,unknown,不明,~$505K (BNO tokens),Unknown,bsc_only,只有 BNB Smart Chain,2023 年 7 月 18 日，BSC 上 BNO 的 NFT／代幣質押池遭攻擊，損失約 50.5 萬美元。攻擊者自 PancakeSwap 交易對以閃電兌換借出幾乎全部 BNO，重複 100 次「質押兩枚 NFT、pledge 質押 BNO、呼叫 emergencyWithdraw()、再 unstakeNft() 取回 NFT」的流程，最後歸還借款並保留多出的 BNO。,質押池的 emergencyWithdraw() 退回質押的 BNO 時未一併處理 NFT 質押狀態與相關計算，造成狀態不一致；攻擊者緊急提領後仍可 unstakeNft() 取回 NFT，並能無限次重複此流程從池中提走超出應得的 BNO。,資料來源未記載資金追回或後續處理。,medium,"Record based on the DeFiHackLabs entry (root cause 'Invalid emergency withdraw mechanism', lost ~$505K) and its PoC (BNO_exp.sol, block 30,056,629, vulnerable pool 0xdca50344...). PoC comments state emergency withdraw cancels the stake while the NFTs remain claimable. Loss uses the parsed DeFiHackLabs USD figure. [Draft: not yet independently reviewed.]",3,https://bscscan.com/tx/0x33fed54de490797b99b2fc7a159e43af57e9e6bdefc2c2d052dc814cfe0096b9 | https://github.com/SunWeb3Sec/DeFiHackLabs/blob/main/src/test/2023-07/BNO_exp.sol | https://twitter.com/BeosinAlert/status/1681116206663876610
ffist-2023-07,2023-07-20,2023,FFIST,other,其他,smart_contract_bug,合約 / 程式邏輯漏洞,business_logic,業務邏輯錯誤,"Predictable airdrop logic manipulates pair balance, then sync and swap (business logic flaw)",110000.0,,110000.0,unknown,不明,~$110K (WBNB via USDT route),Unknown,bsc_only,只有 BNB Smart Chain,2023 年 7 月 20 日，BSC 上的 FFIST 代幣遭攻擊，損失約 11 萬美元。攻擊者以 0.01 WBNB 經 USDT 路徑買入 FFIST，再根據 lastAirdropAddress、block.number 與交易對地址精算出特定接收地址並轉帳 0 枚 FFIST，觸發空投邏輯改寫交易對的 FFIST 餘額，呼叫 sync() 後將 FFIST 賣回換取大量 WBNB。,FFIST 代幣的空投機制以可預測的鏈上資料計算「隨機」空投地址，並在空投時直接設定目標地址餘額，且即使轉帳金額為 0 也會觸發；攻擊者可讓交易對成為空投目標，將其儲備改成極小值後 sync，以扭曲的價格套走池中資產。,資料來源未記載資金追回或後續處理。,medium,"Record based on the DeFiHackLabs entry (root cause 'Business Logic Flaw', lost ~$110k) and its PoC (FFIST_exp.sol, block 30,113,117); mechanism mirrors the same-day Utopia incident whose PoC cites FFIST as similar. Loss uses the parsed DeFiHackLabs USD figure. [Draft: not yet independently reviewed.]",3,https://bscscan.com/tx/0x199c4b88cab6b4b495b9d91af98e746811dd8f82f43117c48205e6332db9f0e0 | https://github.com/SunWeb3Sec/DeFiHackLabs/blob/main/src/test/2023-07/FFIST_exp.sol | https://twitter.com/Phalcon_xyz/status/1681869807698984961
utopia-2023-07,2023-07-20,2023,Utopia,other,其他,smart_contract_bug,合約 / 程式邏輯漏洞,business_logic,業務邏輯錯誤,"Predictable airdrop logic overwrites pair balance, then sync and swap (business logic flaw)",119000.0,,119000.0,unknown,不明,~$119K (WBNB),Unknown,bsc_only,只有 BNB Smart Chain,2023 年 7 月 20 日，BSC 上的 Utopia 代幣遭攻擊，損失約 11.9 萬美元。攻擊者僅以 0.01 WBNB 買入少量 Utopia，利用代幣「隨機空投」地址可預測的特性，精算出特定接收地址並呼叫交易對的 skim()，使交易對的 Utopia 餘額被設為 1，sync() 後再以 32 枚 Utopia 換走池中的 WBNB。,Utopia 代幣轉帳時的空投機制以 lastAirdropAddress、block.number 與轉帳地址等可預測資料產生「隨機」空投地址，並會直接設定目標地址的餘額；攻擊者可讓交易對成為空投目標，把其餘額改成極小值，嚴重扭曲交易對價格。,資料來源未記載資金追回或後續處理。,medium,"Record based on the DeFiHackLabs entry (root cause 'Business Logic Flaw', lost ~$119k) and its PoC (Utopia_exp.sol, block 30,119,396), which references FFIST as a similar incident and comments that the pair balance is set to 1 via the computed airdrop address. Loss uses the parsed DeFiHackLabs USD figure. [Draft: not yet independently reviewed.]",3,https://bscscan.com/tx/0xeb4eb487f58d39c05778fed30cd001b986d3c52279e44f46b2de2773e7ee1d5e | https://github.com/SunWeb3Sec/DeFiHackLabs/blob/main/src/test/2023-07/Utopia_exp.sol | https://twitter.com/DeDotFiSecurity/status/1681923729645871104
sut-2023-07,2023-07-21,2023,SUT,launchpad,發幣平台,smart_contract_bug,合約 / 程式邏輯漏洞,business_logic,業務邏輯錯誤,Business logic flaw: incorrect tokenPrice() in SUT token sale contract,8000.0,,8000.0,unknown,不明,~$8K (WBNB profit),Unknown,bsc_only,只有 BNB Smart Chain,"2023 年 7 月 21 日，BSC 上的 SUT 代幣銷售合約（SUTTokenSale）遭攻擊，損失約 8,000 美元。攻擊者自 DODO 閃電貸借入 10 WBNB，僅以約 6.86 BNB 就買下銷售合約內全部 SUT，再透過 PancakeSwap V3 將 SUT 賣回 WBNB 獲利並償還閃電貸。",SUTTokenSale 的 tokenPrice() 回傳錯誤（明顯偏低）的代幣價格，而 buyTokens() 直接依此計價，使攻擊者能以遠低於市價的 BNB 買入合約中的全部 SUT，再到公開市場高價賣出。,資料來源未記載資金追回或後續處理。,medium,"Record based on the DeFiHackLabs entry and PoC (SUT_exp.sol, Total Lost ~8K USD). loss_usd taken from the parsed DeFiHackLabs value. PoC comments explicitly flag the incorrect price returned by tokenPrice(). [Draft: not yet independently reviewed.]",3,https://bscscan.com/tx/0xfa1ece5381b9e2b2b83cb10faefde7632ca411bb38dd6bafe1f1140b1360f6ae | https://github.com/SunWeb3Sec/DeFiHackLabs/blob/main/src/test/2023-07/SUT_exp.sol | https://twitter.com/bulu4477/status/1682983956080377857
minto-finance-2023-07,2023-07-23,2023,Minto Finance,launchpad,發幣平台,smart_contract_bug,合約 / 程式邏輯漏洞,signature_message_verification,簽章 / 跨鏈訊息驗證缺陷,Signature replay / unvalidated payment token in referral crowdsale buyTokens(),9000.0,,9000.0,unknown,不明,~$9K (BTCMT swapped to BUSD),Unknown,bsc_only,只有 BNB Smart Chain,"2023 年 7 月 23 日，Minto（BTCMT）在 BSC 上的推薦制群眾募資合約（ReferalCrowdSales）遭攻擊，損失約 9,000 美元。攻擊者以既有的 linkHash 搭配空白簽章呼叫 buyTokens()，並把自製合約指定為付款代幣，未實際付款就取得 BTCMT，隨後經 PancakeSwap V3 換成 BUSD。","DeFiHackLabs 將根因歸為簽章重放：buyTokens() 對既有 linkHash 與空白簽章未做有效驗證，也未限制 paymentToken 必須為白名單代幣；攻擊者合約的 transferFrom() 直接回傳 true，使銷售合約誤認已收到 12,100 單位款項而發放 BTCMT。",資料來源未記載資金追回或後續處理。,medium,"Record based on the DeFiHackLabs entry (root cause label: Signature Replay) and PoC (MintoFinance_exp.sol, Total Lost ~9k US$). The PoC shows empty link/buy signatures, a reused linkHash and an attacker-controlled paymentToken whose transferFrom returns true. loss_usd taken from the parsed DeFiHackLabs value. [Draft: not yet independently reviewed.]",2,https://github.com/SunWeb3Sec/DeFiHackLabs/blob/main/src/test/2023-07/MintoFinance_exp.sol | https://twitter.com/bbbb/status/1683180340548890631
palmswap-2023-07,2023-07-24,2023,Palmswap,perp_derivatives,永續合約 / 衍生品,smart_contract_bug,合約 / 程式邏輯漏洞,business_logic,業務邏輯錯誤,Business logic flaw: PLP/USDP exchange rate manipulable via buyUSDP(),900000.0,,900000.0,unknown,不明,~$900K (BUSDT),Unknown,bsc_only,只有 BNB Smart Chain,2023 年 7 月 24 日，BSC 上的永續合約交易所 Palmswap 遭攻擊，損失約 90 萬美元。攻擊者自 Radiant 閃電貸借入 300 萬 BUSDT，先以 100 萬 BUSDT 購買 PLP 流動性憑證，再將 200 萬 BUSDT 直接轉入 Vault 並呼叫 buyUSDP()，接著贖回 PLP 取得約 1.9 倍的 USDP，最後透過 sellUSDP() 換回 BUSDT 獲利。,PLP 與 USDP 的兌換率會隨 Vault 中 USDP 的鑄造量即時變動，而 buyUSDP() 可由任何人在同一筆交易中呼叫；攻擊者藉此把兌換率由 1:1 拉高到約 1:1.9，以「買入 PLP、墊高 Vault、贖回 PLP」的流程套走流動性提供者的資金。,資料來源未記載資金追回或後續處理。,medium,"Record based on the DeFiHackLabs entry and PoC (Palmswap_exp.sol, Total Lost ~$900K). PoC comments state the USDP:PLP rate moves from 1:1 to 1:1.9 after buyUSDP(). loss_usd taken from the parsed DeFiHackLabs value. [Draft: not yet independently reviewed.]",3,https://bscscan.com/tx/0x62dba55054fa628845fecded658ff5b1ec1c5823f1a5e0118601aa455a30eac9 | https://github.com/SunWeb3Sec/DeFiHackLabs/blob/main/src/test/2023-07/Palmswap_exp.sol | https://twitter.com/BlockSecTeam/status/1683680026766737408
carson-2023-07,2023-07-26,2023,Carson,other,其他,oracle_price_manipulation,預言機 / 價格操縱,,,Price manipulation of Carson via customized (closed-source) pair/router,150000.0,,150000.0,unknown,不明,~$150K (BUSDT),Unknown,bsc_only,只有 BNB Smart Chain,"2023 年 7 月 26 日，BSC 上的 Carson 代幣遭價格操縱攻擊，損失約 15 萬美元。攻擊者串接五個 DODO 池的閃電貸借入大量 BUSDT，透過未開源的客製化 Router 以 150 萬 BUSDT 買入 Carson，再分 50 次各賣出 5,000 枚並賣出其餘持幣，換回的 BUSDT 多於投入後償還閃電貸。",PoC 註明根因來自 Carson 使用的客製化交易對（相關 Router 未開源），其計價邏輯可被「大額買入後分批小額賣出」的方式操縱，使賣回的 BUSDT 超過買入成本；PoC 未詳述具體程式缺陷。,資料來源未記載資金追回或後續處理。,low,"Record based on the DeFiHackLabs entry (label: Price manipulation) and PoC (Carson_exp.sol, Total Lost ~150K USD). The PoC says the root cause stems from a customized, closed-source pair contract and marks the detail as 'To be updated', so the exact bug is unclear. loss_usd taken from the parsed DeFiHackLabs value. [Draft: not yet independently reviewed.]",3,https://github.com/SunWeb3Sec/DeFiHackLabs/blob/main/src/test/2023-07/Carson_exp.sol | https://twitter.com/BeosinAlert/status/1684393202252402688 | https://twitter.com/Phalcon_xyz/status/1684503154023448583
gymnet-2023-07,2023-07-31,2023,GYMNET (Gym Network),dex_amm,去中心化交易所 / AMM,smart_contract_bug,合約 / 程式邏輯漏洞,input_validation,輸入驗證缺失 / 任意外部呼叫,"Insufficient validation in GymRouter swap, abusing users' token approvals",,,,unknown,不明,Unclear (GYMNET held by users who had approved GymRouter),Unknown,bsc_only,只有 BNB Smart Chain,2023 年 7 月 31 日，Gym Network 的 GymRouter 合約在 BSC 上遭攻擊，損失金額不明。攻擊者部署假 USDT，並以閃電兌換借來的 GYMNET 在 PancakeSwap 建立 GYMNET/假 USDT 流動池，再透過 GymRouter 把 18 個曾授權該 Router 的錢包內 GYMNET 全數換成假 USDT，最後移除流動性取走 GYMNET。,GymRouter 的 swapExactTokensForTokensSupportingFeeOnTransferTokens() 未驗證呼叫者與受影響地址的關係，也未限制交易路徑，任何人都能動用受害者對 Router 的授權，將其 GYMNET 換入攻擊者自建的假代幣交易對。,資料來源未記載資金追回或後續處理。,medium,"Record based on the DeFiHackLabs entry (label: Insufficient validation) and PoC (GYMNET_exp.sol). Total loss is listed as 'Unclear', so loss_usd is null. The PoC lists 18 victim addresses whose GYMNET was swapped through GymRouter into an attacker-deployed fake USDT pool. [Draft: not yet independently reviewed.]",3,https://bscscan.com/tx/0x7fe96c00880b329aa0fcb00f0ef3a0766c54e13965becf9cc5e0df6fbd0deca6 | https://github.com/SunWeb3Sec/DeFiHackLabs/blob/main/src/test/2023-07/GYMNET_exp.sol | https://twitter.com/AnciliaInc/status/1686605510655811584
gss-2023-08,2023-08-24,2023,GSS,other,其他,smart_contract_bug,合約 / 程式邏輯漏洞,business_logic,業務邏輯錯誤,skim token balance across GSS pairs followed by sync(),25000.0,,25000.0,unknown,不明,"~$25K (USDT; PoC states ~$24,883)",Unknown,bsc_only,只有 BNB Smart Chain,"2023 年 8 月 24 日，BSC 上的 GSS 代幣遭攻擊，損失約 2.5 萬美元（PoC 記載約 24,883 美元）。攻擊者自 DODO 閃電貸借入 3 萬 USDT 買入 GSS，將大量 GSS 轉入 GSS/USDT 池後以 skim() 轉到 GSS/GSSDAO 池，再對 GSS/USDT 池呼叫 sync()，並從 GSS/GSSDAO 池 skim() 取回 GSS，最後賣出獲利。",由 PoC 流程推斷，GSS 代幣在交易對透過 skim() 轉出時的轉帳／帳務邏輯有缺陷，會使 GSS/USDT 池的實際餘額異常減少；攻擊者隨即以 sync() 把池內儲備同步為較低數值推高 GSS 價格，再從另一池取回自己的 GSS 高價賣出。,資料來源未記載資金追回或後續處理。,medium,"Record based on the DeFiHackLabs entry (label: skim token balance) and PoC (GSS_exp.sol, Total Lost ~$24,883). The exact token-side accounting flaw is inferred from the skim/sync sequence in the PoC. loss_usd taken from the parsed DeFiHackLabs value. [Draft: not yet independently reviewed.]",3,https://bscscan.com/tx/0x4f8cb9efb3cc9930bd38af5f5d34d15ce683111599a80df7ae50b003e746e336 | https://github.com/SunWeb3Sec/DeFiHackLabs/blob/main/src/test/2023-08/GSS_exp.sol | https://twitter.com/bbbb/status/1694571228185723099
svt-2023-08,2023-08-26,2023,SVT,other,其他,smart_contract_bug,合約 / 程式邏輯漏洞,business_logic,業務邏輯錯誤,Flawed price calculation in SVT pool buy()/sell(),400000.0,,400000.0,unknown,不明,~$400K (BUSD/USDT),Unknown,bsc_only,只有 BNB Smart Chain,2023 年 8 月 26 日，BSC 上 SVT 代幣的自建買賣池合約遭攻擊，損失約 40 萬美元。攻擊者自 DODO 池借出其全部 BUSD，分兩次呼叫 buy() 買入 SVT，再以 sell() 分批賣出，換回的 BUSD 多於投入，償還閃電貸後獲利。,SVT 池合約 buy() 與 sell() 的價格計算有缺陷（DeFiHackLabs 標註為 flawed price calculation），大額分批買入後再賣出時，合約算出的賣出所得高於實際投入，使攻擊者得以掏空池內 BUSD。,資料來源未記載資金追回或後續處理。,medium,"Record based on the DeFiHackLabs entry (label: flawed price calculation, lost ~$400K) and PoC (SVT_exp.sol, which has no Total Lost line). loss_usd taken from the parsed DeFiHackLabs value. The token address is labeled BUSD in the PoC but is the BSC-USD (USDT) contract. [Draft: not yet independently reviewed.]",3,https://bscscan.com/tx/0xf2a0c957fef493af44f55b201fbc6d82db2e4a045c5c856bfe3d8cb80fa30c12 | https://github.com/SunWeb3Sec/DeFiHackLabs/blob/main/src/test/2023-08/SVT_exp.sol | https://twitter.com/Phalcon_xyz/status/1695285435671392504?s=20
eac-2023-08,2023-08-29,2023,EAC,other,其他,oracle_price_manipulation,預言機 / 價格操縱,,,"Price manipulation: flash-loan buy, trigger proxy function spending its USDT, then sell EAC",6380.0,,6380.0,unknown,不明,~29 BNB (profit realized in USDT per PoC),Unknown,bsc_only,只有 BNB Smart Chain,2023 年 8 月 29 日，BSC 上的 EAC 代幣遭價格操縱攻擊，損失約 29 BNB。攻擊者自 DODO 閃電貸借入 30 萬 USDT 買入 EAC，接著呼叫一個代理合約的未公開函式（selector 0xe6a24c3f），並以該代理合約持有的全部 USDT 數量為參數推升 EAC 價格，再將 EAC 賣回 USDT 獲利。,相關代理合約的函式（selector 0xe6a24c3f）可由任何人呼叫，並依參數動用合約持有的 USDT（推測用於買入 EAC 或注入流動性），攻擊者得以先買入 EAC、觸發該合約推高價格後再高價賣出，形成夾擊式價格操縱。,資料來源未記載資金追回或後續處理。,low,"Record based on the DeFiHackLabs entry (label: Price Manipulation, lost '~$29BNB') and PoC (EAC_exp.sol). The input loss_usd_parsed value (29,000,000,000) is a parsing error of '~$29BNB' and was not used; USD estimated as 29 BNB x ~$220 (approximate BNB price on 2023-08-29) = ~$6,380. The function behind selector 0xe6a24c3f is not documented in the PoC, so its exact behavior is inferred. [Draft: not yet independently reviewed.]",3,https://bscscan.com/tx/0x477f9ee698ac8ae800ffa012ab52fd8de39b58996245c5e39a4233c1ae5f1baa | https://github.com/SunWeb3Sec/DeFiHackLabs/blob/main/src/test/2023-08/EAC_exp.sol | https://twitter.com/bbbb/status/1696520866564350157
hct-2023-09,2023-09-07,2023,HCT,other,其他,smart_contract_bug,合約 / 程式邏輯漏洞,business_logic,業務邏輯錯誤,Price manipulation via flawed burn() and PancakePair sync(),6558.0,,6558.0,unknown,不明,~30.5 BNB,Unknown,bsc_only,只有 BNB Smart Chain,"2023 年 9 月 7 日，BSC 上的 HCT 代幣遭價格操縱攻擊，損失約 30.5 BNB。攻擊者自 DODO 閃電貸借入 2,200 WBNB 買入 HCT，以迴圈反覆呼叫 HCT.burn() 燒毀自身持幣，接著對 HCT/WBNB 交易對呼叫 sync()，再把剩餘少量 HCT 賣回 WBNB 獲利。",由 PoC 流程推斷，HCT 的 burn() 帳務設計有缺陷，燒毀代幣時會連帶減少交易對帳上的 HCT 餘額；攻擊者再以 sync() 將池內 HCT 儲備同步為極低數值，使 HCT 價格暴漲，只需極少量 HCT 就能換走池內 WBNB。,資料來源未記載資金追回或後續處理。,medium,"Record based on the DeFiHackLabs entry (label: Price Manipulation, lost '~$30.5BNB') and PoC (HCT_exp.sol, Total Lost 30.5BNB). The input loss_usd_parsed value (30,500,000,000) is a parsing error and was not used; USD estimated as 30.5 BNB x ~$215 (approximate BNB price on 2023-09-07) = ~$6,558. The burn() effect on the pair balance is inferred from the burn-then-sync sequence in the PoC. [Draft: not yet independently reviewed.]",3,https://bscscan.com/tx/0x84bd77f25cc0db493c339a187c920f104a69f89053ab2deabb93c35220e6dfc0 | https://github.com/SunWeb3Sec/DeFiHackLabs/blob/main/src/test/2023-09/HCT_exp.sol | https://twitter.com/leovctech/status/1699775506785198499
apig-2023-09,2023-09-08,2023,APIG,other,其他,smart_contract_bug,合約 / 程式邏輯漏洞,business_logic,業務邏輯錯誤,Business logic flaw: self-transfer inflates APIG balance,169000.0,,169000.0,unknown,不明,59.5 ETH and ~72.1k USDT (~$169K),Unknown,bsc_only,只有 BNB Smart Chain,2023 年 9 月 8 日，BSC 上的 APIG 代幣遭攻擊，損失約 16.9 萬美元（59.5 ETH 與約 7.21 萬 USDT）。攻擊者以 PancakeSwap 閃電兌換借入 500 USDT 買入 APIG，反覆把 APIG 轉帳給自己使餘額暴增，再將 APIG 分別賣入 APIG/USDT 與 APIG/ETH 交易對，幾乎掏空兩池資產。,APIG 代幣的轉帳邏輯未正確處理寄件者與收件者為同一地址的情況，自我轉帳時餘額不減反增，攻擊者透過迴圈自我轉帳即可憑空放大持幣數量。,資料來源未記載資金追回或後續處理。,medium,"Record based on the DeFiHackLabs entry and PoC (APIG_exp.sol, Total Lost 59.5 ETH and ~72.1k USDT, ~$169k). loss_usd taken from the parsed DeFiHackLabs value. The self-transfer balance inflation is shown by the PoC's loop of APIG.transfer(address(this), balance). [Draft: not yet independently reviewed.]",3,https://bscscan.com/tx/0x66dee84591aeeba6e5f31e12fe728f2ddc79a06426036793487a980c3b952947 | https://github.com/SunWeb3Sec/DeFiHackLabs/blob/main/src/test/2023-09/APIG_exp.sol | https://twitter.com/CertiKAlert/status/1700128158647734745
bfctoken-2023-09,2023-09-09,2023,BFCToken,other,其他,smart_contract_bug,合約 / 程式邏輯漏洞,business_logic,業務邏輯錯誤,Business logic flaw in token transfer logic (transfer-to-pair / skim loop),38000.0,,38000.0,unknown,不明,"~$38K (BUSDT drained from the BUSDT-BFC PancakeSwap pair, swapped to BNB)",Unknown,bsc_only,只有 BNB Smart Chain,2023 年 9 月 9 日，BSC 上的 BFC 代幣遭攻擊，損失約 3.8 萬美元。攻擊者透過 PancakeSwap BUSDT-WBNB 交易對的閃電兌換借入 40 萬 BUSDT，買入 BFC 後利用代幣轉帳邏輯的缺陷反覆操作 BUSDT-BFC 交易對，最後把 BFC 賣回 BUSDT 並換成 BNB 獲利。,BFC 代幣自訂的轉帳邏輯與 PancakeSwap 交易對的 skim 機制互動時存在缺陷：PoC 顯示攻擊者反覆「將 BFC 轉入交易對、呼叫 skim 取回、再對交易對做零金額轉帳」，使自身持有量相對交易對餘額不斷放大（直到約為交易對的 50 倍），扭曲池內儲備後即能以少量 BFC 換走池中大量 BUSDT。,資料來源未記載資金追回或後續處理。,medium,"Record based on the DeFiHackLabs entry and PoC (2023-09/BFCToken_exp.sol). Loss uses the DeFiHackLabs parsed value (~$38K, also the PoC 'Total Lost' line). The PoC shows the attack loop but not BFC's source code, so the exact transfer-hook mechanism is inferred from the loop. Attacker EOA 0x7cb74265... and attack contract 0x9180981... per PoC header. [Draft: not yet independently reviewed.]",3,https://bscscan.com/tx/0x8ee76291c1b46d267431d2a528fa7f3ea7035629500bba4f87a69b88fcaf6e23 | https://github.com/SunWeb3Sec/DeFiHackLabs/blob/main/src/test/2023-09/BFCToken_exp.sol | https://twitter.com/CertiKAlert/status/1700621314246017133
kubsplit-2023-09,2023-09-24,2023,KubSplit,other,其他,oracle_price_manipulation,預言機 / 價格操縱,,,Pool manipulation of spot-priced StakingRewards sell() (flash-loan funded),78000.0,,78000.0,unknown,不明,~$78K (BUSDT and KUB drained from StakingRewards contracts),Unknown,bsc_only,只有 BNB Smart Chain,2023 年 9 月 24 日，BSC 上 KUB／Split 代幣生態的質押合約遭攻擊，損失約 7.8 萬美元。攻擊者串接 5 個 DODO 資金池的閃電貸借入 BUSDT，操縱 KUB、Split 相關的 PancakeSwap 交易對儲備，並透過 Split 代幣的 setPair() 改用自己預先部署的假 USDC 建立的交易對，再反覆呼叫兩個 StakingRewards 合約的 sell()，以被扭曲的價格換走其中的 KUB 與 BUSDT。,StakingRewards 合約的 sell() 依 PancakeSwap 交易對的即時儲備與 LP 持有量計算可兌換數量，可在同一筆交易內被閃電貸資金操縱；PoC 中攻擊合約也能直接呼叫 Split 代幣的 setPair() 更換定價交易對，顯示該設定函式缺乏有效的呼叫者限制。,資料來源未記載資金追回或後續處理。,medium,"Record based on the DeFiHackLabs entry (root cause label 'Pool manipulation') and PoC (2023-09/Kub_Split_exp.sol). Loss uses the DeFiHackLabs parsed value (~$78K). Categorized as price manipulation per the label; the PoC also shows Split.setPair() being callable by the attack contract, which could alternatively be viewed as an access-control flaw. Attacker EOA 0x7ccf451d... per PoC header is the same EOA listed in the ZS (2023-10) PoC. [Draft: not yet independently reviewed.]",3,https://bscscan.com/tx/0x2b0877b5495065e90d956e44ffde6aaee5e0fcf99dd3c86f5ff53e33774ea52d | https://github.com/SunWeb3Sec/DeFiHackLabs/blob/main/src/test/2023-09/Kub_Split_exp.sol | https://twitter.com/CertiKAlert/status/1705966214319612092
xsdwethpool-2023-09,2023-09-26,2023,XSDWETHpool,stablecoin,穩定幣,smart_contract_bug,合約 / 程式邏輯漏洞,reentrancy,重入攻擊,Reentrancy (XSD router sends BNB before calling burnpoolXSD),12060.0,,12060.0,unknown,不明,~56.9 BNB (WBNB),Unknown,bsc_only,只有 BNB Smart Chain,"2023 年 9 月 26 日，BSC 上 XSD 穩定幣協議的 XSD／WETH（實為 WBNB）資金池遭重入攻擊，損失約 56.9 BNB。攻擊者以 DODO 閃電貸借入 4,000 WBNB，呼叫 XSD Router 的 swapXSDForETH()，在路由合約轉出 BNB、觸發攻擊合約 fallback 時重入操作資金池，最終從池中多換出約 56.96 WBNB。",XSD Router 的 swapXSDForETH() 先以 TransferHelper.safeTransferETH() 把 BNB 轉給呼叫者，之後才呼叫 burnpoolXSD() 從資金池銷毀 XSD，且沒有重入保護；攻擊者在 fallback 中先用 WBNB 從池中換走大量 XSD 並呼叫 PIDController.systemCalculations()，待 burnpoolXSD() 在此失衡狀態下銷毀池中 XSD 後，再把 XSD 還回池中即可換出比投入更多的 WBNB。,資料來源未記載資金追回或後續處理。,medium,"Record based on the DeFiHackLabs entry and PoC (2023-09/XSDWETHpool_exp.sol; fork 'bsc', vulnerable router 0xfadda925... on BscScan). The entry's loss_usd_parsed (56,900,000,000) is a parsing error of the lost text '~$56.9BNB'; the PoC confirms the loss is ~56.9 BNB (exploitAmount 56.964 WBNB), so loss_usd is estimated as 56.9 BNB x ~$212/BNB (approximate BNB price on 2023-09-26) = ~$12,060. The PoC references swapETHForBankX, indicating the XSD/BankX protocol; project_type set to stablecoin on that basis. [Draft: not yet independently reviewed.]",3,https://bscscan.com/tx/0xbdf76f22c41fe212f07e24ca7266d436ef4517dc1395077fabf8125ebe304442 | https://github.com/SunWeb3Sec/DeFiHackLabs/blob/main/src/test/2023-09/XSDWETHpool_exp.sol | https://twitter.com/CertiKAlert/status/1706765042916450781
dexrouter-2023-09,2023-09-29,2023,DEXRouter,other,其他,smart_contract_bug,合約 / 程式邏輯漏洞,input_validation,輸入驗證缺失 / 任意外部呼叫,Arbitrary external call (unprotected update() and functionCallWithValue()),4000.0,,4000.0,unknown,不明,~$4K (BNB held by the victim contract),Unknown,bsc_only,只有 BNB Smart Chain,"2023 年 9 月 29 日，BSC 上一個未開源（未驗證）的合約遭攻擊，損失約 4,000 美元的 BNB；DeFiHackLabs 依攻擊合約中的參數名稱將其稱為「DEXRouter」。攻擊者先呼叫其 update() 把內部設定的地址全部改成自己的合約，再透過 functionCallWithValue() 讓受害合約帶著全部 BNB 餘額呼叫攻擊者合約，將資金轉走。",受害合約公開暴露 update() 與 functionCallWithValue()，既未限制呼叫者，也未驗證呼叫目標、呼叫資料與轉帳金額，任何人都能令其對任意地址發起附帶 BNB 的外部呼叫，形成任意外部呼叫漏洞。,資料來源未記載資金追回或後續處理。,medium,"Record based on the DeFiHackLabs entry and PoC (2023-09/DEXRouter_exp.sol). Loss uses the DeFiHackLabs parsed value (~$4K). The victim contract (0x1f7cf218...) is unverified; the name 'DEXRouter' comes from the attack contract's parameter name per the PoC comment, so the actual project is unidentified. [Draft: not yet independently reviewed.]",3,https://bscscan.com/tx/0xf77c5904da98d3d4a6e651d0846d35545ef5ca0b969132ae81a9c63e1efc2113 | https://github.com/SunWeb3Sec/DeFiHackLabs/blob/main/src/test/2023-09/DEXRouter_exp.sol | https://twitter.com/DecurityHQ/status/1707851321909428688
zs-2023-10,2023-10-08,2023,ZS,other,其他,smart_contract_bug,合約 / 程式邏輯漏洞,business_logic,業務邏輯錯誤,Business logic flaw (publicly callable destory_pair_amount() burns tokens from the LP pair),14000.0,,14000.0,unknown,不明,~$14K (BUSDT from the ZS-BUSDT pair),Unknown,bsc_only,只有 BNB Smart Chain,2023 年 10 月 8 日，BSC 上的 ZS 代幣遭攻擊，損失約 1.4 萬美元。攻擊者分兩筆交易進行：先在攻擊合約的建構子中買入 ZS 並處理交易對，以配合 ZS 轉帳函式的特殊判斷；再以 PancakeSwap V3 閃電貸借入 BUSDT，幾乎買光 ZS-BUSDT 交易對中的 ZS 後呼叫 destory_pair_amount() 銷毀池中 ZS，最後以被推高的價格賣出 ZS 換走 BUSDT。,ZS 代幣的 destory_pair_amount() 可由任何人呼叫，會依累計的 Burnamount 直接從 ZS-BUSDT 交易對銷毀代幣；攻擊者先把池中 ZS 買到只剩 Burnamount 加 1 的數量再觸發銷毀，使池中 ZS 幾乎歸零、價格暴漲，便能以少量 ZS 換出大量 BUSDT。,資料來源未記載資金追回或後續處理。,medium,"Record based on the DeFiHackLabs entry and PoC (2023-10/ZS_exp.sol), which reproduces two attack transactions. Loss uses the DeFiHackLabs parsed value (~$14K). Attacker EOA 0x7ccf451d... per PoC header is the same EOA listed in the KubSplit (2023-09) PoC. [Draft: not yet independently reviewed.]",3,https://app.blocksec.com/explorer/tx/bsc/0xbc88aa6057f9da6f88e28bc908baad111ae7545e69fb0c90fbdfd485c9e72192 | https://github.com/SunWeb3Sec/DeFiHackLabs/blob/main/src/test/2023-10/ZS_exp.sol | https://x.com/MetaSec_xyz/status/1711189697534513327
bh-2023-10,2023-10-11,2023,BH,other,其他,oracle_price_manipulation,預言機 / 價格操縱,,,Price manipulation (flash-loan skewed add/remove liquidity via unverified BH contract),1270000.0,,1270000.0,unknown,不明,~$1.27M (BUSDT),Unknown,bsc_only,只有 BNB Smart Chain,"2023 年 10 月 11 日，BSC 上 BH 代幣相關的流動性合約遭價格操縱攻擊，損失約 127 萬美元。攻擊者串接 5 個 DODO 資金池、PancakeSwap WBNB-BUSDT 交易對與 PancakeSwap V3 BUSDT-USDC 池的閃電貸取得大量 BUSDT，透過未開源合約以 300 萬 BUSDT 新增流動性，接著以 2,200 萬 BUSDT 買入 BH 扭曲 BUSDT-BH 交易對的比例，再反覆透過該合約移除流動性，取回遠多於投入的 BUSDT。",BH 專案未開源的流動性管理合約（0x8cA7…623a）以 BUSDT-BH 交易對的即時儲備計算新增與移除流動性時的兌付數量，攻擊者可在同一筆交易中以閃電貸資金大幅扭曲池內比例，使移除流動性的兌付比率對自己極為有利。,資料來源未記載資金追回或後續處理。,medium,"Record based on the DeFiHackLabs entry and PoC (2023-10/BH_exp.sol). Loss uses the DeFiHackLabs parsed value (~$1.27M). The core logic lives in unverified contracts (0x8cA7835a..., 0x5b9dd1De...), so the exact pricing formula is not visible in the PoC; the description follows the PoC comments ('Change the liquidity removal ratio in favor of Attacker'). [Draft: not yet independently reviewed.]",3,https://bscscan.com/tx/0xc11e4020c0830bcf84bfa197696d7bfad9ff503166337cb92ea3fade04007662 | https://github.com/SunWeb3Sec/DeFiHackLabs/blob/main/src/test/2023-10/BH_exp.sol | https://twitter.com/BeosinAlert/status/1712139760813375973
micdao-2023-10,2023-10-18,2023,MicDao,other,其他,oracle_price_manipulation,預言機 / 價格操縱,,,Price manipulation via MicDao SwapContract (flash loan + disposable helper contracts),13000.0,,13000.0,unknown,不明,~$13K (BUSDT),Unknown,bsc_only,只有 BNB Smart Chain,"2023 年 10 月 18 日，BSC 上 MicDao 代幣的兌換合約遭價格操縱攻擊，損失約 1.3 萬美元。攻擊者以 DODO 閃電貸借入 BUSDT，先用 50 萬 BUSDT 買入 MicDao 拉抬價格，再連續部署 80 個輔助合約，各以 2,000 BUSDT 呼叫受害 SwapContract 的 swap() 並把取得的 MicDao 轉回，輔助合約隨即自毀；最後攻擊者將大量 MicDao 賣回 BUSDT 並償還閃電貸。",MicDao 的 SwapContract（0x1934…80b5）在 swap() 中依賴可被操縱的 PancakeSwap 即時價格進行兌換，攻擊者得以在同一筆交易內先拉抬價格、再藉該合約的兌換動作取得有利條件後倒貨獲利；PoC 以 80 個一次性輔助合約分別呼叫，推測是為了繞過單一地址的呼叫限制。,資料來源未記載資金追回或後續處理。,medium,"Record based on the DeFiHackLabs entry and PoC (2023-10/MicDao_exp.sol). Loss uses the DeFiHackLabs parsed value (~$13K). The PoC does not include the SwapContract source, so its exact pricing logic and any per-address limit are inferred from the attack flow. [Draft: not yet independently reviewed.]",3,https://bscscan.com/tx/0x24a2fbb27d433d91372525954f0d7d1af7509547b9ada29cc6c078e732c6d075 | https://github.com/SunWeb3Sec/DeFiHackLabs/blob/main/src/test/2023-10/MicDao_exp.sol | https://twitter.com/CertiKAlert/status/1714677875427684544
openleverage-2023-10,2023-10-22,2023,OpenLeverage,perp_derivatives,永續合約 / 衍生品,smart_contract_bug,合約 / 程式邏輯漏洞,proxy_upgrade,代理合約 / 初始化 / 升級錯誤,"Re-initializable RewardVaultDelegator (initialize() admin takeover, then malicious setImplementation)",8000.0,,8000.0,unknown,不明,"~$8K (RACA, BUSD, FLOKI, OLE, CSIX and BABY, swapped to BNB)",Unknown,bsc_only,只有 BNB Smart Chain,"2023 年 10 月 22 日，OpenLeverage 在 BSC 上的 RewardVaultDelegator 合約遭攻擊，損失約 8,000 美元。攻擊者再次呼叫這個代理合約的 initialize() 把 admin 改成自己，接著以 setImplementation() 指向惡意實作合約，再透過 delegatecall 以代理合約的身分，利用各地址先前對它的授權轉走 RACA、BUSD、FLOKI、OLE、CSIX 等代幣，連同合約自身持有的 BABY 一併換成 BNB。",RewardVaultDelegator 的 initialize() 缺少「只能初始化一次」的保護，任何人都能再次呼叫並覆寫 admin；取得 admin 後即可通過 onlyAdmin 檢查呼叫 setImplementation() 更換實作，使代理合約持有的資產與使用者對它的代幣授權全部暴露。,資料來源未記載資金追回或後續處理。,medium,"Record based on the DeFiHackLabs entry (label 'Business Logic Flaw') and PoC (2023-10/OpenLeverage_exp.sol). Loss uses the DeFiHackLabs parsed value (~$8K). Classified as proxy_upgrade (re-initialization of the delegator's admin) based on the PoC. The PoC names 0xe9e7CEA3... 'BUSDT', but that address is the BUSD token. [Draft: not yet independently reviewed.]",3,https://bscscan.com/tx/0xd88f26f2f9145fa413db0cfd5d3eb121e3a50a3fdcee16c9bd4731e68332ce4b | https://defimon.xyz/exploit/bsc/0x5366c6ba729d9cf8d472500afc1a2976ac2fe9ff | https://github.com/SunWeb3Sec/DeFiHackLabs/blob/main/src/test/2023-10/OpenLeverage_exp.sol
laeeb-2023-10,2023-10-30,2023,LaEeb,other,其他,smart_contract_bug,合約 / 程式邏輯漏洞,business_logic,業務邏輯錯誤,Lack of slippage protection (token transfer logic triggered via transfer-to-pair / skim loop),410.0,,410.0,unknown,不明,~1.8 WBNB,Unknown,bsc_only,只有 BNB Smart Chain,2023 年 10 月 30 日，BSC 上的 LaEeb 代幣遭攻擊，損失約 1.8 WBNB。攻擊者以 DODO 閃電貸借入 8.6 WBNB 買入 LaEeb，接著 10 次把大量 LaEeb 轉入 WBNB-LaEeb 交易對再呼叫 skim 取回，最後將 LaEeb 全數賣回 WBNB，償還閃電貸後獲利。,DeFiHackLabs 將此事件標記為缺乏滑價保護：LaEeb 代幣在轉入交易對時觸發的內部處理（如手續費兌換）未設滑價保護，攻擊者先以閃電貸扭曲價格，再以「轉入交易對、skim 取回」反覆觸發該邏輯，使其在不利價格下執行，進而從池中套取 WBNB。PoC 未顯示代幣原始碼，確切機制待查證。,資料來源未記載資金追回或後續處理。,low,"Record based on the DeFiHackLabs entry (label 'Lack Slippage Protection') and PoC (2023-10/LaEeb_exp.sol). No parsed USD value; loss_usd estimated as 1.8 WBNB x ~$228/BNB (approximate BNB price on 2023-10-30) = ~$410. The PoC shows only the attack steps, not the token code, so the mechanism is inferred. The PoC header lists the same attacker EOA (0x7cb74265...) and attack contract (0x9180981...) as the BFCToken (2023-09) PoC, which may be a copy-paste error; unverified. [Draft: not yet independently reviewed.]",3,https://app.blocksec.com/explorer/tx/bsc/0x0d13a61e9dc81cfae324d3d80e49830d9bbae300f760e016a15600889a896a1b | https://github.com/SunWeb3Sec/DeFiHackLabs/blob/main/src/test/2023-10/LaEeb_exp.sol | https://x.com/MetaSec_xyz/status/1718964562165420076
swampfinance-2023-11,2023-11-01,2023,SwampFinance,yield_vault,收益金庫,smart_contract_bug,合約 / 程式邏輯漏洞,business_logic,業務邏輯錯誤,Business logic flaw (public StrategyBeltToken.earn() between NativeFarm deposit and withdraw),,,,unknown,不明,Unclear,Unknown,bsc_only,只有 BNB Smart Chain,"2023 年 11 月 1 日，BSC 上 Swamp Finance 的收益農場（NativeFarm）遭攻擊，DeFiHackLabs 記載損失金額不明。攻擊者以 DODO 閃電貸借入 3,100 WBNB 與 15 萬 BUSDT，把 BUSDT 存入 Venus 並借出 500 BNB，將 WBNB 存入 Belt 的 beltBNB 後再存入 NativeFarm 第 135 號池，接著呼叫策略合約 StrategyBeltToken 的 earn()，隨即全額提領並逐一償還借款與閃電貸，保留差額。",NativeFarm 與 StrategyBeltToken 的份額與資產計算存在邏輯缺陷：任何人都能在存入後立即呼叫策略的 earn()，改變策略的資產數量或份額換算，使攻擊者在同一筆交易中以最大值提領時取回多於存入的 beltBNB。PoC 未顯示原始碼細節，確切的計算錯誤需參考分析來源。,資料來源未記載資金追回或後續處理。,low,"Record based on the DeFiHackLabs entry (label 'Business Logic Flaw', lost 'Unclear') and PoC (2023-11/SwampFinance_exp.sol). No USD estimate because the loss amount is not stated. The vulnerable contract is NativeFarm 0x33adbf5f... (code reference #L1609 in the PoC header); the precise accounting error is not shown in the PoC and is inferred from the deposit / earn() / withdraw sequence. [Draft: not yet independently reviewed.]",3,https://app.blocksec.com/explorer/tx/bsc/0x13e75878a21af9a9b2207f5d9e18f19a43083a9ffbac36df5a7d4d67a52c164f | https://github.com/SunWeb3Sec/DeFiHackLabs/blob/main/src/test/2023-11/SwampFinance_exp.sol | https://x.com/MetaSec_xyz/status/1720373044517208261
3913token-2023-11,2023-11-02,2023,3913Token,other,其他,smart_contract_bug,合約 / 程式邏輯漏洞,business_logic,業務邏輯錯誤,Deflationary token attack (burnPairs + transfer/skim balance manipulation),31354.0,,31354.0,unknown,不明,"~$31,354 USD (BSC-USD)",Unknown,bsc_only,只有 BNB Smart Chain,"2023 年 11 月 2 日，BNB Smart Chain 上的 3913 代幣遭攻擊，損失約 31,354 美元。攻擊者串接五個 DODO 資金池的閃電貸借入 BSC-USD（USDT），利用 3913 代幣的通縮機制反覆把代幣轉入交易對、用 skim() 轉到輔助合約並呼叫 burnPairs()，讓持幣量膨脹、交易對儲備失真，最後經 3913/BSC-USD 與 3913/9419 兩個交易對換出資金。PoC 註明攻擊者發動了多筆交易，這裡只以第一筆為例。","3913 代幣的通縮／銷毀邏輯任何人都能觸發（例如公開的 burnPairs()），而且和轉帳記帳邏輯的互動有缺陷。攻擊者用「轉入交易對＋skim」循環搭配 burnPairs()，讓自己的餘額不斷增加（PoC 中從約 6,505 億枚增加到約 8,733 億枚），交易對儲備也偏離實際，接著直接呼叫 pair.swap() 用失真的儲備換出 BSC-USD。",資料來源未記載資金追回或後續處理。,medium,Record based on the DeFiHackLabs entry and PoC (2023-11/3913_exp.sol); loss_usd taken from the parsed DeFiHackLabs value. The PoC reproduces only the first of several attack transactions. The token 0x55d3... (labelled busd in the PoC) is BSC-USD. The precise internals of burnPairs()/transfer are not shown in the PoC. [Draft: not yet independently reviewed.],3,https://bscscan.com/tx/0x8163738d6610ca32f048ee9d30f4aa1ffdb3ca1eddf95c0eba086c3e936199ed | https://defimon.xyz/attack/bsc/0x8163738d6610ca32f048ee9d30f4aa1ffdb3ca1eddf95c0eba086c3e936199ed | https://github.com/SunWeb3Sec/DeFiHackLabs/blob/main/src/test/2023-11/3913_exp.sol
brand-2023-11,2023-11-02,2023,BRAND,other,其他,smart_contract_bug,合約 / 程式邏輯漏洞,access_control,權限控管缺失,Lack of access control on buyToken() (flash-loan price pump),5290.0,,5290.0,unknown,不明,~23 WBNB,Unknown,bsc_only,只有 BNB Smart Chain,2023 年 11 月 2 日，BNB Smart Chain 上與 BRAND 代幣相關的合約遭攻擊，損失約 23 WBNB。攻擊者從 DODO 資金池以閃電貸借入 300 WBNB 買入 BRAND，接著連續 100 次呼叫漏洞合約（0x831d…eFD4）未受保護的 buyToken() 函式，再把 BRAND 賣回 WBNB 獲利並歸還閃電貸。,漏洞合約的 buyToken() 沒有存取控制，任何人都能反覆觸發。依 PoC 的攻擊流程判斷，每次呼叫都會讓合約動用自有資金買入 BRAND、推高價格，攻擊者先持有大量 BRAND，等價格被拉抬後再賣出，等於套走合約的資金。,資料來源未記載資金追回或後續處理。,medium,"Record based on the DeFiHackLabs entry and PoC (2023-11/BRAND_exp.sol). Loss stated as ~23 WBNB; USD estimated at ~$230 per BNB (approximate early-November 2023 price), giving ~$5,290. The internal behavior of buyToken() (spending the contract's own funds to buy BRAND) is inferred from the attack flow, not shown in the PoC. [Draft: not yet independently reviewed.]",3,https://app.blocksec.com/explorer/tx/bsc/0x19ef4febcd272643642925d5d7e9ab8fd3ed8785c5e3268f5b6fee44ae6b4a34 | https://github.com/SunWeb3Sec/DeFiHackLabs/blob/main/src/test/2023-11/BRAND_exp.sol | https://x.com/MetaSec_xyz/status/1720035913009709473
kr-2023-11,2023-11-06,2023,KR,other,其他,smart_contract_bug,合約 / 程式邏輯漏洞,arithmetic,數值計算錯誤（溢位 / 捨入 / 精度）,Precision loss in sellKr(),15000.0,,15000.0,unknown,不明,~$15K (PoC header states ~5 ETH),Unknown,bsc_only,只有 BNB Smart Chain,2023 年 11 月 6 日，BNB Smart Chain 上的 KR 代幣合約遭攻擊，DeFiHackLabs 記載的損失約 1.5 萬美元（PoC 標頭則寫約 5 ETH）。攻擊者直接呼叫 KR 合約的 sellKr()，賣出數量設成特定位址（0xAD1e…2656）KR 持有量的 94%，就換得了 BSC-USD（USDT）。,DeFiHackLabs 把根因歸類為精度損失：sellKr() 在計算賣出與扣除數量時有精度或捨入缺陷。PoC 中攻擊合約沒有先取得 KR 就呼叫 sellKr() 並拿到 BSC-USD，但 PoC 沒有展示合約內部，確切的計算錯誤無法從 PoC 確認。,資料來源未記載資金追回或後續處理。,low,"Record based on the DeFiHackLabs entry and PoC (2023-11/KR_exp.sol); loss_usd taken from the parsed DeFiHackLabs value (~$15K). The PoC header instead states '~5 $ETH', a discrepancy not resolved here. The PoC is minimal and does not show the internal precision-loss logic. [Draft: not yet independently reviewed.]",3,https://app.blocksec.com/explorer/tx/bsc/0x2abf871eb91d03bc8145bf2a415e79132a103ae9f2b5bbf18b8342ea9207ccd7 | https://bscscan.com/tx/0x2abf871eb91d03bc8145bf2a415e79132a103ae9f2b5bbf18b8342ea9207ccd7 | https://github.com/SunWeb3Sec/DeFiHackLabs/blob/main/src/test/2023-11/KR_exp.sol
trustpad-2023-11,2023-11-06,2023,TrustPad,launchpad,發幣平台,smart_contract_bug,合約 / 程式邏輯漏洞,access_control,權限控管缺失,Lack of msg.sender verification in receiveUpPool(),155000.0,,155000.0,unknown,不明,~$155K (TPAD tokens),Unknown,bsc_only,只有 BNB Smart Chain,2023 年 11 月 6 日，TrustPad 在 BNB Smart Chain 上的 LaunchpadLockableStaking 質押合約遭攻擊，損失約 15.5 萬美元的 TPAD 代幣。攻擊者用自製合約反覆呼叫 receiveUpPool() 與 withdraw() 虛增待領獎勵，再偽造鎖倉起始時間並呼叫 stakePendingRewards()，最後把 TPAD 全數提領；這套流程被重複執行了多次。,receiveUpPool() 沒有驗證 msg.sender 是否為合法的上游資金池，合約還會回頭向呼叫者查詢 isLocked()、depositLockStart() 等資料。攻擊者用惡意合約回傳偽造的值（例如永遠回報已鎖倉、竄改鎖倉起始時間），藉此累積大量獎勵並繞過鎖倉期限。,資料來源未記載資金追回或後續處理。,medium,"Record based on the DeFiHackLabs entry and PoC (2023-11/TrustPad_exp.sol), which reproduces the attack described by Beosin; loss_usd taken from the parsed DeFiHackLabs value. Stolen asset (TPAD) inferred from the PoC. [Draft: not yet independently reviewed.]",2,https://github.com/SunWeb3Sec/DeFiHackLabs/blob/main/src/test/2023-11/TrustPad_exp.sol | https://twitter.com/BeosinAlert/status/1721800306101793188
mevbot-0x8c2d-2023-11,2023-11-12,2023,MEVBot_0x8c2d,trading_bot,交易機器人 / 交易終端,smart_contract_bug,合約 / 程式邏輯漏洞,access_control,權限控管缺失,Lack of access control on role assignment in asset-harvesting contract,365000.0,,365000.0,unknown,不明,~$365K (BUSDT / BSC-USD),Unknown,bsc_only,只有 BNB Smart Chain,2023 年 11 月 12 日，BNB Smart Chain 上一個 MEV 機器人（0x8c2d…fFe7）遭攻擊，損失約 36.5 萬美元的 BUSDT（BSC-USD）。攻擊者先從 PancakeSwap 的 WBNB/BUSDT 交易對以閃電兌換借入資金，再呼叫和這個機器人配套的資產歸集合約（0x19a2…9eC9），先把自己設為特權角色，然後把受害機器人的 BUSDT 轉給自己。,資產歸集合約中指派特權角色的函式（selector 0xac3994ec）沒有存取控制，任何人都能授予自己權限。受害 MEV 機器人信任並授權該合約轉移資產，攻擊者取得角色後，就能呼叫轉移函式（selector 0x1270d364）把機器人持有的 BUSDT 全部轉走。,資料來源未記載資金追回或後續處理。,medium,Record based on the DeFiHackLabs entry and PoC (2023-11/MEV_0x8c2d_exp.sol); loss_usd taken from the parsed DeFiHackLabs value. Function names are unknown (only selectors are given in the PoC); the trust/approval relationship between the bot and the harvesting contract is inferred from the PoC flow. [Draft: not yet independently reviewed.],2,https://github.com/SunWeb3Sec/DeFiHackLabs/blob/main/src/test/2023-11/MEV_0x8c2d_exp.sol | https://twitter.com/Phalcon_xyz/status/1723897569661657553
okc-project-2023-11,2023-11-14,2023,OKC Project,other,其他,smart_contract_bug,合約 / 程式邏輯漏洞,business_logic,業務邏輯錯誤,"Instant, unlocked LP rewards claimable with flash-loaned liquidity",6268.0,,6268.0,unknown,不明,"~$6,268",Unknown,bsc_only,只有 BNB Smart Chain,"2023 年 11 月 14 日，BNB Smart Chain 上的 OKC 專案遭攻擊，損失約 6,268 美元。攻擊者串接五個 DODO 資金池和 PancakeSwap V3 的閃電貸取得大量 USDT，買入 OKC 後對 USDT/OKC 交易對注入大量流動性，把 LP 代幣轉給事先算好位址的輔助合約，再觸發 MinerPool 的 processLPReward() 立即領取 OKC 獎勵。領完後攻擊者隨即移除流動性並賣出 OKC 獲利。",MinerPool 依呼叫當下的 LP 持有量即時發放獎勵，既不要求持有時間也沒有鎖倉，而且任何人都能觸發（PoC 註明攻擊者轉入 1 wei BNB 來觸發）。因此攻擊者可以用閃電貸臨時提供流動性取得 LP，在同一筆交易內領走獎勵後馬上撤出。,資料來源未記載資金追回或後續處理。,medium,"Record based on the DeFiHackLabs entry and PoC (2023-11/OKC_exp.sol); loss_usd taken from the parsed DeFiHackLabs value. The PoC header does not list attacker addresses. Classified as a reward-logic (business_logic) flaw per the DeFiHackLabs label 'Instant Rewards, Unlocked'. [Draft: not yet independently reviewed.]",2,https://github.com/SunWeb3Sec/DeFiHackLabs/blob/main/src/test/2023-11/OKC_exp.sol | https://lunaray.medium.com/okc-project-hack-analysis-0907312f519b
ehx-2023-11,2023-11-15,2023,EHX,other,其他,smart_contract_bug,合約 / 程式邏輯漏洞,business_logic,業務邏輯錯誤,Lack of slippage control (flash-loan + repeated transfer/skim),,,,unknown,不明,Unclear,Unknown,bsc_only,只有 BNB Smart Chain,2023 年 11 月 15 日，BNB Smart Chain 上的 EHX 代幣遭攻擊，DeFiHackLabs 沒有記載確切損失金額。攻擊者從 DODO 資金池以閃電貸借入約 5.59 WBNB 全數買入 EHX，接著用極小的數量把 EHX 轉入 EHX/WBNB 交易對再用 skim() 取回，共循環 2000 次，最後把 EHX 賣回 WBNB 並歸還閃電貸。,DeFiHackLabs 把根因歸類為缺乏滑點控制：EHX 合約在轉帳時觸發的內部兌換沒有設定最低成交數量。攻擊者先用閃電貸操縱交易對價格，再用「轉入交易對＋skim」循環大量觸發這項內部兌換，讓它以不利的價格成交並從中套利；PoC 沒有展示確切的內部邏輯。,資料來源未記載資金追回或後續處理。,low,"Record based on the DeFiHackLabs entry and PoC (2023-11/EHX_exp.sol). Loss is listed as 'Unclear', so loss_usd is null. The PoC shows only the external attack steps; the description of the token's internal swap lacking slippage protection follows the DeFiHackLabs label and is not verified in the PoC. [Draft: not yet independently reviewed.]",3,https://app.blocksec.com/explorer/tx/bsc/0x8b528372b743b4b8c4eb0904c96529482653187c19e13afaa22f3ba4e08fbfbb | https://github.com/SunWeb3Sec/DeFiHackLabs/blob/main/src/test/2023-11/EHX_exp.sol | https://x.com/MetaSec_xyz/status/1724691996638618086
linkdao-2023-11,2023-11-15,2023,LinkDAO,dex_amm,去中心化交易所 / AMM,smart_contract_bug,合約 / 程式邏輯漏洞,business_logic,業務邏輯錯誤,Bad K value verification in pair swap(),30000.0,,30000.0,unknown,不明,~$30K (BSC-USD),Unknown,bsc_only,只有 BNB Smart Chain,"2023 年 11 月 15 日，BNB Smart Chain 上的 LinkDAO 交易對合約（0x6524…B0de）遭攻擊，損失約 3 萬美元。攻擊者對這個交易對發起閃電兌換，一次取出約 29,663 枚代幣（依損失金額推估為 BSC-USD／USDT），在回呼中只轉回 1 USDT，交易卻仍通過檢查。",這個交易對合約在 swap() 最後對恆定乘積 K 值的驗證有誤，沒有正確確保交換後的餘額乘積不小於交換前，所以攻擊者只要歸還極少量代幣，就能取走大部分儲備。,資料來源未記載資金追回或後續處理。,medium,"Record based on the DeFiHackLabs entry and PoC (2023-11/LinkDao_exp.sol); loss_usd taken from the parsed DeFiHackLabs value. The PoC withdraws 29,663.356 tokens (token0) and repays 1 BSC-USD (0x55d3...); identifying the withdrawn token as BSC-USD is inferred from the ~$30K loss figure. [Draft: not yet independently reviewed.]",2,https://github.com/SunWeb3Sec/DeFiHackLabs/blob/main/src/test/2023-11/LinkDao_exp.sol | https://x.com/phalcon_xyz/status/1725058908144746992
xai-2023-11,2023-11-15,2023,XAI,other,其他,smart_contract_bug,合約 / 程式邏輯漏洞,business_logic,業務邏輯錯誤,Business logic flaw in public burn() + pair sync,,,,unknown,不明,Unclear,Unknown,bsc_only,只有 BNB Smart Chain,2023 年 11 月 15 日，BNB Smart Chain 上的 XAI 代幣遭攻擊，DeFiHackLabs 沒有記載確切損失金額。攻擊者從 DODO 資金池借走其全部 WBNB 買入 XAI，接著呼叫 XAI 的 burn()，傳入「總供給量減 4596」的數量，再呼叫交易對的 sync()。這讓 XAI/WBNB 交易對的 XAI 儲備驟降、價格暴漲，攻擊者再賣出 XAI 換走交易對中的 WBNB。,XAI 的 burn() 有業務邏輯缺陷：攻擊者傳入遠超過自己持有量的數量仍能成功執行，而且事後還持有 XAI 可以賣出，顯示銷毀邏輯並非單純扣除呼叫者自己的餘額，而是會削減交易對持有的 XAI。搭配 sync() 後，攻擊者就能任意操縱交易對的儲備與價格。,資料來源未記載資金追回或後續處理。,medium,"Record based on the DeFiHackLabs entry and PoC (2023-11/XAI_exp.sol). Loss is listed as 'Unclear', so loss_usd is null. That burn() reduces the pair's balance rather than only the caller's is inferred from the PoC (burn amount of totalSupply - 4596 followed by sync and a profitable sell). [Draft: not yet independently reviewed.]",3,https://app.blocksec.com/explorer/tx/bsc/0x2b251e456c434992b9ac7ec56dc166550c4cd7db3adefbf7eb3ab91cef55f9bf | https://github.com/SunWeb3Sec/DeFiHackLabs/blob/main/src/test/2023-11/XAI_exp.sol | https://x.com/MetaSec_xyz/status/1724683082064855455
weco-2023-11,2023-11-16,2023,WECO,staking,質押服務,smart_contract_bug,合約 / 程式邏輯漏洞,business_logic,業務邏輯錯誤,Business logic flaw in staking deposit() accounting,18000.0,,18000.0,unknown,不明,~$18K (WECOIN),Unknown,bsc_only,只有 BNB Smart Chain,"2023 年 11 月 16 日，BNB Smart Chain 上的 WECO 質押合約（WECOStaking）遭攻擊，損失約 1.8 萬美元。攻擊者先把約 2,500 萬枚 WECOIN 轉入攻擊合約，以鎖倉週數 0 存入幾乎全部代幣。之後每次再呼叫 deposit() 存入 1 枚 WECOIN，都能拿回比存入更多的 WECOIN，攻擊者反覆呼叫，把質押合約的餘額掏空。",WECOStaking 的 deposit() 結算邏輯有誤：大額質押之後，每次呼叫 deposit() 存入 1 枚 WECOIN，合約轉回的數量都超過存入量，而且鎖倉週數可以設為 0，因此攻擊者能不斷重複呼叫，直到合約資金耗盡。PoC 就是用每次的淨獲利來計算可重複的次數，並標注問題程式碼位於合約原始碼第 599 行與第 871 行。,資料來源未記載資金追回或後續處理。,medium,Record based on the DeFiHackLabs entry and PoC (2023-11/WECO_exp.sol); loss_usd taken from the parsed DeFiHackLabs value. The exact reward/accounting error is not shown in the PoC; it is described from the observed per-deposit net gain. [Draft: not yet independently reviewed.],3,https://app.blocksec.com/explorer/tx/BSC/0x2040a481c933b50ee31aba257c2041c48bb7a0b4bf4b4fad1ac165f19c4269e8 | https://github.com/SunWeb3Sec/DeFiHackLabs/blob/main/src/test/2023-11/WECO_exp.sol | https://x.com/MetaSec_xyz/status/1725311048625041887
shibatoken-2023-11,2023-11-17,2023,ShibaToken,other,其他,smart_contract_bug,合約 / 程式邏輯漏洞,business_logic,業務邏輯錯誤,Business Logic Flaw,31000.0,,31000.0,unknown,不明,~$31K,Unknown,bsc_only,只有 BNB Smart Chain,2023 年 11 月，BSC 上的 ShibaToken 因代幣合約商業邏輯缺陷遭攻擊，損失約 3.1 萬美元。攻擊者利用閃電貸資金搭配代幣的批次轉帳功能，從交易池中取得 USDT 獲利。,代幣的批次鎖倉轉帳（空投）功能設計不當，未妥善限制轉帳對象與數量對交易池餘額的影響，導致交易池的帳面餘額可被操弄並被套利。,資料來源未記載資金追回或後續處理。,medium,Based on the DeFiHackLabs entry and PoC. Loss taken from the entry's parsed USD value (~$31K). [Draft: not yet independently reviewed.],1,https://github.com/SunWeb3Sec/DeFiHackLabs/blob/main/src/test/2023-11/ShibaToken_exp.sol
token8633-9419-2023-11,2023-11-17,2023,Token8633_9419,other,其他,oracle_price_manipulation,預言機 / 價格操縱,,,Price Manipulation,52000.0,,52000.0,unknown,不明,~$52K,Unknown,bsc_only,只有 BNB Smart Chain,2023 年 11 月，BSC 上一個未具名代幣（合約前綴 0x8633）遭閃電貸資金操縱價格，損失約 5.2 萬美元。攻擊者操縱了代幣相關流動性池的價格，並從中獲利。,代幣的輔助合約對外公開了自動換幣與加入流動性的函式，任何人都能呼叫，攻擊者因此能在不利的時機觸發這些操作並操縱池內價格。,資料來源未記載資金追回或後續處理。,medium,Based on the DeFiHackLabs entry and PoC. Loss taken from the entry's parsed USD value (~$52K). Token name is not given in the source; label reflects contract address prefixes. [Draft: not yet independently reviewed.],1,https://github.com/SunWeb3Sec/DeFiHackLabs/blob/main/src/test/2023-11/Token8633_9419_exp.sol
fiberrouter-2023-11,2023-11-28,2023,FiberRouter,bridge,跨鏈橋,smart_contract_bug,合約 / 程式邏輯漏洞,input_validation,輸入驗證缺失 / 任意外部呼叫,Input validation - arbitrary external call draining user approvals,36900.0,,36900.0,unknown,不明,18 ETH,Unknown,bsc_only,只有 BNB Smart Chain,2023 年 11 月，BSC 上的跨鏈路由合約 FiberRouter 因輸入驗證不足遭攻擊，資料來源記載損失約 18 ETH。攻擊者利用路由合約可執行任意外部呼叫的特性，動用了曾授權給該合約的使用者資產。,FiberRouter 的換幣並跨鏈函式未驗證使用者傳入的目標合約與呼叫資料，導致合約可被誘導代為執行任意呼叫，進而挪用使用者先前給予的代幣授權。,資料來源未記載資金追回或後續處理。,low,"Based on the DeFiHackLabs entry and PoC. USD estimated as 18 ETH x ~$2,050 (approximate ETH price on 2023-11-28) = ~$36,900. The PoC header itself only states a profit of ~59 USDC for the reproduced transaction, so the total loss figure is uncertain. [Draft: not yet independently reviewed.]",2,https://github.com/SunWeb3Sec/DeFiHackLabs/blob/main/src/test/2023-11/FiberRouter_exp.sol | https://x.com/MetaSec_xyz/status/1729323254610002277
ais-2023-11,2023-11-29,2023,AIS,other,其他,smart_contract_bug,合約 / 程式邏輯漏洞,access_control,權限控管缺失,Insufficient validation (unprotected admin setter),61000.0,,61000.0,unknown,不明,~$61k,Unknown,bsc_only,只有 BNB Smart Chain,2023 年 11 月，BSC 上的 AIS 代幣相關合約因權限驗證不足遭攻擊，損失約 6.1 萬美元。PoC 顯示原始攻擊交易遭到搶跑機器人（frontrunner）複製執行。,與 AIS 代幣相關的合約中，設定管理員等敏感函式缺乏權限檢查，任何人都能取得管理權限並轉出合約持有的代幣，再配合代幣本身的設定函式進行套利。,資料來源未記載資金追回或後續處理。,medium,Based on the DeFiHackLabs entry and PoC. Loss taken from the entry's parsed USD value (~$61K). PoC notes the exploit transaction was front-run by a separate address. [Draft: not yet independently reviewed.],2,https://github.com/SunWeb3Sec/DeFiHackLabs/blob/main/src/test/2023-11/AIS_exp.sol | https://twitter.com/Phalcon_xyz/status/1729861048004391306
eee-2023-11,2023-11-30,2023,EEE,other,其他,oracle_price_manipulation,預言機 / 價格操縱,,,Price Manipulation,22800.0,,22800.0,unknown,不明,~$22.8K,Unknown,bsc_only,只有 BNB Smart Chain,2023 年 11 月，BSC 上的 EEE 代幣遭閃電貸價格操縱攻擊，損失約 2.28 萬美元。攻擊者以借來的 USDT 扭曲交易池價格，再透過專案的兌換合約獲利。,EEE 專案的兌換合約以可被即時操縱的交易池現貨價格作為定價依據，攻擊者在同一筆交易中灌入大量資金扭曲價格後即可以不合理價格兌換。,資料來源未記載資金追回或後續處理。,medium,Based on the DeFiHackLabs entry and PoC. Loss taken from the entry's parsed USD value (~$22.8K). PoC also lists other addresses that profited from the same condition. [Draft: not yet independently reviewed.],2,https://bscscan.com/tx/0x7312d9f9c13fc69f00f58e92a112a3e7f036ced7e65f7e0fa67382488d5557dc | https://github.com/SunWeb3Sec/DeFiHackLabs/blob/main/src/test/2023-11/EEE_exp.sol
unverifiedcontr-0x431abb-2023-12,2023-12-01,2023,UnverifiedContr_0x431abb,staking,質押服務,smart_contract_bug,合約 / 程式邏輯漏洞,business_logic,業務邏輯錯誤,Business Logic Flaw in staking reward claim,500000.0,,500000.0,unknown,不明,~$500k,Unknown,bsc_only,只有 BNB Smart Chain,2023 年 12 月，BSC 上一個未開源（未驗證）的質押獎勵合約因商業邏輯缺陷遭攻擊，損失約 50 萬美元。攻擊者先進行質押並綁定推薦關係，之後在閃電兌換期間領取獎勵獲利。,該質押合約的獎勵計算依賴可被即時操縱的交易池狀態，攻擊者能在閃電兌換改變池內餘額時領取遠超應得的獎勵。,資料來源未記載資金追回或後續處理。,low,"Based on the DeFiHackLabs entry and PoC. Loss taken from the entry's parsed USD value (~$500K). The victim contract is unverified, so the exact reward logic is inferred from the PoC flow. [Draft: not yet independently reviewed.]",2,https://github.com/SunWeb3Sec/DeFiHackLabs/blob/main/src/test/2023-12/UnverifiedContr_0x431abb_exp.sol | https://twitter.com/Phalcon_xyz/status/1730625352953901123
bearndao-2023-12,2023-12-05,2023,BEARNDAO,yield_vault,收益金庫,smart_contract_bug,合約 / 程式邏輯漏洞,business_logic,業務邏輯錯誤,Business Logic Flaw (public dust conversion without slippage protection),769000.0,,769000.0,unknown,不明,~$769k,Unknown,bsc_only,只有 BNB Smart Chain,2023 年 12 月，BSC 上的收益金庫專案 BEARNDAO（bVaults）因策略合約商業邏輯缺陷遭攻擊，損失約 76.9 萬美元。攻擊者利用閃電貸資金，在策略合約執行換幣時從價格變動中獲利。,bVaults 策略合約中將零碎資產轉換為收益代幣的函式對外公開且缺乏滑價保護，任何人都能在交易池價格被扭曲時觸發該換幣，讓金庫以不利價格成交。,資料來源未記載資金追回或後續處理。,medium,Based on the DeFiHackLabs entry and PoC. Loss taken from the entry's parsed USD value (~$769K). [Draft: not yet independently reviewed.],2,https://github.com/SunWeb3Sec/DeFiHackLabs/blob/main/src/test/2023-12/BEARNDAO_exp.sol | https://twitter.com/AnciliaInc/status/1732159377749180646
mamo-2023-12,2023-12-05,2023,MAMO,other,其他,oracle_price_manipulation,預言機 / 價格操縱,,,Price Manipulation,3300.0,,3300.0,unknown,不明,~$3.3K,Unknown,bsc_only,只有 BNB Smart Chain,"2023 年 12 月，BSC 上的 MAMO 代幣遭閃電貸價格操縱攻擊，損失約 3,300 美元。攻擊者以借來的 BNB 透過專案的購幣合約取得大量 MAMO，再於交易池賣出獲利。",MAMO 的購幣合約以可被操縱的交易池價格計算售出數量，使攻擊者能以閃電貸資金取得偏離市價的代幣並賣回交易池。,資料來源未記載資金追回或後續處理。,medium,Based on the DeFiHackLabs entry and PoC. Loss taken from the entry's parsed USD value (~$3.3K). [Draft: not yet independently reviewed.],2,https://bscscan.com/tx/0x189a8dc1e0fea34fd7f5fa78c6e9bdf099a8d575ff5c557fa30d90c6acd0b29f | https://github.com/SunWeb3Sec/DeFiHackLabs/blob/main/src/test/2023-12/MAMO_exp.sol
elephantstatus-2023-12,2023-12-06,2023,ElephantStatus,other,其他,oracle_price_manipulation,預言機 / 價格操縱,,,Price Manipulation via unprotected sweep function,165000.0,,165000.0,unknown,不明,~$165k,Unknown,bsc_only,只有 BNB Smart Chain,2023 年 12 月，BSC 上的 ElephantStatus 合約遭閃電貸價格操縱攻擊，損失約 16.5 萬美元。攻擊者向多個 PancakeSwap V3 池借入 BUSD，利用合約的公開函式推高 WBNB 價格後獲利。,ElephantStatus 合約的 sweep 函式缺乏呼叫權限限制，任何人都能觸發合約以自身資金進行換幣，攻擊者藉此在交易池價格被扭曲時讓合約高價買入，從中套利。,資料來源未記載資金追回或後續處理。,medium,Based on the DeFiHackLabs entry and PoC. Loss taken from the entry's parsed USD value (~$165K). [Draft: not yet independently reviewed.],2,https://github.com/SunWeb3Sec/DeFiHackLabs/blob/main/src/test/2023-12/ElephantStatus_exp.sol | https://twitter.com/Phalcon_xyz/status/1732354930529435940
hnet-2023-12,2023-12-07,2023,HNet,other,其他,smart_contract_bug,合約 / 程式邏輯漏洞,access_control,權限控管缺失,Business logic flaw - sender spoofing via trusted forwarder combined with multicall,552.0,,552.0,unknown,不明,~2.4 WBNB,Unknown,bsc_only,只有 BNB Smart Chain,2023 年 12 月，BSC 上的 HNet 代幣遭攻擊，損失約 2.4 WBNB。攻擊者透過可信轉發合約（trusted forwarder）搭配代幣的 multicall 功能，冒用交易池身分銷毀池內代幣後套利。,HNet 同時支援可信轉發（ERC-2771 類型）與 multicall，但未正確處理呼叫者身分的解析，導致攻擊者能偽造呼叫者為交易池並銷毀其代幣，扭曲池內價格。,資料來源未記載資金追回或後續處理。,medium,Based on the DeFiHackLabs entry and PoC. USD estimated as 2.4 WBNB x ~$230 (approximate BNB price on 2023-12-07) = ~$552. [Draft: not yet independently reviewed.],2,https://app.blocksec.com/explorer/tx/bsc/0x1ee617cd739b1afcc673a180e60b9a32ad3ba856226a68e8748d58fcccc877a8 | https://github.com/SunWeb3Sec/DeFiHackLabs/blob/main/src/test/2023-12/HNet_exp.sol
bct-2023-12,2023-12-09,2023,BCT,other,其他,oracle_price_manipulation,預言機 / 價格操縱,,,Flash-swap funded pool price manipulation abusing BCT inviter (referral) mechanism,2448.0,,2448.0,unknown,不明,~10.2 BNB,Unknown,bsc_only,只有 BNB Smart Chain,2023 年 12 月 9 日，BNB Smart Chain 上的 BCT 代幣遭攻擊，損失約 10.2 BNB。攻擊者先以一筆準備交易部署 5 個工具合約，並在這些合約之間建立 BCT 的推薦人（inviter）鏈；第二筆交易再從 KIMO/WBNB 池以閃電兌換借入 20 WBNB，反覆在 BCT/WBNB 與 BUSD/BCT 兩個 PancakeSwap 池之間兌換、轉帳並呼叫 skim，操縱池子價格後獲利。,根據 PoC，BCT 代幣具有推薦人機制，攻擊者以自控合約建立推薦人鏈，再用閃電兌換取得的 WBNB 經各推薦人合約買入 BCT，並反覆將 BCT 轉入 BUSD/BCT 池後以 skim 取回、再由推薦人合約賣出，藉此操縱池子價格套利。PoC 以反編譯方式重現，並未明確指出 BCT 合約中的具體程式缺陷。,資料來源未記載資金追回或後續處理。,low,"Based on the DeFiHackLabs entry (root cause label: Price Manipulation) and its PoC (BCT_exp.sol), which reproduces a preparation tx and the attack tx from decompiled logic. The exact contract flaw is not spelled out in the PoC. USD estimate: 10.2 BNB x ~US$240 (approximate BNB price on 2023-12-09) = ~US$2,448. [Draft: not yet independently reviewed.]",3,https://bscscan.com/tx/0xd4c19d575ea5b3a415cc288ce09942299ca3a3b49ef9718cda17e4033dd4c250 | https://bscscan.com/tx/0xdae0b85e01670e6b6b317657a72fb560fc388664cf8bfdd9e1b0ae88e0679103 | https://github.com/SunWeb3Sec/DeFiHackLabs/blob/main/src/test/2023-12/BCT_exp.sol
phil-2023-12,2023-12-14,2023,PHIL,other,其他,smart_contract_bug,合約 / 程式邏輯漏洞,access_control,權限控管缺失,Unprotected public simpleToken() hands out tokens (DHL label: Business Logic Flaw),500.0,,500.0,unknown,不明,~2 BNB (WBNB),Unknown,bsc_only,只有 BNB Smart Chain,"2023 年 12 月 14 日，BSC 上的 PHIL 代幣遭攻擊，損失約 2 BNB。攻擊者直接呼叫 PHIL 合約的公開函式 simpleToken() 取得代幣，隨即在 PancakeSwap V3 的 PHIL/WBNB 池賣出 21,000 枚 PHIL 換取 WBNB。",PHIL 合約的 simpleToken() 函式缺乏權限檢查或領取條件限制，任何人呼叫即可無償取得大量 PHIL，再賣入流動性池換走 WBNB。,資料來源未記載資金追回或後續處理。,medium,"Based on the DeFiHackLabs entry (root cause label: Business Logic Flaw) and its PoC (PHIL_exp.sol). The entry's loss_usd_parsed value of 2.0 is a parsing artifact of the lost text '~$2 $BNB'; the PoC header states '~2 $BNB', so the loss is ~2 BNB. USD estimate: 2 BNB x ~US$250 (approximate BNB price on 2023-12-14) = ~US$500. [Draft: not yet independently reviewed.]",3,https://app.blocksec.com/explorer/tx/bsc/0x20ecd8310a2cc7f7774aa5a045c8a99ad84a8451d6650f24e0911e9f4355b13a | https://bscscan.com/tx/0x20ecd8310a2cc7f7774aa5a045c8a99ad84a8451d6650f24e0911e9f4355b13a | https://github.com/SunWeb3Sec/DeFiHackLabs/blob/main/src/test/2023-12/PHIL_exp.sol
kest-2023-12,2023-12-16,2023,KEST,other,其他,smart_contract_bug,合約 / 程式邏輯漏洞,business_logic,業務邏輯錯誤,Token transfer logic flaw exploited via pair skim-to-self (Business Logic Flaw),2300.0,,2300.0,unknown,不明,~$2.3K (WBNB),Unknown,bsc_only,只有 BNB Smart Chain,"2023 年 12 月 16 日，BSC 上的 KEST 代幣遭攻擊，損失約 2,300 美元。攻擊者從 Radiant 閃電貸借入 200 WBNB，先為 KEST/WBNB 池加入少量流動性，接著重複 9 輪「買入 KEST、轉入池子、以池子本身為接收者呼叫 skim、以池內超出儲備量的 KEST 換出 WBNB」的操作後歸還貸款獲利。",依 PoC 流程判斷，KEST 代幣的自訂轉帳邏輯在池子對自身 skim 等特殊轉帳情境下處理不當，使池內 KEST 餘額與儲備量之間出現可被利用的差額，攻擊者得以把這部分餘額當作賣出輸入換走 WBNB。PoC 未直接顯示 KEST 合約的缺陷程式碼。,資料來源未記載資金追回或後續處理。,medium,"Based on the DeFiHackLabs entry (root cause label: Business Logic Flaw) and its PoC (KEST_exp.sol). The PoC shows the attack sequence (Radiant flash loan, add liquidity, buy/transfer/skim-to-pair/swap loop, router removeLiquidity trick) but not the token's source; the exact transfer-logic defect is inferred. loss_usd taken from the parsed DeFiHackLabs value. [Draft: not yet independently reviewed.]",3,https://app.blocksec.com/explorer/tx/bsc/0x2fcee04e64e54f3dd9c15db9ae44e4cbdd57ab4c6f01941a3acf470dc60bfc16 | https://github.com/SunWeb3Sec/DeFiHackLabs/blob/main/src/test/2023-12/KEST_exp.sol | https://x.com/MetaSec_xyz/status/1736077719849623718
bob-2023-12,2023-12-17,2023,Bob,other,其他,smart_contract_bug,合約 / 程式邏輯漏洞,business_logic,業務邏輯錯誤,Token transfer logic flaw exploited via pair skim-to-self (DHL label: Price Manipulation),750.0,,750.0,unknown,不明,~3 BNB (WBNB),Unknown,bsc_only,只有 BNB Smart Chain,2023 年 12 月 17 日，BSC 上的 Bob 代幣遭攻擊，損失約 3 BNB。攻擊者自 DODO 閃電貸借入 100 WBNB，先為 Bob/WBNB 池加入流動性，再重複 9 輪「買入 Bob、轉入池子、以池子本身為接收者呼叫 skim、以池內多出的 Bob 換出 WBNB、移除少量流動性後賣出」的操作，操縱池子價格後獲利。,依 PoC 流程判斷，Bob 代幣的自訂轉帳邏輯在池子對自身 skim 的情境下處理不當，使池內 Bob 餘額遠超過帳面儲備，攻擊者可將這些多出的代幣當作賣出輸入換走 WBNB；手法與前一日的 KEST 事件幾乎相同，PoC 未直接顯示代幣合約的缺陷程式碼。,資料來源未記載資金追回或後續處理。,medium,"Based on the DeFiHackLabs entry (root cause label: Price Manipulation) and its PoC (Bob_exp.sol). Classified as a token business-logic flaw because the PoC attack sequence is essentially identical to the KEST exploit (labeled Business Logic Flaw by DeFiHackLabs); the PoC header's 'vulnerable contract' is the PancakeSwap router, which is a placeholder, and the actual target is the Bob token/pair. USD estimate: 3 BNB x ~US$250 (approximate BNB price on 2023-12-17) = ~US$750. [Draft: not yet independently reviewed.]",2,https://bscscan.com/tx/0xfb14292a531411f852993e5a3ba4e7eb63ed548220267b9b3f4aacc5572d3a58 | https://github.com/SunWeb3Sec/DeFiHackLabs/blob/main/src/test/2023-12/Bob_exp.sol
transit-finance-2023-12,2023-12-20,2023,Transit Finance,dex_amm,去中心化交易所 / AMM,smart_contract_bug,合約 / 程式邏輯漏洞,input_validation,輸入驗證缺失 / 任意外部呼叫,Lack of validation of user-supplied pool in router exactInputV3Swap,110000.0,,110000.0,unknown,不明,"~110K (USD); PoC tx drains ~43.8K USDT held by the router, swapped to ~173.9 BNB",Unknown,bsc_only,只有 BNB Smart Chain,2023 年 12 月 20 日，DEX 聚合器 Transit Finance 在 BSC 上的路由合約遭攻擊，損失約 11 萬美元。攻擊者呼叫路由合約的 exactInputV3Swap，在 pools 參數中放入自己部署的假池合約，讓路由合約誤以為換得大量 USDT，再以路由合約自身持有的 USDT 經真實 USDT/WBNB 池換成 BNB 轉給攻擊者；PoC 單筆交易即以 1 wei BNB 換得約 173.9 BNB。,Transit 路由合約的 exactInputV3Swap 未驗證使用者傳入的 pools 是否為合法的 V3 流動性池，假池的 swap 可回傳任意兌換數量，路由合約便依此數值動用自身持有的代幣進行下一段兌換並付給攻擊者。,資料來源未記載資金追回或後續處理。,medium,"Based on the DeFiHackLabs entry (root cause label: Lack of Validation Pool) and its PoC (TransitFinance_exp.sol). The lost text '~110k' carries no unit and is interpreted as ~US$110K. The PoC reproduces one tx in which the router held ~43,842 USDT and the attacker received ~173.9 BNB. [Draft: not yet independently reviewed.]",3,https://explorer.phalcon.xyz/tx/bsc/0x93ae5f0a121d5e1aadae052c36bc5ecf2d406d35222f4c6a5d63fef1d6de1081 | https://github.com/SunWeb3Sec/DeFiHackLabs/blob/main/src/test/2023-12/TransitFinance_exp.sol | https://twitter.com/Phalcon_xyz/status/1737355152779030570
ccv-2023-12,2023-12-28,2023,CCV,other,其他,smart_contract_bug,合約 / 程式邏輯漏洞,arithmetic,數值計算錯誤（溢位 / 捨入 / 精度）,"Precision loss in unverified proxy contracts, exploited with flash loan",3200.0,,3200.0,unknown,不明,~3.2K BUSD (BSC-USD),Unknown,bsc_only,只有 BNB Smart Chain,"2023 年 12 月 28 日，BSC 上與 CCV 代幣相關的合約遭攻擊，損失約 3,200 美元的穩定幣。攻擊者自 DODO 閃電貸借入 10 萬枚穩定幣，先呼叫代理合約 0x3717… 的函式並傳入該合約持有的全部 CCV 數量，買入 CCV 後再呼叫另一個代理合約 0xe38d… 的函式並傳入其持有的全部穩定幣數量，最後賣出 CCV 獲利。",DeFiHackLabs 將根因標記為精度損失：受害代理合約的公開函式可由任何人以指定數量觸發，其內部計算的精度問題讓攻擊者能配合閃電貸在買賣 CCV 之間獲利。由於合約未開源，PoC 僅以函式選擇器呼叫，未顯示具體計算細節。,資料來源未記載資金追回或後續處理。,low,"Based on the DeFiHackLabs entry (root cause label: Precision loss) and its PoC (CCV_exp.sol), which calls two unverified proxies via raw selectors (0x369baafe, 0xb7da6a49), so the precise arithmetic flaw is not visible. The token labeled 'BUSD' in the PoC is address 0x55d3...7955 (BSC-USD); loss valued at ~US$3,200 as a stablecoin amount. [Draft: not yet independently reviewed.]",3,https://app.blocksec.com/explorer/tx/bsc/0x6ba4152db9da45f5751f2c083bf77d4b3385373d5660c51fe2e4382718afd9b4 | https://bscscan.com/tx/0x6ba4152db9da45f5751f2c083bf77d4b3385373d5660c51fe2e4382718afd9b4 | https://github.com/SunWeb3Sec/DeFiHackLabs/blob/main/src/test/2023-12/CCV_exp.sol
dominott-2023-12,2023-12-28,2023,DominoTT,other,其他,smart_contract_bug,合約 / 程式邏輯漏洞,access_control,權限控管缺失,ERC-2771 trusted forwarder + Multicall _msgSender() spoofing to burn pair tokens (DHL label: Precision loss),1550.0,,1550.0,unknown,不明,~5 WBNB,Unknown,bsc_only,只有 BNB Smart Chain,BSC 上的 DominoTT 代幣遭攻擊，損失約 5 WBNB（DeFiHackLabs 記錄日期為 2023 年 12 月 28 日）。攻擊者以 DODO 閃電貸借入 0.5 WBNB 買入 DominoTT，再透過受信任的 ERC-2771 轉發合約（Forwarder）呼叫 DominoTT 的 multicall，在內層 burn 呼叫資料尾端附加 PancakeSwap 交易對位址，銷毀池中的 DominoTT，接著呼叫 sync 推高價格後賣出換回 WBNB。,DominoTT 同時支援 ERC-2771 受信任轉發與 Multicall：經 Forwarder 呼叫 multicall 時，內層 delegatecall 的 msg.sender 仍是 Forwarder，_msgSender() 便從呼叫資料最後 20 位元組取出攻擊者任意附加的位址，使攻擊者能冒充交易對身分銷毀其代幣。,資料來源未記載資金追回或後續處理。,medium,"Based on the DeFiHackLabs entry (root cause label: Precision loss) and its PoC (DominoTT_exp.sol). The PoC clearly demonstrates the ERC-2771 + Multicall address-spoofing pattern (burn(amount) with the pair address appended, executed via the trusted Forwarder), so it is classified as access control rather than precision loss. The PoC fork block (34,141,660) is ~63k blocks before the BCT fork block (2023-12-09), suggesting the exploit tx actually occurred in early December 2023; the entry date is kept. USD estimate: 5 WBNB x ~US$310 (approximate BNB price on the entry date 2023-12-28) = ~US$1,550. [Draft: not yet independently reviewed.]",2,https://app.blocksec.com/explorer/tx/bsc/0x1ee617cd739b1afcc673a180e60b9a32ad3ba856226a68e8748d58fcccc877a8 | https://github.com/SunWeb3Sec/DeFiHackLabs/blob/main/src/test/2023-12/DominoTT_exp.sol
channels-finance-2023-12,2023-12-30,2023,Channels Finance,lending,借貸協議,smart_contract_bug,合約 / 程式邏輯漏洞,arithmetic,數值計算錯誤（溢位 / 捨入 / 精度）,CompoundV2 inflation attack (empty-market donation + redeemUnderlying rounding),320000.0,,320000.0,unknown,不明,"~320K (WBNB, BUSD, USDT, USDC, DAI, ETH, BTCB borrowed from Channels Finance markets)",Unknown,bsc_only,只有 BNB Smart Chain,2023 年 12 月 30 日，BSC 上以 Compound V2 為基礎的借貸協議 Channels Finance 遭攻擊，損失約 32 萬美元。攻擊者先在第一筆交易把 BTCB/BUSD LP 代幣市場（cCLP_BTCB_BUSD）的總供給量壓到極低，第二筆交易再以 PancakeSwap V3 閃電貸借入 BTCB 與 BUSD 組成 LP 代幣並直接捐贈給該市場，使 cToken 匯率暴增，進而借空 WBNB、BUSD、USDT、USDC、DAI、ETH、BTC 等市場的資金。,這是 Compound V2 分叉常見的空市場匯率膨脹問題：市場總供給極小時，直接轉入標的資產即可大幅抬高 cToken 匯率與抵押價值；此外 redeemUnderlying 存在捨入誤差，攻擊者僅燒毀 1 單位 cToken 就取回幾乎全部標的 LP 代幣。,資料來源未記載資金追回或後續處理。,medium,"Based on the DeFiHackLabs entry (root cause label: CompoundV2 Inflation Attack) and its PoC (ChannelsFinance_exp.sol), which reproduces the second attack tx and notes the redeemUnderlying rounding error. The lost text '~320K' carries no unit and is interpreted as ~US$320K. [Draft: not yet independently reviewed.]",3,https://app.blocksec.com/explorer/tx/bsc/0x711cc4ceb9701d317fe9aa47187425e16dae7d5a0113f1430e891018262f8fb5 | https://github.com/SunWeb3Sec/DeFiHackLabs/blob/main/src/test/2023-12/ChannelsFinance_exp.sol | https://twitter.com/AnciliaInc/status/1741353303542501455
channels-2023-12,2023-12-31,2023,Channels,lending,借貸協議,smart_contract_bug,合約 / 程式邏輯漏洞,arithmetic,數值計算錯誤（溢位 / 捨入 / 精度）,cToken exchange-rate manipulation via donation to near-empty market (DHL label: Price Manipulation),4400.0,,4400.0,unknown,不明,~$4.4K (USDC and BUSD),Unknown,bsc_only,只有 BNB Smart Chain,"2023 年 12 月 31 日，前一日才遭大規模攻擊的 Channels Finance 借貸協議，又被另一個攻擊者位址以相同手法攻擊，損失約 4,400 美元。攻擊者以 PancakeSwap V3 閃電貸借入 BTCB 與 BUSD，組成 BTCB/BUSD LP 代幣後連同 CAKE 捐贈給 cCLP_BTCB_BUSD 市場，抬高其匯率後借空 USDC 與 BUSD 市場餘額，再以 redeemUnderlying 取回 LP 代幣。",與前一日事件相同，cCLP_BTCB_BUSD 市場的總供給極小（PoC 中攻擊者僅持有 2 單位 cToken），直接捐贈標的資產即可操縱 cToken 匯率並膨脹抵押價值，讓攻擊者借出遠超過實際抵押的資產。,資料來源未記載資金追回或後續處理。,medium,"Based on the DeFiHackLabs entry (root cause label: Price Manipulation) and its PoC (Channels_exp.sol). The PoC targets the same Channels Finance comptroller (0xFC51...fC8c) and markets as the 2023-12-30 ChannelsFinance entry and uses the same donation-based exchange-rate inflation, so it is classified as an arithmetic/share-inflation bug. loss_usd taken from the parsed DeFiHackLabs value. [Draft: not yet independently reviewed.]",3,https://app.blocksec.com/explorer/tx/bsc/0xcf729a9392b0960cd315d7d49f53640f000ca6b8a0bd91866af5821fdf36afc5 | https://bscscan.com/tx/0xcf729a9392b0960cd315d7d49f53640f000ca6b8a0bd91866af5821fdf36afc5 | https://github.com/SunWeb3Sec/DeFiHackLabs/blob/main/src/test/2023-12/Channels_exp.sol
mic-2024-01,2024-01-02,2024,MIC,other,其他,smart_contract_bug,合約 / 程式邏輯漏洞,business_logic,業務邏輯錯誤,Repeated LP fee claims via public swapManual() by moving the same LP tokens between helper contracts,500000.0,,500000.0,unknown,不明,~500K (BUSDT),Unknown,bsc_only,只有 BNB Smart Chain,"2024 年 1 月 2 日，BSC 上的 MIC 代幣遭攻擊，DeFiHackLabs 記錄損失約 50 萬美元。攻擊者以 PancakeSwap V3 閃電貸借入 1,700 USDT，換成 MIC 與 BNB 後加入 MIC/WBNB 流動性取得 LP 代幣，接著呼叫公開函式 swapManual() 觸發 LP 手續費分紅，並把同一批 LP 代幣在 10 個新建的輔助合約之間輪流轉移，重複領取以 USDT 發放的分紅。",MIC 的 swapManual() 可由任何人呼叫並觸發 swapAndSendLPFee，而 LP 分紅僅依當下的 LP 代幣持有量發放、缺乏持有時間或快照檢查，使同一批 LP 代幣轉移到不同位址後可重複領取分紅。,PoC 註記攻擊結束時有部分 USDT 被換成攻擊者自行部署的假 USDT 代幣；資料來源未記載資金追回或後續處理。,medium,"Based on the DeFiHackLabs entry (root cause label: Business Logic Flaw) and its PoC (MIC_exp.sol). The PoC header states 'Total Lost : ~$500K', so loss_usd is taken as US$500,000. The PoC also notes the exploiter deployed a fake USDT token (0x9f77...6df7) and swapped part of the proceeds into it at the end. [Draft: not yet independently reviewed.]",3,https://app.blocksec.com/explorer/tx/bsc/0x316c35d483b72700e6f4984650d217304146b3732bb148e32fa7f8017843eb24 | https://github.com/SunWeb3Sec/DeFiHackLabs/blob/main/src/test/2024-01/MIC_exp.sol | https://x.com/MetaSec_xyz/status/1742484748239536173
freedom-2024-01,2024-01-10,2024,Freedom (FREE / FREEB),other,其他,smart_contract_bug,合約 / 程式邏輯漏洞,access_control,權限控管缺失,Lack of access control on FREEB buyToken(),22200.0,,22200.0,unknown,不明,~74 WBNB,Unknown,bsc_only,只有 BNB Smart Chain,2024 年 1 月 10 日，BSC 上 Freedom（FREE）代幣相關的 FREEB 合約遭攻擊，損失約 74 WBNB。攻擊者自 DODO 閃電貸借入 500 WBNB 並全數換成 FREE，接著呼叫 FREEB 合約缺乏權限控管的 buyToken 函式，最後將 FREE 賣回 WBNB 獲利並償還貸款。,"FREEB 合約（0xae3a…27ab）的 buyToken(listingId, expectedPaymentAmount) 未限制呼叫者，攻擊者可直接以合約本身的 BNB 餘額作為參數觸發購買。依 PoC 推斷，合約資金因此被用來買入並推高 FREE 價格，讓事先買入 FREE 的攻擊者得以高價賣出，套走合約資金。",資料來源未記載資金追回或後續處理。,medium,"Record based on the DeFiHackLabs entry (root cause: lack of access control) and PoC Freedom_exp.sol. USD estimated as 74 WBNB x ~USD 300/BNB (approximate BNB price on 2024-01-10). The PoC does not include the vulnerable contract source, so the internal effect of buyToken is inferred from the attack flow. The attacker EOA 0x835b45d3... in the PoC header also appears in the Shell_MEV_0xa898, Babyloogn and Binemon PoCs. [Draft: not yet independently reviewed.]",3,https://app.blocksec.com/explorer/tx/bsc/0x309523343cc1bb9d28b960ebf83175fac941b4a590830caccff44263d9a80ff0 | https://bscscan.com/tx/0x309523343cc1bb9d28b960ebf83175fac941b4a590830caccff44263d9a80ff0 | https://github.com/SunWeb3Sec/DeFiHackLabs/blob/main/src/test/2024-01/Freedom_exp.sol
shell-mev-0xa898-2024-01,2024-01-15,2024,Shell MEV Bot 0xa898,trading_bot,交易機器人 / 交易終端,smart_contract_bug,合約 / 程式邏輯漏洞,access_control,權限控管缺失,"Lack of access control in MEV bot contract, abusing victims' token approvals",1000.0,,1000.0,unknown,不明,~1K BUSD (BSC-USD),Unknown,bsc_only,只有 BNB Smart Chain,"2024 年 1 月 15 日，BSC 上位於 0xa898… 的 MEV 機器人合約遭攻擊，損失約 1,000 BUSD。攻擊者反覆呼叫兩個機器人合約中未受保護的函式（selector 0x5f90d725），把曾授權給機器人的受害地址中的 BUSD 轉出並換成 SHELL 代幣送到攻擊者手中，最後再將 SHELL 賣回 BUSD。",MEV 機器人合約的交易函式缺乏存取控制，允許任何人自行指定資金來源地址、接收地址與金額，攻擊者因此能動用受害地址先前給予機器人的代幣授權，將資金導向自己。,資料來源未記載資金追回或後續處理。,medium,"Record based on the DeFiHackLabs entry (root cause: lack of access control) and PoC Shell_MEV_0xa898_exp.sol. The token labelled BUSD in the PoC is 0x55d398... (BSC-USD); loss taken as ~USD 1,000 at a 1:1 stablecoin value. The attacker EOA 0x835b45d3... also appears in the Freedom, Babyloogn and Binemon PoCs. [Draft: not yet independently reviewed.]",3,https://app.blocksec.com/explorer/tx/bsc/0x24f114c0ef65d39e0988d164e052ce8052fe4a4fd303399a8c1bb855e8da01e9 | https://bscscan.com/tx/0x24f114c0ef65d39e0988d164e052ce8052fe4a4fd303399a8c1bb855e8da01e9 | https://github.com/SunWeb3Sec/DeFiHackLabs/blob/main/src/test/2024-01/Shell_MEV_0xa898_exp.sol
xsij-2024-01,2024-01-30,2024,XSIJ,other,其他,smart_contract_bug,合約 / 程式邏輯漏洞,business_logic,業務邏輯錯誤,Business logic flaw: repeated tiny transfers to the pair reduce its XSIJ balance,51000.0,,51000.0,unknown,不明,~51K USD (BSC-USD),Unknown,bsc_only,只有 BNB Smart Chain,"2024 年 1 月 30 日，BSC 上的 XSIJ 代幣遭攻擊，損失約 5.1 萬美元。攻擊者自 DODO 閃電貸借入 10 萬 BUSD 換成 XSIJ，接著以每次 1 wei 的極小金額反覆將 XSIJ 轉入 XSIJ/BUSD 交易對，直到交易對內的 XSIJ 餘額降到 1,800 枚以下，再以被拉高的價格將 XSIJ 賣回 BUSD 並償還貸款。",XSIJ 代幣的轉帳邏輯在代幣轉入交易對時，反而會從交易對扣減 XSIJ（PoC 同時讀取合約的 removePoolAmount 變數），而且可以用極小額轉帳無限次觸發。攻擊者藉此大幅減少池內 XSIJ 儲備、扭曲價格後套利。,資料來源未記載資金追回或後續處理。,medium,"Record based on the DeFiHackLabs entry (root cause: Business Logic Flaw) and PoC XSIJ_exp.sol; loss_usd taken from the parsed DeFiHackLabs value (~51K USD). The PoC loop only ends when the pair's XSIJ balance falls below 1,800 tokens, which shows that each transfer into the pair reduces the pair's balance. The flash-loaned token 0x55d398... is labelled BUSD in the PoC (BSC-USD). [Draft: not yet independently reviewed.]",3,https://app.blocksec.com/explorer/tx/bsc/0xf477089602fefcfc1dbdce15834476267914d64a1e6a52f07d3f135f091e1d27 | https://github.com/SunWeb3Sec/DeFiHackLabs/blob/main/src/test/2024-01/XSIJ_exp.sol | https://x.com/CertiKAlert/status/1752384801535918264
burnsdefi-2024-02,2024-02-05,2024,BurnsDefi,other,其他,oracle_price_manipulation,預言機 / 價格操縱,,,Flash-loan spot price manipulation of reward calculation (getAmountsOut on Burns/WBNB pair),67000.0,,67000.0,unknown,不明,~$67K,Unknown,bsc_only,只有 BNB Smart Chain,2024 年 2 月 5 日，BSC 上 BurnsDefi 的 BurnsBuild 合約遭價格操縱攻擊，損失約 6.7 萬美元。攻擊者自 DODO DSP 閃電貸借入 25 萬 BUSDT，經 WBNB 大量買入 Burns 代幣以拉高 Burns/WBNB 交易對價格，再呼叫 burnToHolder 讓獎勵依被扭曲的價格計算，接著透過 receiveRewards 領走合約中的 BNB，最後換回 BUSDT 償還貸款。,BurnsBuild 合約的 burnToHolder() 以 PancakeSwap 的 getAmountsOut() 讀取 Burns/WBNB 交易對的即時現貨價格來計算應發放的 BNB 獎勵，而這個價格可以在同一筆交易內被閃電貸資金操縱。,資料來源未記載資金追回或後續處理。,medium,"Record based on the DeFiHackLabs entry (root cause: Price Manipulation) and PoC BurnsDefi_exp.sol. The entry's lost text is '~67K' without a unit, but the PoC header states 'Total Lost : ~$67K', so loss_usd is set to 67,000 USD. The Neptune Mutual Citadel Finance article listed in the PoC is marked as a similar incident, not this one, so it is not cited. [Draft: not yet independently reviewed.]",3,https://app.blocksec.com/explorer/tx/bsc/0x1d0af3a963682748493f21bf9e955ce3a950bee5817401bf2486db7a0af104b4 | https://github.com/SunWeb3Sec/DeFiHackLabs/blob/main/src/test/2024-02/BurnsDefi_exp.sol | https://twitter.com/pennysplayer/status/1754342573815238946
miner-2024-02,2024-02-13,2024,MINER,other,其他,smart_contract_bug,合約 / 程式邏輯漏洞,business_logic,業務邏輯錯誤,Repeated skim() to the pair itself inflating pair token balance (labelled Price Manipulation),1190.0,,1190.0,unknown,不明,~3.5 WBNB,Unknown,bsc_only,只有 BNB Smart Chain,2024 年 2 月 13 日，BSC 上 MINER 代幣的 MINER/WBNB 交易對遭攻擊，損失約 3.5 WBNB。攻擊者自 DODO 借入 10 WBNB，買入極少量 MINER 後轉入交易對，再連續 50 次呼叫 skim() 並把接收地址設為交易對本身，使交易對帳面上多出的 MINER 不斷膨脹，最後直接呼叫 swap() 取走約 3.5 WBNB。,依 PoC 推斷，MINER 代幣在轉出地址與接收地址相同（交易對轉給自己）時的餘額計算有誤，每次 skim(交易對) 都讓交易對的 MINER 餘額增加而非維持不變。攻擊者藉此憑空製造超出儲備的代幣餘額，拿來換出交易對中的 WBNB。,資料來源未記載資金追回或後續處理。,low,Record based on the DeFiHackLabs entry (root cause labelled 'Price Manipulation') and PoC MINER_bsc_exp.sol. The PoC does not include the token source; the self-transfer balance inflation is inferred from the 50x transfer-and-skim(pair) loop followed by a direct swap. USD estimated as 3.5 WBNB x ~USD 340/BNB (approximate BNB price on 2024-02-13). [Draft: not yet independently reviewed.],3,https://app.blocksec.com/explorer/tx/bsc/0x15ab671c9bf918fa4b6a9eed9ccb527f32aca40e926ede2aec2c84dfa9c30512?line=6 | https://bscscan.com/tx/0x15ab671c9bf918fa4b6a9eed9ccb527f32aca40e926ede2aec2c84dfa9c30512 | https://github.com/SunWeb3Sec/DeFiHackLabs/blob/main/src/test/2024-02/MINER_bsc_exp.sol
babyloogn-2024-02,2024-02-15,2024,Babyloogn,other,其他,smart_contract_bug,合約 / 程式邏輯漏洞,input_validation,輸入驗證缺失 / 任意外部呼叫,Lack of validation in airdrop claim function (repeatable claims),700.0,,700.0,unknown,不明,~2 BNB (PoC header: ~2.24 WBNB),Unknown,bsc_only,只有 BNB Smart Chain,"2024 年 2 月 15 日，BSC 上 Babyloogn 的空投合約遭攻擊，損失約 2 BNB。攻擊者把 Babyloogn NFT 授權給空投合約後，以參數 (1, 0) 反覆呼叫空投合約的領取函式（selector 0xfbe81135），直到合約內的 Babyloogn 代幣餘額低於 285 枚，再將取得的代幣賣成 WBNB。",空投合約（0x971d…5073）的領取函式缺乏足夠的參數與資格驗證，無法阻止同一呼叫者重複領取，攻擊者因此能不斷領走合約中的 Babyloogn 代幣。,資料來源未記載資金追回或後續處理。,medium,"Record based on the DeFiHackLabs entry (root cause: lack of validation) and PoC Babyloogn_exp.sol. USD estimated as 2 BNB x ~USD 350/BNB (approximate BNB price on 2024-02-15); the PoC header's ~2.24 WBNB would be about USD 780. The attacker EOA 0x835b45d3... also appears in the Freedom, Shell_MEV_0xa898 and Binemon PoCs. [Draft: not yet independently reviewed.]",2,https://app.blocksec.com/explorer/tx/bsc/0xd081d6bb96326be5305a6c00dd51d1799971794941576554341738abc1ceb202 | https://github.com/SunWeb3Sec/DeFiHackLabs/blob/main/src/test/2024-02/Babyloogn_exp.sol
dualpools-2024-02,2024-02-15,2024,DualPools,lending,借貸協議,smart_contract_bug,合約 / 程式邏輯漏洞,arithmetic,數值計算錯誤（溢位 / 捨入 / 精度）,Empty-market exchange-rate inflation plus precision truncation in redeemUnderlying,42000.0,,42000.0,unknown,不明,"~$42K (WBNB, BTCB, ETH, ADA and BUSD borrowed from DualPools)",Unknown,bsc_only,只有 BNB Smart Chain,"2024 年 2 月 15 日，BSC 上採用 Compound／Venus 式架構的借貸協定 DualPools 遭攻擊，損失約 4.2 萬美元。攻擊者透過 DODO 與 PancakeSwap V3 閃電貸取得資金，先在 Venus 抵押借出 11,500 LINK，再於 DualPools 的 dLINK 市場只鑄造 2 wei dLINK，並直接捐贈約 11,500 LINK 灌高兌換率。攻擊者以這筆抵押借走 WBNB、BTCB、ETH、ADA 與 BUSD，最後透過 redeemUnderlying 取回幾乎全部 LINK。","dLINK 市場供給量極低，直接轉入 LINK 就能大幅拉高 exchangeRate；redeemUnderlying 把欲贖回的標的數量換算成要銷毀的 dToken 時採無條件捨去。攻擊者因此只銷毀 1 wei dLINK 就取回約 11,499.99 LINK，而剩下的 1 wei 在檢查時仍被視為高價值抵押品，借出的資產不必歸還。",資料來源未記載資金追回或後續處理。,medium,"Record based on the DeFiHackLabs entry (root cause: precision truncation) and PoC DualPools_exp.sol. The entry's lost text is '~42k' without a unit, but the PoC header states 'Total Lost : ~$42000 USD', so loss_usd is set to 42,000 USD. The truncation mechanism is derived from the PoC amounts (mint 2 wei, donate ~11,500 LINK, redeemUnderlying of 11,499.999... LINK). [Draft: not yet independently reviewed.]",3,https://bscscan.com/tx/0x90f374ca33fbd5aaa0d01f5fcf5dee4c7af49a98dc56b47459d8b7ad52ef1e93 | https://github.com/SunWeb3Sec/DeFiHackLabs/blob/main/src/test/2024-02/DualPools_exp.sol | https://medium.com/@lunaray/dualpools-hack-analysis-5209233801fa
alp-2024-03,2024-03-06,2024,ALP (ApolloX ALP vault shares),yield_vault,收益金庫,smart_contract_bug,合約 / 程式邏輯漏洞,access_control,權限控管缺失,Public internal function _swap() executing attacker-supplied aggregator data,10000.0,,10000.0,unknown,不明,~$10K (ALP_APO shares redeemed to USDT),Unknown,bsc_only,只有 BNB Smart Chain,2024 年 3 月 6 日，BSC 上一個持有 ApolloX ALP 相關金庫份額（ALP_APO）的合約遭攻擊，損失約 1 萬美元。攻擊者直接呼叫該合約原本應只供內部使用的 _swap() 函式，傳入偽造的 1inch unoswapTo 聚合器資料，把合約持有的全部 ALP_APO 轉給自己，再透過 redeem 贖回為 USDT。,"漏洞合約（0xD188…961a）把以底線命名、原本應為 internal 的 _swap(address, bytes) 設成外部可呼叫，也沒有驗證傳入的聚合器呼叫資料。攻擊者在 pools 參數中編碼自己的合約地址作為假交易池（實作假的 getReserves 與 swap），讓合約的代幣被「交換」到自己手中。",資料來源未記載資金追回或後續處理。,medium,"Record based on the DeFiHackLabs entry (root cause: Public internal function) and PoC ALP_exp.sol. The entry's lost text is '~10K' without a unit; the PoC states 'Profit : 10K USD', so loss_usd is set to 10,000 USD. The ApolloX link is inferred from the ApolloXRedeemData struct used by the ALP_APO redeem function in the PoC. [Draft: not yet independently reviewed.]",2,https://app.blocksec.com/explorer/tx/bsc/0x9983ca8eaee9ee69629f74537eaf031272af75f1e5a7725911d8b06df17c67ca | https://github.com/SunWeb3Sec/DeFiHackLabs/blob/main/src/test/2024-03/ALP_exp.sol
tgbs-2024-03,2024-03-06,2024,TGBS,other,其他,smart_contract_bug,合約 / 程式邏輯漏洞,business_logic,業務邏輯錯誤,Business logic flaw: pair-burn mechanism repeatedly triggered by tiny self-transfers,150000.0,,150000.0,unknown,不明,~$150K (WBNB),Unknown,bsc_only,只有 BNB Smart Chain,"2024 年 3 月 6 日，BSC 上的 TGBS 代幣遭攻擊，損失約 15 萬美元。攻擊者自 DODO 閃電貸借出池中全部 WBNB 買入 TGBS，接著反覆把 1 wei TGBS 轉給自己，累計觸發 1,600 次對交易對的銷毀。TGBS/WBNB 交易對中的 TGBS 因此被大量燒毀、價格飆升，攻擊者再將 TGBS 賣回 WBNB 獲利。",TGBS 代幣在轉帳時會依 _burnBlock 判斷是否從 swap 交易對中銷毀代幣，而且任何人都能以極小額轉帳反覆觸發。攻擊者藉此在單筆交易內多次燒毀交易對的 TGBS 儲備，扭曲池內價格。,資料來源未記載資金追回或後續處理。,medium,"Record based on the DeFiHackLabs entry (root cause: Business Logic Flaw) and PoC TGBS_exp.sol. The entry's lost text is '~150K' without a unit; the PoC header states 'Total Lost : ~$150K', so loss_usd is set to 150,000 USD. [Draft: not yet independently reviewed.]",3,https://app.blocksec.com/explorer/tx/bsc/0xa0408770d158af99a10c60474d6433f4c20f3052e54423f4e590321341d4f2a4 | https://github.com/SunWeb3Sec/DeFiHackLabs/blob/main/src/test/2024-03/TGBS_exp.sol | https://twitter.com/Phalcon_xyz/status/1765285257949974747
binemon-2024-03,2024-03-11,2024,Binemon (BIN),other,其他,smart_contract_bug,合約 / 程式邏輯漏洞,arithmetic,數值計算錯誤（溢位 / 捨入 / 精度）,Precision loss; publicly callable sweepTokenForMarketing() invoked repeatedly,100.0,,100.0,unknown,不明,~0.2 BNB,Unknown,bsc_only,只有 BNB Smart Chain,2024 年 3 月 11 日，BSC 上的 Binemon（BIN）代幣遭攻擊，損失約 0.2 BNB。攻擊者反覆呼叫 BIN 合約公開的 sweepTokenForMarketing()，把合約自身持有的 BIN 大量換出並壓低價格，隨後以低價買入 BIN，等其他使用者買入後再賣出獲利。,sweepTokenForMarketing() 可被任何人反覆呼叫，使合約持有的行銷用 BIN 在攻擊者選定的時點被處理並壓低價格。DeFiHackLabs 將根因標示為精度損失（precision loss），但 PoC 並未呈現具體的計算細節。,資料來源未記載資金追回或後續處理。,low,"Record based on the DeFiHackLabs entry (root cause: 'precission-loss') and PoC Binemon_exp.sol; the vuln_pattern follows that label, since the PoC only shows repeated calls to sweepTokenForMarketing() and a simulated later buy by another user. USD estimated as 0.2 BNB x ~USD 500/BNB (approximate BNB price on 2024-03-11). The attacker EOA 0x835b45d3... also appears in the Freedom, Shell_MEV_0xa898 and Babyloogn PoCs. [Draft: not yet independently reviewed.]",2,https://app.blocksec.com/explorer/tx/bsc/0x1999bb5c11a8d8bfa7620fc5cc37f5bc59c1a99d7a9250a8d6076c93bbdbeb5f | https://github.com/SunWeb3Sec/DeFiHackLabs/blob/main/src/test/2024-03/Binemon_exp.sol
it-2024-03,2024-03-13,2024,IT,other,其他,smart_contract_bug,合約 / 程式邏輯漏洞,business_logic,業務邏輯錯誤,"Business logic flaw: token mints to pool on transfer out of pair, abused via crafted swaps",13000.0,,13000.0,unknown,不明,~13K USDT,Unknown,bsc_only,只有 BNB Smart Chain,"2024 年 3 月 13 日，BSC 上的 IT 代幣遭攻擊，損失約 1.3 萬 USDT。攻擊者透過 PancakeSwap V3 閃電貸借入 2,000 USDT，再以 CREATE2 部署的輔助合約對 IT/USDT 交易對反覆執行 9 次精算過的 swap，利用 IT 代幣「從交易對轉出時會增發代幣回池」的機制抽走池內 USDT。",IT 代幣在從交易對轉出（買入）時，會依價格漲幅上限規則自動增發 IT 至交易對（PoC 中重現的 mintToPoolIfNeeded 邏輯），使交易對在 swap 過程中憑空取得 IT 餘額以通過恆定乘積檢查；攻擊者因此能同時取出幾乎全部 IT 與大量 USDT。,資料來源未記載資金追回或後續處理。,medium,"Record based on the DeFiHackLabs entry and PoC (src/test/2024-03/IT_exp.sol). Loss uses the entry's parsed value (~13K USDT, ~1:1 USD). PoC comment: 'Transfer from pool, will lead to mint to pool.' Flash loan of 2,000 USDT from a PancakeSwap V3 pool; IT/USDT pair 0x7265553986a81c838867aA6B3625ABA97B961f00. [Draft: not yet independently reviewed.]",2,https://app.blocksec.com/explorer/tx/bsc/0xb33057f57ce451aa8cbb65508d298fe3c627509cc64a394736dace2671b6dcfa | https://github.com/SunWeb3Sec/DeFiHackLabs/blob/main/src/test/2024-03/IT_exp.sol
ark-2024-03,2024-03-24,2024,ARK,other,其他,smart_contract_bug,合約 / 程式邏輯漏洞,business_logic,業務邏輯錯誤,Business logic flaw: repeatedly calling public autoBurnLiquidityPairTokens() to burn pair reserves,198360.0,,198360.0,unknown,不明,~348 BNB (WBNB),Unknown,bsc_only,只有 BNB Smart Chain,2024 年 3 月 24 日，BSC 上的 ARK 代幣遭攻擊，損失約 348 BNB。攻擊者在單筆交易中重複呼叫 ARK 合約的 autoBurnLiquidityPairTokens()（最多可達上萬次），使 ARK/WBNB 交易對中的 ARK 幾乎被燒光，再將手中的 ARK 賣回交易對換出大量 WBNB。,ARK 的 autoBurnLiquidityPairTokens() 可由任何人呼叫，且未限制呼叫頻率或間隔，每次呼叫都會燒毀交易對中的部分 ARK 並更新儲備量；反覆呼叫即可人為拉抬 ARK 價格，讓攻擊者以少量 ARK 換走池中的 WBNB。,資料來源未記載資金追回或後續處理。,medium,"Record based on the DeFiHackLabs entry and PoC (src/test/2024-03/ARK_exp.sol). Loss stated as ~348 BNB; USD estimated at ~$570/BNB (approximate BNB price around 2024-03-24), i.e. 348 x 570 = ~$198,360. ARK token 0xde698B5BBb4A12DDf2261BbdF8e034af34399999; ARK/WBNB pair 0xc0F54B8755DAF1Fd78933335EfCD761e3D5B4a6F. [Draft: not yet independently reviewed.]",3,https://app.blocksec.com/explorer/tx/bsc/0xe8b0131fa14d0a96327f6b5690159ffa7650d66376db87366ba78d91f17cd677 | https://github.com/SunWeb3Sec/DeFiHackLabs/blob/main/src/test/2024-03/ARK_exp.sol | https://twitter.com/Phalcon_xyz/status/1771728823534375249
zongzi-2024-03,2024-03-25,2024,ZongZi,other,其他,oracle_price_manipulation,預言機 / 價格操縱,,,"Price manipulation: flash-swap WBNB to inflate ZongZi spot price, then burnToHolder()/receiveRewards() for BNB",223000.0,,223000.0,unknown,不明,"~$223K (BNB held by the ZongZi token contract, taken out as WBNB)",Unknown,bsc_only,只有 BNB Smart Chain,2024 年 3 月 25 日，BSC 上的 ZongZi 專案遭價格操縱攻擊，損失約 22.3 萬美元。攻擊者從 BUSDT/WBNB 交易對以閃電兌換借出 WBNB，大量買入 ZongZi 拉抬價格後，呼叫 ZZF 合約的 burnToHolder() 與 receiveRewards()，以少量 ZongZi 換取 ZongZi 合約內幾乎全部的 BNB。,ZZF 合約的 burnToHolder() 以 WBNB/ZongZi 交易對的即時現貨價格計算燒毀代幣可得的 BNB 獎勵；攻擊者在同一筆交易中先操縱池內價格，使少量 ZongZi 被估值為接近合約全部 BNB 餘額，再透過 receiveRewards() 領出。,資料來源未記載資金追回或後續處理。,medium,Record based on the DeFiHackLabs entry and PoC (src/test/2024-03/ZongZi_exp.sol). The entry's lost text is '~223K' without a unit; loss_usd taken from the PoC header 'Total Lost : ~$223K'. Vulnerable contract (ZZF) 0xb7a254237e05ccca0a756f75fb78ab2df222911b; attacker 0x2c42824ef89d6efa7847d3997266b62599560a26. [Draft: not yet independently reviewed.],2,https://app.blocksec.com/explorer/tx/bsc/0x247f4b3dbde9d8ab95c9766588d80f8dae835129225775ebd05a6dd2c69cd79f | https://github.com/SunWeb3Sec/DeFiHackLabs/blob/main/src/test/2024-03/ZongZi_exp.sol
ethfin-2024-03,2024-03-29,2024,ETHFIN,other,其他,smart_contract_bug,合約 / 程式邏輯漏洞,access_control,權限控管缺失,"Lack of access control on doBuyback(), triggered after inflating holder count",1240.0,,1240.0,unknown,不明,~2.13 BNB (~$1.24K),Unknown,bsc_only,只有 BNB Smart Chain,"2024 年 3 月 29 日，BSC 上的 ETHFIN 代幣遭攻擊，損失約 2.13 BNB（約 1,240 美元）。攻擊者先以極小額轉帳灌入大量新地址，使持有人數達到觸發回購的門檻，再透過 PancakeSwap V3 閃電貸借入 12 WBNB 操作多個交易對，並呼叫公開的 doBuyback() 讓合約以自身資金回購，最後以 skim 與 swap 取走獲利。",ETHFIN 合約的 doBuyback() 缺乏權限控管，任何人都可呼叫，且觸發條件僅依賴可被輕易灌水的持有人數（N_holders）；攻擊者因此能自行選擇回購時機，並在回購前後以 swap／skim 操縱相關交易對，從合約的回購交易中套利。,資料來源未記載資金追回或後續處理。,medium,"Record based on the DeFiHackLabs entry and PoC (src/test/2024-03/ETHFIN_exp.sol). Loss uses the entry's parsed value (~$1.24K, 2.13 BNB). Vulnerable contract 0x17bd2e09fa4585c15749f40bb32a6e3db58522ba; attacker 0x52e38d496f8d712394d5ed55e4d4cdd21f1957de. [Draft: not yet independently reviewed.]",2,https://bscscan.com/tx/0xfe031685d84f3bae1785f5b2bd0ed480b87815c3f23ce6ced73b8573b7e367c6 | https://github.com/SunWeb3Sec/DeFiHackLabs/blob/main/src/test/2024-03/ETHFIN_exp.sol
atm-2024-04,2024-04-01,2024,ATM,other,其他,smart_contract_bug,合約 / 程式邏輯漏洞,business_logic,業務邏輯錯誤,"Business logic flaw: transfer+skim repeatedly triggers token's auto-swap (ATM->WBNB->USDT), sandwiched by attacker",182000.0,,182000.0,unknown,不明,~$182K USD (taken as WBNB),Unknown,bsc_only,只有 BNB Smart Chain,2024 年 4 月 1 日，BSC 上的 ATM 代幣遭攻擊，損失約 18.2 萬美元。攻擊者以 PancakeSwap V3 閃電貸借入大量 WBNB，先將大部分 WBNB 換成 USDT，再反覆「將 ATM 轉入 WBNB/ATM 交易對後以 skim 取回」，每次轉帳都會觸發 ATM 合約自動將代幣經 WBNB 兌換為 USDT；攻擊者藉此對合約的自動兌換進行三明治攻擊，最後將 ATM 與 USDT 換回 WBNB 獲利。,ATM 代幣在轉入交易對時會自動以即時市價將合約持有的代幣經 ATM→WBNB→USDT 路徑賣出，而攻擊者只要「轉入再 skim」就能幾乎不花成本地重複觸發此兌換；搭配事前與事後的大額交易操縱價格，即可從合約的自動兌換中套取價值。,資料來源未記載資金追回或後續處理。,medium,"Record based on the DeFiHackLabs entry and PoC (src/test/2024-04/ATM_exp.sol). Loss uses the entry's parsed value (~$182K). PoC comment: 'Sandwich attack, the contract will exchange token -> WBNB & WBNB -> USDT, so use transfer / skim'. ATM token 0xa5957E0E2565dc93880da7be32AbCBdF55788888; WBNB/ATM pair 0x1F5b26DCC6721c21b9c156Bf6eF68f51c0D075b7. [Draft: not yet independently reviewed.]",2,https://app.blocksec.com/explorer/tx/bsc/0xee10553c26742bec9a4761fd717642d19012bab1704cbced048425070ee21a8a?line=2 | https://github.com/SunWeb3Sec/DeFiHackLabs/blob/main/src/test/2024-04/ATM_exp.sol
openleverage-2024-04,2024-04-01,2024,OpenLeverage,lending,借貸協議,smart_contract_bug,合約 / 程式邏輯漏洞,reentrancy,重入攻擊,"Cross-contract reentrancy into OPBorrowingDelegator.borrow() via attacker-supplied swap data in marginTrade(), followed by self-liquidation and payoffTrade (DHL: business logic flaw)",,,,unknown,不明,~234K (unit not stated; profit taken in WBNB/BNB and BUSDT),Unknown,bsc_only,只有 BNB Smart Chain,2024 年 4 月 1 日，BSC 上的保證金交易與借貸協定 OpenLeverage 遭攻擊，損失約 23.4 萬（資料來源未註明計價單位）。攻擊者在 TradeController.marginTrade() 中傳入自訂的 1inch 兌換資料，讓自己的 Executor 合約在兌換途中回呼攻擊合約，並於交易尚未完成時呼叫 OPBorrowingDelegator.borrow() 建立借款部位；隨後攻擊者自我清算該部位，並在下一筆交易透過 payoffTrade() 結算取回資產。,marginTrade() 允許使用者提供任意 DEX 路由資料，兌換過程中會執行攻擊者控制的合約程式碼，而協定未防範在此期間重入同一市場的 OPBorrowingDelegator.borrow()，導致跨合約狀態在交易中途不一致。攻擊者利用借款、自我清算與 payoffTrade 的組合取走資金池內資產（DeFiHackLabs 將其歸類為業務邏輯缺陷）。,資料來源未記載資金追回或後續處理。,medium,"Record based on the DeFiHackLabs entry and PoC (src/test/2024-04/OpenLeverage2_exp.sol), which reproduces two attack transactions. Both the entry and PoC state '~234K' without a currency unit, so loss_usd is left null (likely USD but not confirmed by source material). DHL labels the root cause 'business logic flaw'; vuln_pattern 'reentrancy' reflects the PoC's callback into OPBorrowingDelegator.borrow() during marginTrade. Vulnerable contract 0xf436f8fe7b26d87eb74e5446acec2e8ad4075e47; attacker 0x5bb5b6d41c3e5e41d9b9ed33d12f1537a1293d5f; market ID 24. [Draft: not yet independently reviewed.]",3,https://app.blocksec.com/explorer/tx/bsc/0x210071108f3e5cd24f49ef4b8bcdc11804984b0c0334e18a9a2cdb4cd5186067 | https://app.blocksec.com/explorer/tx/bsc/0xf78a85eb32a193e3ed2e708803b57ea8ea22a7f25792851e3de2d7945e6d02d5 | https://github.com/SunWeb3Sec/DeFiHackLabs/blob/main/src/test/2024-04/OpenLeverage2_exp.sol
wsm-2024-04,2024-04-04,2024,WSM (Wall Street Memes),launchpad,發幣平台,oracle_price_manipulation,預言機 / 價格操縱,,,"Price manipulation of WSM/BNB V3 pool via flash loan, then buyWithBNB() on presale contract",18000.0,,18000.0,unknown,不明,"~$18K USD (about 2,517,438 WSM)",Unknown,bsc_only,只有 BNB Smart Chain,2024 年 4 月 4 日，Wall Street Memes（WSM）在 BSC 上的預售合約遭價格操縱攻擊，損失約 1.8 萬美元（約 251.7 萬枚 WSM）。攻擊者從 WSM/BNB（1% 費率）V3 池以閃電貸借出 500 萬枚 WSM，在另一個 0.3% 費率池全數賣成 BNB 以扭曲價格，接著以 BNB 呼叫預售合約的 buyWithBNB()，以被操縱的價格換得大量 WSM，再將剩餘 BNB 換回 WSM 並償還閃電貸。,預售合約的 buyWithBNB() 以可在單筆交易內被操縱的 DEX 池即時價格計算 BNB 可換得的 WSM 數量，未採用抗操縱的價格來源，使攻擊者在壓低池內 WSM 價格後能以低廉成本換取過量代幣。,資料來源未記載資金追回或後續處理。,medium,"Record based on the DeFiHackLabs entry and PoC (src/test/2024-04/WSM_exp.sol). Loss uses the entry's parsed value (~$18K); PoC header: 2,517,438.18 WSM ~ 18K. Project identified as Wall Street Memes per the SlowMist candidate source anchor. Presale proxy 0xFB071837728455c581f370704b225ac9eABDfa4a; vulnerable contract 0xc0afd0e40bb3dcaebd9451aa5c319b745bf792b4; attacker 0x3026C464d3Bd6Ef0CeD0D49e80f171b58176Ce32. [Draft: not yet independently reviewed.]",3,https://bscscan.com/tx/0x5a475a73343519f899527fdb9850f68f8fc73168073c72a3cff8c0c7b8a1e520 | https://github.com/SunWeb3Sec/DeFiHackLabs/blob/main/src/test/2024-04/WSM_exp.sol | https://hacked.slowmist.io/#:~:text=Hacked%20target%3A%20Wall%20Street%20Memes
squid-2024-04,2024-04-08,2024,SQUID,other,其他,smart_contract_bug,合約 / 程式邏輯漏洞,business_logic,業務邏輯錯誤,Sandwich attack on publicly callable swapTokens()/sellSwappedTokens() of squidSwap contract,87000.0,,87000.0,unknown,不明,~$87K USD (taken as WBNB),Unknown,bsc_only,只有 BNB Smart Chain,"2024 年 4 月 8 日，BSC 上的 SQUID 代幣兌換合約（squidSwap）遭三明治攻擊，損失約 8.7 萬美元。攻擊者以 PancakeSwap V3 閃電貸借入 10,000 WBNB，買入 SQUID_1 並透過 squidSwap 的 swapTokens() 兌換，再買入 SQUID_2 拉抬價格，接著反覆呼叫公開的 sellSwappedTokens() 讓合約在被操縱的價格下成交，最後將 SQUID_2 賣回 WBNB，並重複此流程數輪。",依 PoC 所示，squidSwap 合約的 sellSwappedTokens() 可由任何人重複呼叫，並以 DEX 即時價格替合約執行代幣買賣，缺乏呼叫權限與價格保護；攻擊者可先以大額交易操縱價格，再觸發合約在不利價格成交，從中套利。,資料來源未記載資金追回或後續處理。,medium,"Record based on the DeFiHackLabs entry and PoC (src/test/2024-04/SQUID_exp.sol). Loss uses the entry's parsed value (~$87K). DHL root cause: 'sandwich attack'. The exact internals of sellSwappedTokens() are not shown in the PoC; the description is inferred from the call sequence. SQUID_1 0x87230146E138d3F296a9a77e497A2A83012e9Bc5, SQUID_2 0xFAfb7581a65A1f554616Bf780fC8a8aCd2Ab8c9b, squidSwap 0xd309f0Fd5C3b90ecFb7024eDe7D329d9582492c5. [Draft: not yet independently reviewed.]",3,https://app.blocksec.com/explorer/tx/bsc/0x9fcf38d0af4dd08f4d60f7658b623e35664e74bca0eaebdb0c3b9a6965d6257b | https://github.com/SunWeb3Sec/DeFiHackLabs/blob/main/src/test/2024-04/SQUID_exp.sol | https://twitter.com/bbbb/status/1777228277415039304
ups-2024-04,2024-04-09,2024,UPS,other,其他,smart_contract_bug,合約 / 程式邏輯漏洞,business_logic,業務邏輯錯誤,Business logic flaw: transfer to pair does not change pair balance as expected; transfer+skim loop then swap,28000.0,,28000.0,unknown,不明,~$28K USD (USDT),Unknown,bsc_only,只有 BNB Smart Chain,2024 年 4 月 9 日，BSC 上的 UPS 代幣遭攻擊，損失約 2.8 萬美元。攻擊者以 PancakeSwap V3 閃電貸借入 350 萬 USDT，先向 UPS/USDT 交易對注入 200 萬 USDT 並呼叫 sync，再買入 UPS 後反覆「將 UPS 轉入交易對再 skim 取回」以累積 UPS，最後將 UPS 轉入交易對並直接呼叫 swap 換出 USDT。,UPS 代幣在轉入交易對時的餘額處理有誤（DeFiHackLabs 註記：轉入交易對不會造成交易對數量的正常變化），導致交易對的實際餘額與儲備量不一致；攻擊者透過反覆 transfer＋skim 與精算過的 swap，從交易對換走 USDT。,資料來源未記載資金追回或後續處理。,medium,"Record based on the DeFiHackLabs entry and PoC (src/test/2024-04/UPS_exp.sol). Loss uses the entry's parsed value (~$28K). PoC comment: 'business logic flaw, transfer to pair won't lead to pair's amount change'. UPS token 0x3dA4828640aD831F3301A4597821Cc3461B06678; UPS/USDT pair 0xA2633ca9Eb7465E7dB54be30f62F577f039a2984. [Draft: not yet independently reviewed.]",2,https://app.blocksec.com/explorer/tx/bsc/0xd03702e17171a32464ce748b8797008d59e2dbcecd3b3847d5138414566c886d | https://github.com/SunWeb3Sec/DeFiHackLabs/blob/main/src/test/2024-04/UPS_exp.sol
bigbangswap-2024-04,2024-04-10,2024,BigBangSwap,dex_amm,去中心化交易所 / AMM,smart_contract_bug,合約 / 程式邏輯漏洞,arithmetic,數值計算錯誤（溢位 / 捨入 / 精度）,"Precision loss in sellRewardToken(), repeated via many fresh contracts",5000.0,,5000.0,unknown,不明,~5K BUSD (per PoC label; token address is BSC-USD 0x55d3...7955),Unknown,bsc_only,只有 BNB Smart Chain,"2024 年 4 月 10 日，BSC 上的 BigBangSwap 遭攻擊，損失約 5,000 美元。攻擊者透過 DODO 閃電貸借入 50 BUSD，在迴圈中部署 70 個攻擊合約，每個合約以 15 BUSD 在 PancakeSwap 買入 BGG，再呼叫 BigBangSwap 代理合約的 sellRewardToken() 賣出，取回多於投入的 BUSD 並逐次累積獲利。",BigBangSwap 合約的 sellRewardToken() 在計算賣出 BGG 可得的 BUSD 時存在精度損失（DeFiHackLabs 標註為 precision loss），使每次小額賣出都能取得超出應得的 BUSD；攻擊者以大量新合約重複操作放大獲利。,資料來源未記載資金追回或後續處理。,medium,"Record based on the DeFiHackLabs entry and PoC (src/test/2024-04/BigBangSwap_exp.sol). Loss uses the entry's parsed value (~$5K, stablecoin ~1:1 USD). Vulnerable contract (TransparentUpgradeableProxy) 0xa45d4359246dbd523ab690bef01da06b07450030; BGG token 0xaC4d2F229A3499F7E4E90A5932758A6829d69CFF; attacker 0xc1b6f9898576d722dbf604aaa452cfea3a639c59. [Draft: not yet independently reviewed.]",3,https://app.blocksec.com/explorer/tx/bsc/0x94055664287a565d4867a97ba6d5d2e28c55d10846e3f83355ba84bd1b9280fc | https://github.com/SunWeb3Sec/DeFiHackLabs/blob/main/src/test/2024-04/BigBangSwap_exp.sol | https://x.com/DecurityHQ/status/1778075039293727143
fil314-2024-04,2024-04-12,2024,FIL314,other,其他,smart_contract_bug,合約 / 程式邏輯漏洞,business_logic,業務邏輯錯誤,Insufficient validation and price manipulation (repeatable hourBurn),8260.0,,8260.0,unknown,不明,~14 BNB,Unknown,bsc_only,只有 BNB Smart Chain,"2024 年 4 月 12 日，BSC 上的 FIL314 代幣遭到攻擊，損失約 14 BNB。這顆代幣採 314 型設計，代幣合約本身就是買賣池。攻擊者先以 0.05 BNB 向合約買入少量 FIL314，接著在同一筆交易中重複呼叫 hourBurn() 約 6,000 次，大量銷毀合約內的代幣儲備來推高價格，再分批賣回，換走合約中的 BNB。",hourBurn() 是公開函式，但沒有有效限制兩次銷毀之間的時間間隔，任何人都能在同一區塊內反覆觸發，持續銷毀合約池中的代幣。合約的 getAmountOut 又直接以自身 BNB 與代幣餘額計算報價，所以賣出價格可以被任意推高。,資料來源未記載資金追回或後續處理。,medium,"Based on the DeFiHackLabs entry and PoC (src/test/2024-04/FIL314_exp.sol). Loss given as ~14 BNB; USD estimated at ~US$590/BNB (approximate market price on 2024-04-12), i.e. ~US$8,260. DeFiHackLabs label is 'Insufficient Validation And Price Manipulation'; classified as a business-logic bug because the repeatedly callable hourBurn() is the enabling flaw. [Draft: not yet independently reviewed.]",2,https://bscscan.com/tx/0x9f2eb13417190e5139d57821422fc99bced025f24452a8b31f7d68133c9b0a6c | https://github.com/SunWeb3Sec/DeFiHackLabs/blob/main/src/test/2024-04/FIL314_exp.sol
grokd-2024-04,2024-04-12,2024,GROKD,staking,質押服務,smart_contract_bug,合約 / 程式邏輯漏洞,access_control,權限控管缺失,Lack of access control on staking pool updatePool(),88500.0,,88500.0,unknown,不明,~150 BNB,Unknown,bsc_only,只有 BNB Smart Chain,"2024 年 4 月，BSC 上 GROKD 專案的 LP 質押獎勵合約（0x31d3…2D81）遭到攻擊，攻擊者獲利約 150 BNB。攻擊者先買入 GROKD、組成 GROKD/WBNB LP，透過 depositFromIDO 存入質押合約，再呼叫 updatePool 把每區塊獎勵改成 4,800 萬顆 GROKD。過一個區塊後，攻擊者就領取巨額獎勵並賣成 BNB。","質押合約的 updatePool(uint256, PoolInfo) 沒有權限控管，任何人都能修改礦池的起訖區塊與 rewardPerBlock。獎勵計算因此被灌到極大值，合約中的 GROKD 獎勵隨之被掏空。",資料來源未記載資金追回或後續處理。,medium,"Based on the DeFiHackLabs entry and PoC (src/test/2024-04/GROKD_exp.sol). The entry's lost text is '$~150 BNB'; the pipeline's parsed value (150,000,000,000) is clearly a parsing artifact and was deliberately not used. Loss instead estimated as 150 BNB x ~US$590/BNB (approximate market price around 2024-04-11/12), i.e. ~US$88,500. PoC header states profit ~150 BNB across two attack transactions. [Draft: not yet independently reviewed.]",3,https://app.blocksec.com/explorer/tx/bsc/0x383dbb44a91687b2b9bbd8b6779957a198d114f24af662776f384569b84fc549 | https://github.com/SunWeb3Sec/DeFiHackLabs/blob/main/src/test/2024-04/GROKD_exp.sol | https://x.com/hipalex921/status/1778482890705416323?t=KvvG83s7SXr9I55aftOc6w&s=05
hackathon-2024-04,2024-04-14,2024,Hackathon,other,其他,smart_contract_bug,合約 / 程式邏輯漏洞,business_logic,業務邏輯錯誤,Business logic flaw: double credit when sender == recipient == pair (skim abuse),20000.0,,20000.0,unknown,不明,~20K USD (BUSD),Unknown,bsc_only,只有 BNB Smart Chain,2024 年 4 月 14 日，BSC 上的 Hackathon 代幣（0x11ce…8888）遭到攻擊，損失約 2 萬美元。攻擊者從 DODO DPP 資金池閃電貸借入 20 萬 BUSD 買入 Hackathon，把代幣轉進 PancakeSwap 交易對，再反覆呼叫 skim(pair) 與 skim(自己)，讓代幣餘額不斷倍增。最後攻擊者把代幣賣回 BUSD 獲利。,Hackathon 代幣的轉帳邏輯在 sender 與 recipient 都是交易對地址時，會在兩個分支中各記帳一次，收款方餘額因此被重複加計。攻擊者用 skim(pair) 讓交易對轉帳給自己，憑空多出代幣後，再用 skim 取出。,資料來源未記載資金追回或後續處理。,medium,"Based on the DeFiHackLabs entry and PoC (src/test/2024-04/Hackathon_exp.sol). The lost text '~20K' is unitless; the PoC header states 'Profit : ~20K USD' (profit realized in BUSD), so loss_usd was set to 20,000. [Draft: not yet independently reviewed.]",3,https://app.blocksec.com/explorer/tx/bsc/0xea181f730886ece947e255ab508f5af1d0f569fee3368b651d5dbb28549087b5 | https://github.com/SunWeb3Sec/DeFiHackLabs/blob/main/src/test/2024-04/Hackathon_exp.sol | https://x.com/EXVULSEC/status/1779519508375613827
chainge-finance-2024-04,2024-04-15,2024,Chainge Finance,dex_amm,去中心化交易所 / AMM,smart_contract_bug,合約 / 程式邏輯漏洞,input_validation,輸入驗證缺失 / 任意外部呼叫,Arbitrary external call in MinterProxyV2.swap() draining user approvals,560000.0,,560000.0,unknown,不明,"~560K USD in multiple tokens (USDT, SOL, AVAX, BabyDoge, FOLKI, ATOM, TLOS, IOTX, 1INCH, LINK, BTCB, ETH)",Unknown,bsc_only,只有 BNB Smart Chain,2024 年 4 月 15 日，跨鏈 DEX 聚合平台 Chainge Finance 在 BSC 上的 MinterProxyV2 合約遭到攻擊，DeFiHackLabs 記錄的損失約 56 萬美元。攻擊者部署一個偽裝成代幣的合約，再呼叫 MinterProxyV2 的 swap()，讓合約用使用者先前給的授權額度，對 USDT、BTCB、ETH、AVAX、SOL 等多種代幣執行 transferFrom，把受害者資產轉走。,MinterProxyV2.swap() 讓呼叫者自行指定目標合約（target）與任意 callData，並由代理合約直接發出外部呼叫，卻沒有驗證呼叫目標與內容。攻擊者因此能以代理合約的身分呼叫 transferFrom，盜用使用者給這個合約的授權。,資料來源未記載資金追回或後續處理。,medium,"Based on the DeFiHackLabs entry and PoC (src/test/2024-04/ChaingeFinance_exp.sol). The entry's lost text '~560K' is unitless and was interpreted as USD; note the PoC header states 'Total Lost : ~200K' and lists multiple attack transactions from two attackers, so the total figure is uncertain. [Draft: not yet independently reviewed.]",3,https://github.com/Autosaida/DeFiHackAnalysis/blob/master/analysis/240415_ChaingeFinance.md | https://github.com/SunWeb3Sec/DeFiHackLabs/blob/main/src/test/2024-04/ChaingeFinance_exp.sol | https://x.com/CertiKAlert/status/1779863821122691519
gfa-2024-04,2024-04-15,2024,GFA,other,其他,smart_contract_bug,合約 / 程式邏輯漏洞,business_logic,業務邏輯錯誤,Business logic flaw in GFA reward contract,14000.0,,14000.0,unknown,不明,~14K USD (BUSD),Unknown,bsc_only,只有 BNB Smart Chain,2024 年 4 月 15 日，BSC 上的 GFA 代幣遭到攻擊，損失約 1.4 萬美元。攻擊者只用 30 BUSD 買入 GFA，就直接呼叫 GFA 相關獎勵合約（0xbCbC…a7DE）的兩個函式並傳入自訂參數。接著攻擊者轉少量 GFA 到代幣合約觸發其內部邏輯，最後把 GFA 賣回 BUSD 獲利。,DeFiHackLabs 將根因歸類為業務邏輯缺陷。PoC 顯示，獎勵合約中選擇器為 0x5f7938f1 與 0x3890ec92 的函式可由外部呼叫並自訂數量參數，搭配向 GFA 合約轉帳觸發的邏輯，攻擊者就能以極低成本取得大量可賣出的 GFA；PoC 只用原始函式選擇器呼叫，確切的漏洞細節無法完全確認。,資料來源未記載資金追回或後續處理。,low,"Based on the DeFiHackLabs entry and PoC (src/test/2024-04/GFA_exp.sol). Loss uses the parsed value (~14K USD). The PoC calls the reward contract only by raw selectors (0x5f7938f1, 0x3890ec92), so the exact flawed logic is not visible from the PoC; classification follows the DeFiHackLabs label 'business-logic-flaw'. [Draft: not yet independently reviewed.]",3,https://app.blocksec.com/explorer/tx/bsc/0xe15d6f7fa891c2626819209edf2d5ded6948310eaada067b400062aa022ce718 | https://github.com/SunWeb3Sec/DeFiHackLabs/blob/main/src/test/2024-04/GFA_exp.sol | https://x.com/ChainAegis/status/1779809931962827055
mars-2024-04,2024-04-16,2024,MARS,other,其他,smart_contract_bug,合約 / 程式邏輯漏洞,business_logic,業務邏輯錯誤,"Bad reflection: pair receives tax reflections, exploited via flash-loan repeated swaps",100000.0,,100000.0,unknown,不明,>100K USD (WBNB),Unknown,bsc_only,只有 BNB Smart Chain,"2024 年 4 月 16 日，BSC 上具反射（reflection）機制的 MARS 代幣遭到攻擊，損失超過 10 萬美元。攻擊者從 PancakeSwap V3 閃電貸借入 350 WBNB，每次都透過新部署的接收合約分批買入 MARS（每批約 1,000 顆），再以每次 1,000 顆分批賣回 WBNB，歸還借款後獲利。",MARS 的交易稅會以反射方式分配給持有者，PancakeSwap 交易對也能分到反射代幣，因此交易對的實際餘額會在買賣過程中與儲備出現落差。攻擊者靠大量重複交易累積這種效果，取得比正常更好的兌換價格，抽走池中的 WBNB。,資料來源未記載資金追回或後續處理。,medium,"Based on the DeFiHackLabs entry and PoC (src/test/2024-04/MARS_exp.sol). The lost text '>100K' is unitless and interpreted as USD (PoC header: 'Total Lost: >$100k'); loss_usd set to 100,000 as a lower bound. [Draft: not yet independently reviewed.]",3,https://app.blocksec.com/explorer/tx/bsc/0x25e2af0a55581d5629a933af9fedd3c70e6d0c320f0b72700ca80e5cdd36c80b | https://github.com/SunWeb3Sec/DeFiHackLabs/blob/main/src/test/2024-04/MARS_exp.sol | https://twitter.com/Phalcon_xyz/status/1780150315603701933
satx-2024-04,2024-04-16,2024,SATX,other,其他,smart_contract_bug,合約 / 程式邏輯漏洞,business_logic,業務邏輯錯誤,Logic flaw in token/pair handling (flash swap + skim/sync reserve distortion),27500.0,,27500.0,unknown,不明,~50 BNB,Unknown,bsc_only,只有 BNB Smart Chain,2024 年 4 月 16 日，BSC 上的 SATX 代幣遭到攻擊，損失約 50 BNB。攻擊者先買入少量 SATX 並加入流動性，再從 PancakeSwap WBNB/CAKE 交易對閃電借出 60 WBNB。接著攻擊者在 WBNB/SATX 交易對上進行巢狀閃電交換，並轉入代幣、執行 skim 與 sync，扭曲交易對儲備；最後把 SATX 賣回 WBNB，歸還借款後獲利。,DeFiHackLabs 將根因歸類為邏輯缺陷。PoC 顯示，攻擊者在閃電交換後把 SATX 轉入交易對、再用 skim 取回並 sync，就能讓交易對的 SATX 儲備被更新為異常偏低的數值，代表 SATX 的轉帳邏輯在涉及交易對時沒有正確處理餘額，攻擊者因此能以失真的價格換出 WBNB。,資料來源未記載資金追回或後續處理。,low,"Based on the DeFiHackLabs entry and PoC (src/test/2024-04/SATX_exp.sol). The PoC header's 'Total Lost : ~999M US$' appears erroneous and was ignored; loss taken from the entry (~50 BNB) and estimated at ~US$550/BNB (approximate market price on 2024-04-16), i.e. ~US$27,500. The exact flawed code path is inferred from the PoC call sequence. [Draft: not yet independently reviewed.]",3,https://bscscan.com/tx/0x7e02ee7242a672fb84458d12198fae4122d7029ba64f3673e7800d811a8de93f | https://github.com/SunWeb3Sec/DeFiHackLabs/blob/main/src/test/2024-04/SATX_exp.sol | https://x.com/bbbb/status/1780341239801393479
z123-2024-04,2024-04-22,2024,Z123,other,其他,economic_exploit,經濟模型攻擊,,,"Price manipulation via pool-burning sell mechanism (flash loan, repeated sells)",136000.0,,136000.0,unknown,不明,136k USD (USDT),Unknown,bsc_only,只有 BNB Smart Chain,"2024 年 4 月 22 日，BSC 上的 Z123 代幣遭到攻擊，損失約 13.6 萬美元。攻擊者從 PancakeSwap V3 閃電貸借入 1,800 萬 USDT，先在比例正常的池子買入 Z123，再透過另一個路由合約連續 79 次、每次賣出 7,125 顆 Z123 換回 USDT，歸還借款後獲利。",Z123 每次兌換都會從池中銷毀代幣，使池內代幣比例失衡、Z123 價格持續被推高。攻擊者用大量重複的小額賣出放大這個效應，在失真的價格下套利。,資料來源未記載資金追回或後續處理。,medium,Based on the DeFiHackLabs entry and PoC (src/test/2024-04/Z123_exp.sol). Loss uses the parsed value (136k USD); PoC header states ~135k. Classified as economic exploit since the pool-burning mechanism works as designed and was arbitraged with flash-loaned funds. [Draft: not yet independently reviewed.],3,https://bscscan.com/tx/0xc0c4e99a76da80a4cf43d3110364840151226c0a197c1728bb60dc3f1b3a6a27 | https://github.com/SunWeb3Sec/DeFiHackLabs/blob/main/src/test/2024-04/Z123_exp.sol | https://twitter.com/PeckShieldAlert/status/1782322484911784385
yiedl-2024-04,2024-04-24,2024,YIEDL,yield_vault,收益金庫,smart_contract_bug,合約 / 程式邏輯漏洞,input_validation,輸入驗證缺失 / 任意外部呼叫,Input validation: unvalidated swap dataList in SportVault.redeem(),150000.0,,150000.0,unknown,不明,"150k USD (USDC, BTCB, ETH)",Unknown,bsc_only,只有 BNB Smart Chain,2024 年 4 月 24 日，BSC 上 YIEDL 的 SportVault 金庫合約遭到攻擊，損失約 15 萬美元。攻擊者重複呼叫 redeem()，以 0 份額贖回，並附上自行構造的 dataList（unoswapTo 兌換指令），讓金庫把自有的 USDC、BTCB、ETH 等資產兌換後直接轉給攻擊者。,SportVault.redeem() 會直接執行使用者傳入的兌換資料 dataList，但沒有驗證兌換金額是否與贖回份額相符，也沒有限制收款地址。即使 sharesToRedeem 為 0，攻擊者也能讓金庫用自身資產執行任意兌換，並把所得轉給自己。,資料來源未記載資金追回或後續處理。,medium,"Based on the DeFiHackLabs entry and PoC (src/test/2024-04/YIEDL_exp.sol). Loss uses the parsed value (150k USD). The PoC uses a placeholder attacker address, so no attacker address is recorded. [Draft: not yet independently reviewed.]",3,https://app.blocksec.com/explorer/tx/bsc/0x49ca5e188c538b4f2efb45552f13309cc0dd1f3592eee54decfc9da54620c2ec | https://github.com/SunWeb3Sec/DeFiHackLabs/blob/main/src/test/2024-04/YIEDL_exp.sol | https://twitter.com/Phalcon_xyz/status/1782966566042181957
ngfs-2024-04,2024-04-25,2024,NGFS,other,其他,smart_contract_bug,合約 / 程式邏輯漏洞,access_control,權限控管缺失,Bad access control on delegateCallReserves/setProxySync/reserveMultiSync,190000.0,,190000.0,unknown,不明,~190K USD (USDT),Unknown,bsc_only,只有 BNB Smart Chain,2024 年 4 月 25 日，BSC 上的 NGFS 代幣遭到攻擊，損失約 19 萬美元。攻擊者先呼叫 NGFS 合約的 delegateCallReserves() 與 setProxySync()，把自己設為特權地址，再呼叫 reserveMultiSync() 取得與 NGFS/USDT 交易對持有量相同的 NGFS。最後攻擊者在 PancakeSwap 把這些代幣全數賣成 USDT。,NGFS 代幣的 delegateCallReserves() 沒有權限控管，PoC 顯示任何人呼叫後都能接著用 setProxySync() 把自己設為代理同步地址。取得這個身分後，攻擊者就能透過 reserveMultiSync() 替自己增加任意數量的代幣餘額。,資料來源未記載資金追回或後續處理。,medium,"Based on the DeFiHackLabs entry and PoC (src/test/2024-04/NGFS_exp.sol). The lost text '~190K' is unitless and interpreted as USD (profit realized in USDT); loss_usd set to 190,000. The privileged functions look like hidden admin functions, but the PoC shows an unprivileged external attacker could invoke them, so the incident is treated as an exploit rather than a rug pull. [Draft: not yet independently reviewed.]",3,https://bscscan.com/tx/0x8ff764dde572928c353716358e271638fa05af54be69f043df72ad9ad054de25 | https://github.com/SunWeb3Sec/DeFiHackLabs/blob/main/src/test/2024-04/NGFS_exp.sol | https://twitter.com/CertiKAlert/status/1783476515331616847
p719token-2024-10,2024-10-11,2024,P719Token,other,其他,smart_contract_bug,合約 / 程式邏輯漏洞,business_logic,業務邏輯錯誤,Price manipulation via flawed built-in sell/burn logic in transfer() (Price Manipulation Inflate Attack),312000.0,,312000.0,unknown,不明,547.18 BNB (~$312K USD),Unknown,bsc_only,只有 BNB Smart Chain,"2024年10月11日，BSC 上的 P719 代幣遭攻擊，損失約 547.18 BNB（約 31.2 萬美元）。攻擊者從 PancakeSwap V3 閃電貸借入 4,000 WBNB，透過大量臨時合約向 P719 合約買入代幣，再分成 100 次小額賣回給 P719 合約，利用被錯誤推高的價格套出 BNB。獲利先換成攻擊者自建的代幣，再以移除自建交易對流動性的方式提領。",P719 合約（原始碼未驗證）的 transfer() 在代幣轉入合約本身時視為賣出，並以類 Uniswap 的內建兌換公式計算應付 BNB；兌換後合約會銷毀大部分賣出的代幣並從自身轉出手續費代幣，使內部定價被錯誤推高，後續賣出即可換得超額 BNB。,資料來源未記載資金追回或後續處理。,medium,Record based on the DeFiHackLabs entry and PoC (P719Token_exp.sol). Loss USD taken from the parsed DeFiHackLabs figure ($312K for 547.18 BNB). The vulnerable token contract is unverified; root cause description follows the PoC header comments. Attacker cashed out through a self-created token/WBNB pair to obscure proceeds. [Draft: not yet independently reviewed.],3,https://bscscan.com/tx/0x9afcac8e82180fa5b2f346ca66cf6eb343cd1da5a2cd1b5117eb7eaaebe953b3 | https://github.com/SunWeb3Sec/DeFiHackLabs/blob/main/src/test/2024-10/P719Token_exp.sol | https://x.com/TenArmorAlert/status/1844929489823989953
vista-2024-10,2024-10-22,2024,Vista,other,其他,smart_contract_bug,合約 / 程式邏輯漏洞,business_logic,業務邏輯錯誤,Flash-mint burn does not check frozen balance (flashmint receive error),28000.0,,28000.0,unknown,不明,"$28,000 (PoC notes ~29k USDT)",Unknown,bsc_only,只有 BNB Smart Chain,"2024年10月22日，BSC 上的 VISTA 代幣遭攻擊，損失約 2.8 萬美元（PoC 註記約 2.9 萬 USDT）。攻擊者以 PancakeSwap V3 閃電貸借入 1,500 USDT 並換成 BUSD，透過預售合約質押取得處於凍結狀態的 VISTA，再呼叫 VISTA 內建的閃電鑄造（flashLoan），在回呼中把可用餘額賣給銷售合約換回穩定幣。",VISTA 的閃電貸在結束時會銷毀借出的代幣，卻未檢查被銷毀的是否為凍結中的代幣；攻擊者因此能先賣掉閃電鑄造出的可用代幣，再由原本被鎖定的預售代幣抵償銷毀，等同繞過鎖倉限制提前變現。,資料來源未記載資金追回或後續處理。,medium,"Record based on the DeFiHackLabs entry and PoC (VISTA_exp.sol). Loss USD uses the parsed DeFiHackLabs figure ($28,000); the PoC header states a total loss of 29k USDT. Root cause per PoC comment: 'flashloan will burn the token, but not check the token is freezed or not'. [Draft: not yet independently reviewed.]",3,https://app.blocksec.com/explorer/tx/bsc/0x84c385aab658d86b64e132e8db0c092756d5a9331a1131bf05f8214d08efba56 | https://github.com/SunWeb3Sec/DeFiHackLabs/blob/main/src/test/2024-10/VISTA_exp.sol | https://x.com/TenArmorAlert/status/1848403791881900130
rpp-2024-11,2024-11-05,2024,RPP,other,其他,smart_contract_bug,合約 / 程式邏輯漏洞,business_logic,業務邏輯錯誤,Logic flaw in token buy/sell handling exploited via repeated flash-loan-funded swaps (Logic Flaw),14100.0,,14100.0,unknown,不明,~$14.1K (BSC-USD),Unknown,bsc_only,只有 BNB Smart Chain,"2024年11月5日，BSC 上的 RPP 代幣遭攻擊，損失約 1.41 萬美元。攻擊者自 PancakeSwap V3 閃電貸借入 120 萬 BSC-USD，對 RPP/BSC-USD 交易對連續執行 1,450 次定量買入，再以支援手續費代幣的方式反覆賣出 RPP，最終換回多於借款的 BSC-USD。",DeFiHackLabs 將此案歸類為邏輯缺陷；PoC 顯示攻擊者僅靠大量重複買入與賣出即可從交易對淨取出 BSC-USD，推測 RPP 代幣在買賣轉帳時的自訂邏輯有誤，但 PoC 未指出確切出錯的程式碼。,資料來源未記載資金追回或後續處理。,low,"Record based on the DeFiHackLabs entry and PoC (RPP_exp.sol). Loss USD uses the parsed DeFiHackLabs figure (~$14.1K). The PoC shows the attack steps (1.2M BSC-USD flash loan, 1,450 buys, repeated sells) but does not explain the exact flaw in the RPP token; root cause description is therefore partly inferred and confidence is low. [Draft: not yet independently reviewed.]",3,https://bscscan.com/tx/0x76c39537374e7fa7f206ed3c99aa6b14ccf1d2dadaabe6139164cc37966e40bd | https://github.com/SunWeb3Sec/DeFiHackLabs/blob/main/src/test/2024-11/RPP_exp.sol | https://x.com/TenArmorAlert/status/1853984974309142768
x319-2024-11,2024-11-09,2024,X319,other,其他,smart_contract_bug,合約 / 程式邏輯漏洞,access_control,權限控管缺失,Unprotected claimEther() withdrawal (Access Control),12900.0,,12900.0,unknown,不明,$12.9K (20.85 BNB per PoC),Unknown,bsc_only,只有 BNB Smart Chain,2024年11月9日，BSC 上的 X319 相關合約遭攻擊，損失約 1.29 萬美元。攻擊者部署攻擊合約，並在建構函式中直接呼叫漏洞合約的 claimEther()，把 20.85 BNB 轉入自己的錢包。,"漏洞合約的 claimEther(receiver, amount) 沒有任何權限檢查，任何人都能自行指定收款地址與金額，直接提領合約內的 BNB。",資料來源未記載資金追回或後續處理。,medium,"Record based on the DeFiHackLabs entry and PoC (X319_exp.sol). Loss USD uses the parsed DeFiHackLabs figure ($12.9K); the PoC withdraws 20.85 BNB via claimEther(tx.origin, 2085e16). [Draft: not yet independently reviewed.]",3,https://app.blocksec.com/explorer/tx/bsc/0x679028cb0a5af35f57cbea120ec668a5caf72d74fcc6972adc7c75ef6c9a9092 | https://github.com/SunWeb3Sec/DeFiHackLabs/blob/main/src/test/2024-11/X319_exp.sol | https://x.com/TenArmorAlert/status/1855263208124416377
mft-2024-11,2024-11-17,2024,MFT,other,其他,smart_contract_bug,合約 / 程式邏輯漏洞,business_logic,業務邏輯錯誤,Burn-on-sell logic in transfer() draining the PancakeSwap pair (Logic Flaw),33700.0,,33700.0,unknown,不明,33.7k USD (BSC-USD),Unknown,bsc_only,只有 BNB Smart Chain,2024年11月17日，BSC 上的 MFT 代幣遭攻擊，損失約 3.37 萬美元。攻擊者從三個 PancakeSwap V3 池巢狀借入 BSC-USD 閃電貸，先多次把 MFT 轉入交易對觸發賣出邏輯並執行 skim，再大量買入 MFT 壓低池中 MFT 餘額，最後轉入 MFT 並直接呼叫 swap 抽走池中的 BSC-USD。,MFT 的 transfer() 在使用者賣出（轉入交易對）時會從流動性池銷毀代幣，造成交易對實際餘額與儲備量失衡；攻擊者藉此操縱池中 MFT 數量，以相對少量的代幣換出大量 BSC-USD。,資料來源未記載資金追回或後續處理。,medium,Record based on the DeFiHackLabs entry and PoC (MFT_exp.sol). Loss USD uses the parsed DeFiHackLabs figure (33.7k USD). Root cause per PoC comment: 'MFT.transfer() will burn token from the pool when user tries to sell token'. [Draft: not yet independently reviewed.],3,https://bscscan.com/tx/0xe24ee2af7ceee6d6fad1cacda26004adfe0f44d397a17d2aca56c9a01d759142 | https://github.com/SunWeb3Sec/DeFiHackLabs/blob/main/src/test/2024-11/MFT_exp.sol | https://x.com/TenArmorAlert/status/1858351609371406617
matez-2024-11,2024-11-21,2024,Matez,staking,質押服務,smart_contract_bug,合約 / 程式邏輯漏洞,arithmetic,數值計算錯誤（溢位 / 捨入 / 精度）,Integer truncation of stake amount (Integer Truncation),80000.0,,80000.0,unknown,不明,80k USD (MATEZ tokens),Unknown,bsc_only,只有 BNB Smart Chain,2024年11月21日，BSC 上的 Matez 質押合約遭攻擊，損失約 8 萬美元。攻擊者以 2^128 這個數值呼叫 stake()，實際轉入 0 顆代幣卻被記錄為大額質押，並建立 25 個推薦帳戶合約重複同樣操作以滿足領取條件，再呼叫 claim() 免費領出 MATEZ 代幣賣出，且可反覆執行。,stake() 處理質押金額時發生整數截斷，2^128 在轉型後變成 0，使實際轉帳金額為 0，但合約記帳仍視為質押了巨額代幣，讓攻擊者憑空取得質押與推薦獎勵的領取資格。,資料來源未記載資金追回或後續處理。,medium,"Record based on the DeFiHackLabs entry and PoC (Matez_exp.sol). Loss USD uses the parsed DeFiHackLabs figure (80k USD). PoC comment: the amount 340282366920938463463374607431768211456 (2^128) is truncated to 0, so a zero-token transfer is recognized as a large stake. [Draft: not yet independently reviewed.]",3,https://bscscan.com/tx/0x840b0dc64dbb91e8aba524f67189f639a0bc94ee9256c57d79083bb3fd46ec91 | https://github.com/SunWeb3Sec/DeFiHackLabs/blob/main/src/test/2024-11/Matez_exp.sol | https://x.com/TenArmorAlert/status/1859830885966905670
ak1111-2024-11,2024-11-23,2024,Ak1111,other,其他,smart_contract_bug,合約 / 程式邏輯漏洞,access_control,權限控管缺失,Unprotected nonblockingLzReceive1() allows free minting (Access Control),31500.0,,31500.0,unknown,不明,31.5K USD (BSC-USD),Unknown,bsc_only,只有 BNB Smart Chain,2024年11月23日，BSC 上的 AK1111 代幣遭攻擊，損失約 3.15 萬美元。攻擊者直接呼叫代幣合約的 nonblockingLzReceive1()，免費鑄造與 PancakeSwap 交易對持有量相同數量的 AK1111，再全數賣入交易對換走 BSC-USD。,AK1111 合約中名稱類似 LayerZero 跨鏈接收函式的 nonblockingLzReceive1() 沒有限制呼叫者身分，任何人都能呼叫並替任意地址鑄造代幣。,資料來源未記載資金追回或後續處理。,medium,Record based on the DeFiHackLabs entry and PoC (Ak1111_exp.sol). Loss USD uses the parsed DeFiHackLabs figure (31.5K USD). PoC comment: nonblockingLzReceive1 'is lack of access control. anyone call it to mint AK1111 token for free'. [Draft: not yet independently reviewed.],3,https://bscscan.com/tx/0xc29c98da0c14f4ca436d38f8238f8da1c84c4b1ee6480c4b4facc4b81a013438 | https://github.com/SunWeb3Sec/DeFiHackLabs/blob/main/src/test/2024-11/Ak1111_exp.sol | https://x.com/TenArmorAlert/status/1860554838897197135
proxy-b7e1-2024-11,2024-11-24,2024,Proxy_b7e1 (unverified ERC1967 proxy 0xb7e1...63c6),other,其他,smart_contract_bug,合約 / 程式邏輯漏洞,business_logic,業務邏輯錯誤,Crafted order parameters drain proxy's USDT balance (Logic Flaw),8500.0,,8500.0,unknown,不明,"8.5k USD (BSC-USD/USDT, swapped to BNB)",Unknown,bsc_only,只有 BNB Smart Chain,"2024年11月24日，BSC 上地址為 0xb7e1…63c6 的 ERC1967 代理合約遭攻擊，損失約 8,500 美元。攻擊者兩次呼叫該未驗證合約中選擇器為 0x9b3e9b92 的函式：第一次以特製參數建立（推測為訂單的）紀錄，第二次引用剛產生的 nextOrderId 並帶入代理合約的全部 USDT 餘額，將 USDT 轉出後換成 BNB。",合約原始碼未驗證，DeFiHackLabs 歸類為邏輯缺陷；PoC 顯示該函式未妥善驗證使用者提供的訂單參數（第二次呼叫帶入以二補數表示、近似負值的巨大數字），使攻擊者得以提領不屬於自己的合約 USDT 餘額。,資料來源未記載資金追回或後續處理。,low,"Record based on the DeFiHackLabs entry and PoC (proxy_b7e1_exp.sol). Loss USD uses the parsed DeFiHackLabs figure (8.5k USD); a commented-out line in the PoC suggests about 8,484.92 USDT. The vulnerable contract is unverified and the PoC uses raw calldata without explanation, so the root cause description is inferred and confidence is low. [Draft: not yet independently reviewed.]",3,https://bscscan.com/tx/0x864d33d006e5c39c9ee8b35be5ae05a2013e556be3e078e2881b0cc6281bb265 | https://github.com/SunWeb3Sec/DeFiHackLabs/blob/main/src/test/2024-11/proxy_b7e1_exp.sol | https://x.com/TenArmorAlert/status/1860867560885150050
nftg-2024-11,2024-11-26,2024,NFTG,other,其他,smart_contract_bug,合約 / 程式邏輯漏洞,access_control,權限控管缺失,Unprotected function (selector 0x85d07203) pays out USDT to caller-specified recipient (Access Control),10000.0,,10000.0,unknown,不明,10k USD (BSC-USD/USDT),Unknown,bsc_only,只有 BNB Smart Chain,2024年11月26日，BSC 上與 NFTG 相關的合約（0x5fbb…042e）遭攻擊，損失約 1 萬美元。攻擊者從 DODO DPP 池閃電貸借入約 825.56 USDT，在回呼中循環 11 次：先轉入極少量 USDT 到漏洞合約，再呼叫選擇器為 0x85d07203 的函式並指定自己為收款地址，最後歸還閃電貸並帶走剩餘 USDT。,漏洞合約原始碼未驗證，DeFiHackLabs 歸類為存取控制問題；PoC 顯示選擇器 0x85d07203 的函式可由任何人呼叫，並依呼叫者提供的數值與收款地址轉出 USDT，缺乏對呼叫者身分與金額的有效檢查。,資料來源未記載資金追回或後續處理。,low,"Record based on the DeFiHackLabs entry and PoC (NFTG_exp.sol). Loss USD uses the parsed DeFiHackLabs figure (10k USD). The vulnerable contract is unverified and the PoC calls it by raw selector, so the exact payout logic is not documented; root cause is inferred from the DeFiHackLabs 'Access Control' label and the PoC steps. [Draft: not yet independently reviewed.]",3,https://bscscan.com/tx/0xbd330fd17d0f825042474843a223547132a49abb0746a7e762a0b15cf4bd28f6 | https://github.com/SunWeb3Sec/DeFiHackLabs/blob/main/src/test/2024-11/NFTG_exp.sol | https://x.com/TenArmorAlert/status/1861430745572745245
pledge-2024-12,2024-12-03,2024,Pledge,other,其他,smart_contract_bug,合約 / 程式邏輯漏洞,access_control,權限控管缺失,Unprotected swapTokenU() with arbitrary recipient (Access Control),15000.0,,15000.0,unknown,不明,"15K (MFT held by the Pledge contract, swapped to BSC-USD/USDT)",Unknown,bsc_only,只有 BNB Smart Chain,2024年12月3日，BSC 上的 Pledge 合約遭攻擊，損失約 1.5 萬（以 BSC-USD 計價）。攻擊者直接呼叫 swapTokenU()，把 Pledge 合約持有的全部 MFT 代幣兌換成 USDT，並將收款地址指定為自己。,"Pledge 合約的 swapTokenU(amount, _target) 缺乏存取控制，任何人都能自行指定數量與收款地址，把合約持有的 MFT 換成 USDT 後轉給任意地址。",資料來源未記載資金追回或後續處理。,medium,"Record based on the DeFiHackLabs entry and PoC (Pledge_exp.sol). The DeFiHackLabs lost text is '15K' with no unit; since the PoC measures profit in BSC-USD (Binance-Peg USDT, a USD stablecoin), loss_usd is estimated as $15,000 at a 1:1 USD rate. The MFT token here (0x4E5A...4413) is a different contract from the MFT token in the 2024-11-17 incident. [Draft: not yet independently reviewed.]",3,https://bscscan.com/tx/0x63ac9bc4e53dbcfaac3a65cb90917531cfdb1c79c0a334dda3f06e42373ff3a0 | https://github.com/SunWeb3Sec/DeFiHackLabs/blob/main/src/test/2024-12/Pledge_exp.sol | https://x.com/TenArmorAlert/status/1864126176848965810
labubu-token-2024-12,2024-12-10,2024,LABUBU Token,other,其他,smart_contract_bug,合約 / 程式邏輯漏洞,business_logic,業務邏輯錯誤,Logic flaw: self-transfer inflates token balance,12048.0,,12048.0,unknown,不明,"17.4 BNB (~$12,048)",Unknown,bsc_only,只有 BNB Smart Chain,"2024 年 12 月 10 日，BSC 上的 LABUBU 代幣遭攻擊，損失約 17.4 BNB（約 12,048 美元）。攻擊者從 PancakeSwap V3 的 LABUBU/VOVO 池以閃電貸借出池中全部 LABUBU，並對自己的地址重複轉帳 30 次，使餘額大幅膨脹。歸還閃電貸後，攻擊者將多出的 LABUBU 經 VOVO 兌換成 BNB 獲利。",LABUBU 代幣的轉帳邏輯未正確處理轉出方與接收方為同一地址的情況（PoC 指向合約第 127～138 行），自我轉帳時餘額只增不減，每轉一次就憑空增加一筆轉帳金額；PoC 中 30 次自我轉帳後餘額約為原借入量的 30 倍。,資料來源未記載資金追回或後續處理。,medium,"Record based on the DeFiHackLabs entry and PoC (LABUBU_exp.sol). Loss uses the parsed DeFiHackLabs value ($12,048). PoC flash-borrows LABUBU from a PancakeSwap V3 LABUBU/VOVO pool, self-transfers 30 times, then sells LABUBU -> VOVO -> WBNB. The PoC's 'vulnerable contract code' link points to a same-code contract on Basescan; the attacked token is on BSC (0x2fF960F1D9AF1A6368c2866f79080C1E0B253997). [Draft: not yet independently reviewed.]",3,https://bscscan.com/tx/0xb06df371029456f2bf2d2edb732d1f3c8292d4271d362390961fdcc63a2382de | https://github.com/SunWeb3Sec/DeFiHackLabs/blob/main/src/test/2024-12/LABUBU_exp.sol | https://x.com/TenArmorAlert/status/1866481066610958431
jhy-2024-12,2024-12-14,2024,JHY,other,其他,smart_contract_bug,合約 / 程式邏輯漏洞,business_logic,業務邏輯錯誤,Logic flaw in LP dividend tracker (flash-loan funded),11000.0,,11000.0,unknown,不明,~11k BSC-USD,Unknown,bsc_only,只有 BNB Smart Chain,"2024 年 12 月 14 日，BSC 上的 JHY 代幣遭攻擊，損失約 1.1 萬 BSC-USD。攻擊者從 PancakeSwap V3 池以閃電貸借入 25,000 BSC-USD，買入 JHY 後加入流動性，再多次移除流動性取得不成比例的 JHY，最後將 JHY 賣回 BSC-USD 並歸還閃電貸。",JHY 的 LP 分紅合約（DIVIDEND_JHYLP，0x40Cd…A96c）存在邏輯錯誤：PoC 註解指出，買入交易會觸發該合約把地址的餘額紀錄設為其 LP 代幣餘額，使攻擊者在加入並反覆移除少量流動性時，能領回遠超應得數量的 JHY。,資料來源未記載資金追回或後續處理。,medium,"Record based on the DeFiHackLabs entry and PoC (JHY_exp.sol). Loss text is 11k BSC-USD (PoC header: 11k USD); BSC-USD is a USD-pegged stablecoin, so valued at $1 each = $11,000. Vulnerable contract is the JHY LP dividend contract 0x40Cd735D49e43212B5cb0b19773Ec2A648aAA96c. [Draft: not yet independently reviewed.]",3,https://bscscan.com/tx/0xb6a9055e3ce7f006391760fbbcc4e4bc8df8228dc47a8bb4ff657370ccc49256 | https://github.com/SunWeb3Sec/DeFiHackLabs/blob/main/src/test/2024-12/JHY_exp.sol | https://x.com/TenArmorAlert/status/1867950089156575317
slurpycoin-2024-12,2024-12-18,2024,SlurpyCoin,other,其他,smart_contract_bug,合約 / 程式邏輯漏洞,business_logic,業務邏輯錯誤,Logic flaw: publicly triggerable BuyOrSell/swapEthForTokens buyback via transfer,3000.0,,3000.0,unknown,不明,~3k USD (BNB),Unknown,bsc_only,只有 BNB Smart Chain,"2024 年 12 月 18 日，BSC 上的 SlurpyCoin 代幣遭攻擊，損失約 3,000 美元。攻擊者從 DODO 閃電貸借入 40 WBNB，反覆將 SLURPY 轉入代幣合約並以轉帳觸發 BuyOrSell()／swapEthForTokens() 機制，讓合約用自有 BNB 買入 SLURPY 推高價格，再透過多個輔助合約分批賣出獲利。",SlurpyCoin 在一般轉帳時會依合約持有的代幣數量自動執行買賣（BuyOrSell），任何人都能以轉帳觸發合約動用其 BNB 在 PancakeSwap 買入代幣；攻擊者藉此控制觸發時機並拉抬價格，將合約資金轉為自身賣出的利潤。,資料來源未記載資金追回或後續處理。,medium,"Record based on the DeFiHackLabs entry and PoC (SlurpyCoin_exp.sol). Loss uses the parsed DeFiHackLabs value ($3,000). PoC: DODO flash loan of 40 WBNB, repeated transfers to the token contract to trigger its buy/sell routine, then sells via 8 helper contracts. [Draft: not yet independently reviewed.]",3,https://bscscan.com/tx/0x6c729ee778332244de099ba0cb68808fcd7be4a667303fcdf2f54dd4b3d29051 | https://github.com/SunWeb3Sec/DeFiHackLabs/blob/main/src/test/2024-12/SlurpyCoin_exp.sol | https://x.com/CertiKAlert/status/1869580379675590731
98token-2025-01,2025-01-04,2025,98Token,other,其他,smart_contract_bug,合約 / 程式邏輯漏洞,access_control,權限控管缺失,Unprotected public function (swapTokensForTokens),28000.0,,28000.0,unknown,不明,~28K USDT,Unknown,bsc_only,只有 BNB Smart Chain,2025 年 1 月 4 日，98Token 相關的兌換合約（0xB040…349C）在 BSC 上遭攻擊，損失約 2.8 萬 USDT。攻擊者直接呼叫該合約公開的 swapTokensForTokens 函式，將合約持有的全部 98 代幣換成 USDT，並指定自己為收款地址。,"兌換合約的 swapTokensForTokens(address[],uint256,uint256,address) 為公開函式且沒有任何權限檢查，任何人都能自訂兌換路徑、數量與收款人，直接動用合約持有的代幣。",資料來源未記載資金追回或後續處理。,medium,"Record based on the DeFiHackLabs entry and PoC (98Token_exp.sol). Loss uses the parsed DeFiHackLabs value ($28,000; PoC: 28k USDT). Vulnerable contract is the swap contract 0xB040D88e61EA79a1289507d56938a6AD9955349C holding 98 tokens (0xc0dDfD66420ccd3a337A17dD5D94eb54ab87523F). [Draft: not yet independently reviewed.]",3,https://app.blocksec.com/explorer/tx/bsc/0x61da5b502a62d7e9038d73e31ceb3935050430a7f9b7e29b9b3200db3095f91d | https://github.com/SunWeb3Sec/DeFiHackLabs/blob/main/src/test/2025-01/98Token_exp.sol | https://x.com/TenArmorAlert/status/1875462686353363435
mosca-2025-01,2025-01-06,2025,Mosca,other,其他,smart_contract_bug,合約 / 程式邏輯漏洞,business_logic,業務邏輯錯誤,Logic flaw in join/buy/exitProgram accounting,19000.0,,19000.0,unknown,不明,~19K (USDC),Unknown,bsc_only,只有 BNB Smart Chain,"2025 年 1 月 6 日，BSC 上的 Mosca 合約（0x1962…037D）遭攻擊，損失約 1.9 萬（PoC 以 USDC 計價）。攻擊者先以 30 USDC 呼叫 join() 加入，再從 PancakeSwap V3 閃電貸借入 1,000 USDC 呼叫 buy() 後執行 exitProgram()，接著重複 20 次 join() 與 exitProgram() 的循環，提領超過投入的資金。",Mosca 的 join／buy／exitProgram 結算邏輯有缺陷：PoC 顯示在一次大額 buy() 之後，每次以 30 USDC 加入再退出都能取回超過投入的金額，代表退出時的結算未正確反映使用者實際存入的資金，使攻擊者可反覆提領合約中的資金。,資料來源未記載資金追回或後續處理。,medium,"Record based on the DeFiHackLabs entry and PoC (Mosca_exp.sol). Lost text '19K' has no unit; the PoC measures profit in Binance-Peg USDC (fundingToken = USDC), so it is interpreted as ~19,000 USD at $1 per USDC. Exact root-cause code not shown in PoC; description inferred from the attack steps. [Draft: not yet independently reviewed.]",2,https://bscscan.com/tx/0x4e5bb7e3f552f5ee6ee97db9a9fcf07287aae9a1974e24999690855741121aff | https://github.com/SunWeb3Sec/DeFiHackLabs/blob/main/src/test/2025-01/Mosca_exp.sol
ipc-2025-01,2025-01-07,2025,IPC,other,其他,smart_contract_bug,合約 / 程式邏輯漏洞,business_logic,業務邏輯錯誤,Logic flaw: sells burn pair tokens (incorrect burn of pair balance),590000.0,,590000.0,unknown,不明,~590k USDT,Unknown,bsc_only,只有 BNB Smart Chain,2025 年 1 月 7 日，BSC 上的 IPC 代幣遭攻擊，損失約 59 萬 USDT。攻擊者從兩個 DODO 池以閃電貸借入 USDT，直接與 IPC/USDT 交易對互動買入 IPC 再賣出，重複 16 次；由於每次賣出都會銷毀交易對中的 IPC 以拉抬價格，攻擊者得以逐步掏空池內 USDT。PoC 註解將其中一筆交易標為搶跑（front run）交易。,IPC 為推高幣價，在每次賣出時直接銷毀交易對（pair）持有的 IPC，使池內儲備失衡、價格被人為抬高；攻擊者另以閃電兌換同時換出 1 USDT 的方式繞過代幣的時間鎖檢查，讓買入與賣出能在同一筆交易內反覆進行。,資料來源未記載資金追回或後續處理。,medium,"Record based on the DeFiHackLabs entry and PoC (IPC_exp.sol). Loss uses the parsed DeFiHackLabs value ($590,000). PoC comments list two transactions (0x5ef1... labeled 'front run' and 0x3a36... labeled 'poor guys'), suggesting the exploit was front-run; attacker identity not stated. [Draft: not yet independently reviewed.]",3,https://app.blocksec.com/explorer/tx/bsc/0x5ef1edb9749af6cec511741225e6d47103e0b647d1e41e08649caaff66942a91?line=30 | https://github.com/SunWeb3Sec/DeFiHackLabs/blob/main/src/test/2025-01/IPC_exp.sol | https://x.com/TenArmorAlert/status/1876663900663370056
hors-2025-01,2025-01-08,2025,HORS,other,其他,smart_contract_bug,合約 / 程式邏輯漏洞,input_validation,輸入驗證缺失 / 任意外部呼叫,Access control / unvalidated router parameter (fake router drains LP tokens),10360.0,,10360.0,unknown,不明,14.8 WBNB,Unknown,bsc_only,只有 BNB Smart Chain,2025 年 1 月 8 日，BSC 上 HORS 專案一個持有 WBNB/HORS LP 代幣的合約（0x6f33…eaba）遭攻擊，損失 14.8 WBNB。攻擊者以 PancakeSwap V3 閃電貸借入 0.1 WBNB，呼叫該合約的函式（selector 0xf78283c7）並傳入自己部署的假路由器，在回呼中轉走合約持有的全部 LP 代幣，再移除流動性換回 WBNB。,該合約的公開函式未限制呼叫者，也未驗證傳入的路由器位址，會對呼叫者指定的任意「路由器」授權 LP 代幣並呼叫其 addLiquidity()；攻擊者的假路由器便在 addLiquidity() 中以 transferFrom 直接取走 LP 代幣。,資料來源未記載資金追回或後續處理。,medium,"Record based on the DeFiHackLabs entry and PoC (HORS_exp.sol). DeFiHackLabs labels it Access Control; the PoC comment describes missing input validation of the router, so vuln_pattern is input_validation. USD estimate: 14.8 WBNB x ~$700 per BNB (approximate price on 2025-01-08) = ~$10,360. [Draft: not yet independently reviewed.]",3,https://bscscan.com/tx/0xc8572846ed313b12bf835e2748ff37dacf6b8ee1bab36972dc4ace5e9f25fed7 | https://github.com/SunWeb3Sec/DeFiHackLabs/blob/main/src/test/2025-01/HORS_exp.sol | https://x.com/TenArmorAlert/status/1877032470098428058
jpulsepot-2025-01,2025-01-10,2025,JPulsepot,nft_gaming,NFT / 遊戲,smart_contract_bug,合約 / 程式邏輯漏洞,business_logic,業務邏輯錯誤,Logic flaw: public swapProfitFees() sandwiched via flash-loan price manipulation,21500.0,,21500.0,unknown,不明,~21.5K (WBNB),Unknown,bsc_only,只有 BNB Smart Chain,"2025 年 1 月 10 日，BSC 上 JPulsepot 的 FortuneWheel 合約（0x384b…998E）遭攻擊，損失約 2.15 萬美元。攻擊者從 PancakeSwap V3 閃電貸借入 4,300 WBNB，先在 PancakeSwap V2 大量買入 LINK 拉抬價格，再呼叫受害合約的 swapProfitFees()，最後將 LINK 賣回 WBNB 獲利並歸還閃電貸。",swapProfitFees() 可由任何人呼叫，會在 PancakeSwap 以當下現貨價格把合約累積的利潤手續費換成 LINK；PoC 顯示此兌換在價格遭操縱時仍照常成交，缺乏呼叫權限與有效滑價保護，因而可被三明治攻擊。,資料來源未記載資金追回或後續處理。,medium,"Record based on the DeFiHackLabs entry and PoC (JPulsepot_exp.sol). Lost text '21.5K' has no unit; interpreted as ~21,500 USD (profit is taken in WBNB; a 21.5K BNB loss would be implausible given the contract type and the 4,300 WBNB flash loan). project_type set to nft_gaming as the victim is an on-chain game (FortuneWheel). Victim code not included in PoC; root cause inferred from attack steps. [Draft: not yet independently reviewed.]",3,https://bscscan.com/tx/0xd6ba15ecf3df9aaae37450df8f79233267af41535793ee1f69c565b50e28f7da | https://github.com/SunWeb3Sec/DeFiHackLabs/blob/main/src/test/2025-01/JPulsepot_exp.sol | https://x.com/CertiKAlert/status/1877662352834793639
roulettepotv2-2025-01,2025-01-11,2025,RoulettePotV2,nft_gaming,NFT / 遊戲,oracle_price_manipulation,預言機 / 價格操縱,,,Price manipulation (flash-loan manipulated WBNB/LINK spot price before finishRound/swapProfitFees),28000.0,,28000.0,unknown,不明,~28K (WBNB),Unknown,bsc_only,只有 BNB Smart Chain,"2025 年 1 月 11 日，BSC 上的 RoulettePotV2 合約（0xf573…F90f）遭攻擊，損失約 2.8 萬美元。攻擊者自 PancakeSwap V3 閃電貸借入約 4,203.7 WBNB，直接在 WBNB/LINK 交易對大量換出 LINK 抬高價格後，依序呼叫 finishRound() 與 swapProfitFees()，再將 LINK 賣回 WBNB 獲利。",RoulettePotV2 的 finishRound() 與 swapProfitFees() 可由外部呼叫，其結算與手續費兌換依賴可在單筆交易內被操縱的 WBNB/LINK 交易對現貨價格，攻擊者以閃電貸拉抬 LINK 價格後，使合約以不利價格兌換，資金因而流向攻擊者。,資料來源未記載資金追回或後續處理。,medium,"Record based on the DeFiHackLabs entry and PoC (RoulettePotV2_exp.sol). Lost text '~28K' has no unit; interpreted as ~28,000 USD (profit is taken in WBNB; a 28K BNB loss would be implausible). Victim code is not in the PoC; the reliance on pair spot price is inferred from the attack sequence. Same WBNB/LINK sandwich pattern as the JPulsepot incident one day earlier. [Draft: not yet independently reviewed.]",3,https://bscscan.com/tx/0xd9e0014a32d96cfc8b72864988a6e1664a9b6a2e90aeaa895fcd42da11cc3490 | https://github.com/SunWeb3Sec/DeFiHackLabs/blob/main/src/test/2025-01/RoulettePotV2_exp.sol | https://x.com/TenArmorAlert/status/1878008055717376068
mosca2-2025-01,2025-01-13,2025,Mosca2,other,其他,smart_contract_bug,合約 / 程式邏輯漏洞,business_logic,業務邏輯錯誤,Logic flaw in join/withdrawFiat balance accounting,37600.0,,37600.0,unknown,不明,~37.6K (BSC-USD and USDC),Unknown,bsc_only,只有 BNB Smart Chain,"2025 年 1 月 13 日，BSC 上另一個 Mosca 合約（0xd879…40B9）再度遭攻擊，損失約 3.76 萬美元。攻擊者從 DODO 閃電貸借入 7,000 BSC-USD，以每次 1,000 的金額呼叫 join() 共 7 次，隨後以 withdrawFiat() 分別用兩種幣別提領約 18,671 與 26,648 單位的穩定幣，遠超過其投入。","Mosca 合約的 join() 與 withdrawFiat() 餘額會計有缺陷：攻擊者僅以單一幣別（fiat=1）存入 7,000，卻能以 fiat=1 與 fiat=0 兩種幣別合計提領約 45,319 單位，顯示加入時記錄的可提領餘額遠高於實際存入，且提領時未正確核對幣別與餘額。",資料來源未記載資金追回或後續處理。,medium,"Record based on the DeFiHackLabs entry and PoC (Mosca2_exp.sol); this is a second Mosca contract (0xd8791F0C10B831B605C5D48959EB763B266940B9) exploited a week after the first. Lost text '37.6K' has no unit; the PoC withdraws stablecoins (BSC-USD and USDC, profit logged in USDC), so interpreted as ~37,600 USD at $1 per stablecoin. Root cause inferred from attack steps. [Draft: not yet independently reviewed.]",3,https://bscscan.com/tx/0xf13d281d4aa95f1aca457bd17f2531581b0ce918c90905d65934c9e67f6ae0ec | https://github.com/SunWeb3Sec/DeFiHackLabs/blob/main/src/test/2025-01/Mosca2_exp.sol | https://x.com/TenArmorAlert/status/1878699517450883407
ast-2025-01,2025-01-21,2025,AST,other,其他,smart_contract_bug,合約 / 程式邏輯漏洞,business_logic,業務邏輯錯誤,Price manipulation via faulty token transfer logic combined with skim/sync on the BUSD/AST pair,65000.0,,65000.0,unknown,不明,~65K USD (BUSD),Unknown,bsc_only,只有 BNB Smart Chain,"2025 年 1 月，BSC 上的 AST 代幣遭攻擊，損失約 6.5 萬美元。攻擊者透過 PancakeSwap V3 閃電貸借入 3,000 萬 BUSD 大量買入 AST，再利用 AST 轉帳邏輯的缺陷搭配 skim／sync，把 BUSD/AST 交易對內的 AST 幾乎清空，最後以嚴重失真的價格賣出 AST 換回 BUSD 獲利。",AST 合約的轉帳邏輯有誤，代幣從交易對轉出（例如 skim）時會重複扣減交易對的 AST 餘額；攻擊者先直接轉入與池內等量的 AST 再呼叫 skim，使交易對只剩 1 wei 的 AST，sync 後池內價格完全失真。,資料來源未記載資金追回或後續處理。,medium,"Based on the DeFiHackLabs entry (root cause label 'Price-Manipulation', lost '~65K') and its PoC. loss_usd taken from the PoC header 'Total Lost : 65K US$'. Classified as a smart-contract business-logic bug because the PoC shows the pair's AST balance is deducted twice on transfer out via skim. Attacker EOA per PoC: 0x56f77AdC522BFfebB3AF0669564122933AB5EA4f; vulnerable token 0xc10E0319337c7F83342424Df72e73a70A29579B2. [Draft: not yet independently reviewed.]",3,https://bscscan.com/tx/0x80dd9362d211722b578af72d551f0a68e0dc1b1e077805353970b2f65e793927 | https://github.com/SunWeb3Sec/DeFiHackLabs/blob/main/src/test/2025-01/Ast_exp.sol | https://medium.com/@joichiro.sai/ast-token-hack-how-a-faulty-transfer-logic-led-to-a-65k-exploit-da75aed59a43
gold-reserve-2025-02,2025-02-01,2025,GoldReserve,nft_gaming,NFT / 遊戲,smart_contract_bug,合約 / 程式邏輯漏洞,business_logic,業務邏輯錯誤,Repeated profit claims by moving the same ERC1155 NFTs through fresh addresses,8536.0,,8536.0,unknown,不明,12.74 BNB,Unknown,bsc_only,只有 BNB Smart Chain,2025 年 2 月，BSC 上的 GoldReserve ERC1155 NFT 分潤合約遭攻擊，損失約 12.74 BNB。攻擊者以閃電貸借入 120 WBNB，先存入利潤池再鑄造 NFT，接著把同一批 NFT 依序轉給二十多個全新地址，讓每個地址都重複領取同一筆利潤。,合約以地址記錄已領取的利潤，可領金額卻依呼叫者當下持有的 ERC1155 餘額計算，且鑄造前存入的利潤也能由新鑄造的 NFT 分得；同一批 NFT 轉到新地址後即可再次領取，造成重複分潤。,資料來源未記載資金追回或後續處理。,medium,"Based on the DeFiHackLabs entry (root cause 'Business Logic Flaw', lost '12.74 BNB') and its PoC. USD estimated at ~USD 670/BNB (approximate BNB price on 2025-02-01): 12.74 x 670 = ~8,536. project_type set to nft_gaming because the vulnerable contract is an ERC1155 NFT profit-sharing contract. Vulnerable contract 0x7c77576a2b48504EBD9fF0810D799651f68742d3. [Draft: not yet independently reviewed.]",3,https://bscscan.com/tx/0x79c2e41b10462d374f21ecd4da048029cc71692e0c9ef275d4aad228e6f8afe0 | https://github.com/SunWeb3Sec/DeFiHackLabs/blob/main/src/test/2025-02/GoldReserve_exp.sol | https://t.me/defimon_alerts/434
gmt7-2025-02,2025-02-08,2025,GMT7,trading_bot,交易機器人 / 交易終端,smart_contract_bug,合約 / 程式邏輯漏洞,access_control,權限控管缺失,Unprotected public trading functions on an unverified GMT7 helper contract,9883.0,,9883.0,unknown,不明,16.75 BNB,Unknown,bsc_only,只有 BNB Smart Chain,2025 年 2 月，與 GMT7 代幣相關的一個未驗證輔助合約遭攻擊，損失約 16.75 BNB。攻擊者直接呼叫該合約的公開函式，先把合約持有的 BNB 轉給自己，再迫使合約以自有資金買入 GMT7，並反覆把合約持有的 GMT7 賣入 GMT7/USDT 交易對、將 USDT 導向攻擊合約，最後換成 BNB。,該輔助合約持有代幣餘額與路由器授權，但 transferBnb、buyTokenAmount、robotSell2me 等交易函式皆未設權限控管，任何人都能動用合約資金並讓收益流向自己。,資料來源未記載資金追回或後續處理。,medium,"Based on the DeFiHackLabs entry (root cause 'Access Control', lost '16.75 BNB') and its PoC. USD estimated at ~USD 590/BNB (approximate BNB price on 2025-02-08): 16.75 x 590 = ~9,883. project_type trading_bot because the vulnerable helper exposes robot-style buy/sell functions (e.g. robotSell2me). Vulnerable helper 0x9AD90eeaB3CAff64A762Cb40387Ee1BB18bd31E3. [Draft: not yet independently reviewed.]",3,https://bscscan.com/tx/0x5eb225ce9fb2c7a169e1736eb3b2bf2b6a5843839dd84cdcf6fe2ab0577ae21f | https://github.com/SunWeb3Sec/DeFiHackLabs/blob/main/src/test/2025-02/GMT7_exp.sol | https://t.me/defimon_alerts/443
four-meme-2025-02,2025-02-11,2025,Four.meme,launchpad,發幣平台,smart_contract_bug,合約 / 程式邏輯漏洞,business_logic,業務邏輯錯誤,Pre-created PancakeSwap V3 pool with extreme initial price before launchpad liquidity migration,186000.0,,186000.0,unknown,不明,~186K USD (~287 BNB) across nearly 20 meme tokens,Unknown,bsc_only,只有 BNB Smart Chain,2025 年 2 月，BSC 迷因幣發射平台 Four.meme 遭攻擊，損失約 18.6 萬美元（約 287 BNB），近 20 個迷因幣受影響。攻擊者在代幣從平台遷移到 PancakeSwap 之前，搶先以極端的初始價格建立 PancakeSwap V3 池子，使平台遷移時把流動性注入攻擊者預建的池子；以 snowboard 代幣為例，攻擊者用價值約 0.0001 BNB 的代幣換走約 23.4 WBNB。,Four.meme 的 addLiquidity 在遷移流動性時未檢查目標 V3 池是否已被他人建立並初始化，而 createAndInitializePoolIfNecessary 遇到既有池子不會重設價格，導致平台依攻擊者設定的失真價格加入流動性。,資料來源未記載資金追回或後續處理。,medium,"Based on the DeFiHackLabs entry (root cause 'Logic Flaw', lost '~186k') and its PoC. loss_usd taken from the PoC header 'Total Lost : 186k (287bnb)'. The PoC notes the launchpad code is not open source, that nearly 20 meme tokens were exploited the same way, and demonstrates only the snowboard token. Vulnerable launchpad contract 0x5c952063c7fc8610FFDB798152D69F0B9550762b; five attacker EOAs are listed in the PoC. [Draft: not yet independently reviewed.]",3,https://github.com/SunWeb3Sec/DeFiHackLabs/blob/main/src/test/2025-02/FourMeme_exp.sol | https://x.com/PeckShieldAlert/status/1889210001220423765 | https://x.com/four_meme_/status/1889198796695044138
unverified-d4f1-2025-02,2025-02-15,2025,Unverified contract 0xd4f1 (0xd4f1afd0…7cb3),other,其他,smart_contract_bug,合約 / 程式邏輯漏洞,access_control,權限控管缺失,Unprotected initialize() followed by withdrawFees,15200.0,,15200.0,unknown,不明,~15.2K USD (~23.007 BNB),Unknown,bsc_only,只有 BNB Smart Chain,2025 年 2 月，BSC 上一個未驗證合約（0xd4f1…7cb3）遭攻擊，損失約 1.52 萬美元（約 23.007 BNB）。攻擊者部署的合約在建構子中先呼叫目標合約的 initialize()，接著呼叫 withdrawFees 把合約內約 23.007 BNB 提走並轉給攻擊者。,依 PoC 顯示，目標合約的 initialize() 未受保護、任何人都能呼叫，攻擊者藉此取得控制權後，即可透過 withdrawFees 提領合約內的 BNB。,資料來源未記載資金追回或後續處理。,medium,"Based on the DeFiHackLabs entry (root cause 'access-control', lost '~15.2k') and its PoC. loss_usd taken from the PoC header 'Total Lost : 15.2k USD'; the PoC shows ~23.007 BNB withdrawn via withdrawFees. Contract source is unverified, so the project name is unknown. Vulnerable contract 0xd4f1afd0331255e848c119ca39143d41144f7cb3. [Draft: not yet independently reviewed.]",3,https://app.blocksec.com/explorer/tx/bsc/0xc7fc7e066ec2d4ea659061b75308c9016c0efab329d1055c2a8d91cc11dc3868 | https://github.com/SunWeb3Sec/DeFiHackLabs/blob/main/src/test/2025-02/unverified_d4f1_exp.sol | https://x.com/TenArmorAlert/status/1890776122918309932
stephero-nfts-2025-02,2025-02-21,2025,StepHero NFTs,nft_gaming,NFT / 遊戲,smart_contract_bug,合約 / 程式邏輯漏洞,reentrancy,重入攻擊,Reentrancy on NFT sale proceeds via claimReferral,89635.0,,89635.0,unknown,不明,137.9 BNB,Unknown,bsc_only,只有 BNB Smart Chain,"2025 年 2 月，BSC 上的 StepHero NFT 交易合約遭重入攻擊，損失約 137.9 BNB。攻擊者以閃電貸借入 1,000 WBNB，先上架自己的 NFT，再透過另一個合約用借來的資金買下，讓合約為攻擊合約記錄一筆可領取的款項，接著呼叫 claimReferral 領款並在收款回呼中反覆重入 claimReferral。",claimReferral 在更新可領餘額前就先以原生 BNB 轉帳給呼叫者，且缺乏重入保護，攻擊合約在 receive 中再次呼叫 claimReferral，得以多次領取同一筆款項。,資料來源未記載資金追回或後續處理。,medium,"Based on the DeFiHackLabs entry (root cause 'Reentrancy On Sell NFT', lost '137.9 BNB') and its PoC (author rotcivegaf). The listing function is called by raw selector 0xded4de3a with unclear parameters, so the exact accounting path is inferred. USD estimated at ~USD 650/BNB (approximate BNB price on 2025-02-21): 137.9 x 650 = ~89,635. Vulnerable contract 0x9823E10A0bF6F64F59964bE1A7f83090bf5728aB. [Draft: not yet independently reviewed.]",3,https://bscscan.com/tx/0xef386a69ca6a147c374258a1bf40221b0b6bd9bc449a7016dbe5240644581877 | https://github.com/SunWeb3Sec/DeFiHackLabs/blob/main/src/test/2025-02/StepHeroNFTs_exp.sol | https://x.com/SlowMist_Team/status/1892822286715277344
unverified-35bc-2025-02,2025-02-22,2025,Unverified contract 35bc (0xde91e6e9…5278),other,其他,smart_contract_bug,合約 / 程式邏輯漏洞,reentrancy,重入攻擊,Reentrancy via fallback after unlockSlot,6700.0,,6700.0,unknown,不明,"6,700 USD (~10.8 BNB withdrawn for 0.6 BNB input)",Unknown,bsc_only,只有 BNB Smart Chain,"2025 年 2 月，BSC 上一個未驗證合約（0xde91…5278）遭重入攻擊，損失約 6,700 美元。攻擊者以 0.6 BNB 呼叫 unlockSlot(3)，再呼叫一個名稱未公開的函式（selector 0x2dad6442）領取 BNB，並在 fallback 中反覆重入同一函式，最終取回約 10.8 BNB。",依 PoC 推斷，目標合約的 0x2dad6442 函式在更新狀態前就先轉出 BNB，且未加重入鎖，攻擊合約可在收款回呼時重複觸發提領。,資料來源未記載資金追回或後續處理。,low,"Based on the DeFiHackLabs entry (root cause 'Reentrancy', lost '6700 USD') and its PoC; loss_usd uses the parsed value. The vulnerable contract is unverified and the exploited function is only known by selector 0x2dad6442, so the contract's purpose and exact state logic are unclear. Vulnerable contract 0xde91e6e937ec344e5a3c800539c41979c2d85278. [Draft: not yet independently reviewed.]",3,https://app.blocksec.com/explorer/tx/bsc/0xd7a61b07ca4dc5966d00b3cc99b03c6ab2cee688fa13b30bea08f5142023777d | https://github.com/SunWeb3Sec/DeFiHackLabs/blob/main/src/test/2025-02/unverified_35bc_exp.sol | https://x.com/TenArmorAlert/status/1893333680417890648
invistech-2025-02,2025-02-24,2025,INVISTECH,other,其他,smart_contract_bug,合約 / 程式邏輯漏洞,business_logic,業務邏輯錯誤,Pair tax price manipulation (buy tax deducted from the pair's own balance),3238.0,,3238.0,unknown,不明,5.14 WBNB,Unknown,bsc_only,只有 BNB Smart Chain,"2025 年 2 月，BSC 上的 INVISTECH 代幣遭攻擊，損失約 5.14 WBNB。攻擊者以閃電貸借入 3,000 WBNB 買入 INVISTECH，搭配預先部署並存有資金的輔助合約進行加入流動性與買入，最後把 INVISTECH 賣回交易對換取 WBNB 獲利。",INVISTECH 在轉帳任一方為交易對時收取稅費，但從 INVISTECH/WBNB 交易對買入時，稅費是直接從交易對本身的餘額扣除，使池內 INVISTECH 額外減少、價格可被操縱。,資料來源未記載資金追回或後續處理。,medium,"Based on the DeFiHackLabs entry (root cause 'Pair Tax Price Manipulation', lost '5.14 WBNB') and its PoC. USD estimated at ~USD 630/BNB (approximate BNB price on 2025-02-24): 5.14 x 630 = ~3,238. The PoC attacker EOA 0x52e38d496f8d712394d5ed55e4d4cdd21f1957de is the same one listed for the PTM incident (2025-03-06). Vulnerable token 0xAa217F7BaB90100419B99c027AdCf5f0a005C192. [Draft: not yet independently reviewed.]",3,https://bscscan.com/tx/0x92126f0bde98d360b37b7074fea6f41fd47fd19d1cced134681ff64b1aef56b8 | https://github.com/SunWeb3Sec/DeFiHackLabs/blob/main/src/test/2025-02/INVISTECH_exp.sol | https://t.me/defimon_alerts/515
pump-2025-03,2025-03-04,2025,"Pump (TAGAIFUN, GROK, PEPE, TEST tokens)",launchpad,發幣平台,smart_contract_bug,合約 / 程式邏輯漏洞,business_logic,業務邏輯錯誤,No slippage protection when token contracts interact with a pre-manipulated PancakeSwap pair,6400.0,,6400.0,unknown,不明,"~11.29 BNB (~6.4K USD) across TAGAIFUN, GROK, PEPE and TEST tokens",Unknown,bsc_only,只有 BNB Smart Chain,"2025 年 3 月，攻擊者針對 BSC 上多個採用同類 pump 合約的代幣（TAGAIFUN、GROK、PEPE、TEST）發動攻擊，合計損失約 11.29 BNB（約 6,400 美元）。攻擊者以閃電貸借入 100 WBNB，對每個代幣先用少量 BNB 買幣並直接送入 PancakeSwap 交易對、再注入 1 WBNB 自行鑄造 LP，接著以 20 BNB 呼叫代幣的 buyToken，最後把取得的代幣賣回交易對換取 WBNB。",依 PoC 推斷，這些代幣合約在 buyToken 流程中與 PancakeSwap 交易對互動時缺乏滑價保護，也未檢查交易對是否已被預先建立並扭曲比例，使攻擊者能讓合約以失真價格處理資金後再套利取走 BNB。,資料來源未記載資金追回或後續處理。,low,"Based on the DeFiHackLabs entry (root cause 'Not Slippage Protection', lost '~ $6.4K') and its PoC; loss_usd uses the parsed value (PoC header: ~11.29 BNB). The PoC does not include the vulnerable token source, so the exact internal step that lacks slippage protection is inferred from the attack sequence. Project name 'Pump' is the DeFiHackLabs label for this group of tokens. [Draft: not yet independently reviewed.]",2,https://github.com/SunWeb3Sec/DeFiHackLabs/blob/main/src/test/2025-03/Pump_exp.sol | https://x.com/TenArmorAlert/status/1897115993962635520
ptm-2025-03,2025-03-06,2025,PTM,other,其他,smart_contract_bug,合約 / 程式邏輯漏洞,access_control,權限控管缺失,Public addLiquidity spending the token contract's own PTM/USDT at a manipulated ratio,552.63,,552.63,unknown,不明,552.63 USDT,Unknown,bsc_only,只有 BNB Smart Chain,2025 年 3 月，BSC 上的 PTM 代幣遭攻擊，損失約 552.63 USDT。攻擊者以閃電貸借入 7 萬 USDT 大量買入 PTM 拉抬價格，接著呼叫 PTM 合約對外公開的 addLiquidity，迫使合約以自有的 PTM 與 USDT 在失真比例下加入流動性，再把 PTM 賣回換取 USDT。,"PTM 合約的 addLiquidity(uint256,uint256) 對外公開且未檢查呼叫者，任何人都能動用代幣合約本身持有的 PTM 與 USDT，透過 PancakeRouter 以當下被操縱的價格加入流動性。",資料來源未記載資金追回或後續處理。,medium,"Based on the DeFiHackLabs entry (root cause 'Business Logic Flaw', lost '552.63 USDT') and its PoC; loss_usd uses the parsed value. Classified as access_control because the PoC shows addLiquidity is callable by anyone and spends the contract's own balances. The attacker EOA 0x52e38d496f8d712394d5ed55e4d4cdd21f1957de also appears in the INVISTECH PoC (2025-02-24). Vulnerable token 0x2e13771622b967e9afbf0dc6c7736c6b7544b0b7. [Draft: not yet independently reviewed.]",3,https://bscscan.com/tx/0x1bb9c2a30564ed685580f17890d5fa153edb3e86cc39fe6804cfb6dbfa0cae92 | https://github.com/SunWeb3Sec/DeFiHackLabs/blob/main/src/test/2025-03/PTM_exp.sol | https://t.me/defimon_alerts/556
h2o-2025-03,2025-03-14,2025,H2O,other,其他,smart_contract_bug,合約 / 程式邏輯漏洞,business_logic,業務邏輯錯誤,Weak randomness in token mint logic (predictable random mint) with transfer/skim loop,22470.0,,22470.0,unknown,不明,"22,470 USD (BUSD / BSC-USD)",Unknown,bsc_only,只有 BNB Smart Chain,"2025 年 3 月 14 日，BSC 上的 H2O 代幣遭攻擊，損失約 22,470 美元。攻擊者透過 PancakeSwap V3 閃電貸借入 100,000 BUSD 買入 H2O，再反覆將 H2O 轉入交易對並呼叫 skim 共 50 次，藉由可預測的隨機鑄造機制取得額外 H2O 後賣出獲利；過程中另有兩筆攻擊交易因隨機檢查不符而回滾。",H2O 合約以 block.timestamp、交易對地址與前一區塊雜湊計算 keccak256 作為「隨機數」，決定轉帳時是否鑄造額外代幣；這些值在鏈上皆可預測，攻擊者能挑選有利的區塊時機觸發鑄造，並以 transfer＋skim 迴圈反覆放大持有的 H2O 數量。,資料來源未記載資金追回或後續處理。,medium,"Record based on the DeFiHackLabs entry (root cause label 'Weak Random Mint', lost 22470 USD) and the H2O_exp.sol PoC. PoC lists four attacker txs: tx1 no profit, tx2 and tx3 reverted on the random check, tx4 profitable. The BscScan tx in the candidate list (0x3b08...) is one of the reverted attempts, so it is not cited. Vulnerable contract 0xe9c4d4f095c7943a9ef5ec01afd1385d011855a1. [Draft: not yet independently reviewed.]",2,https://github.com/SunWeb3Sec/DeFiHackLabs/blob/main/src/test/2025-03/H2O_exp.sol | https://x.com/TenArmorAlert/status/1900525198157205692
wkeydao-2025-03,2025-03-16,2025,wKeyDAO,other,其他,smart_contract_bug,合約 / 程式邏輯漏洞,access_control,權限控管缺失,Unprotected buy() function in token sale contract (wKeyDaoSell),737000.0,,737000.0,unknown,不明,"~737,000 (unit not stated; assumed USD, extracted as BUSD)",Unknown,bsc_only,只有 BNB Smart Chain,"2025 年 3 月 16 日，BSC 上 wKeyDAO 的代幣銷售合約 wKeyDaoSell 遭攻擊，DeFiHackLabs 記載損失約 737,000（未註明單位，推定為美元）。攻擊者透過 DODO 閃電貸借入 1,200 BUSD，反覆呼叫銷售合約的 buy() 取得 wKeyDAO，再到 PancakeSwap 賣回 BUSD 獲利。",wKeyDaoSell 合約的 buy() 函式缺乏權限或購買資格檢查，任何人都能重複呼叫並以銷售合約設定的條件買入 wKeyDAO（PoC 註解指出總共可購買 67 次），再於 PancakeSwap 以市價賣出換取 BUSD 套利。,資料來源未記載資金追回或後續處理。,low,"Record based on the DeFiHackLabs entry (root cause 'unprotected function', lost text '737,000' with no unit) and the wKeyDAO_exp.sol PoC. loss_usd_parsed was null; the lost figure is interpreted as USD (~$737K), but the PoC header states 'Total Lost : ~767 US$', so the amount is uncertain. PoC loops buy()+sell only 5 times of a possible 67. The PoC attacker address 0x3026c464d3bd6ef0ced0d49e80f171b58176ce32 is the same address listed as attacker in the Lifeprotocol PoC (2025-04-26). [Draft: not yet independently reviewed.]",3,https://app.blocksec.com/explorer/tx/bsc/0xc9bccafdb0cd977556d1f88ac39bf8b455c0275ac1dd4b51d75950fb58bad4c8?line=12 | https://github.com/SunWeb3Sec/DeFiHackLabs/blob/main/src/test/2025-03/wKeyDAO_exp.sol | https://x.com/Phalcon_xyz/status/1900809936906711549
dcftoken-2025-03,2025-03-18,2025,DCFToken,other,其他,smart_contract_bug,合約 / 程式邏輯漏洞,business_logic,業務邏輯錯誤,Flash-loan price manipulation via DCF transfer that burns pair reserves (lack of slippage protection),442028.0,,442028.0,unknown,不明,~442k BUSD (BSC-USD),Unknown,bsc_only,只有 BNB Smart Chain,"DCF 代幣（DeFiHackLabs 記載日期為 2025 年 3 月 18 日）遭攻擊，損失約 442,000 BUSD。攻擊者從 9 個 PancakeSwap V3 池進行閃電貸，並透過 6 個 V2 交易對的閃電兌換湊得大量 BUSD，買入 DCF 與 DCT 後，利用 DCF 轉入交易對時會從交易對銷毀代幣的機制推升價格，最後賣出 DCF 與 DCT，獲利約 442,028 BUSD。",DCF 代幣的 transfer 邏輯在接收方為 PancakeSwap 交易對時，會從交易對中銷毀約一半轉帳數量的 DCF，使交易對儲備被人為減少、DCF 與 DCT 價格被抬高；攻擊者只需轉入約 82 枚 DCF 即可操縱價格後賣出（DeFiHackLabs 標註為缺乏滑點保護）。,資料來源未記載資金追回或後續處理。,medium,"Record based on the DeFiHackLabs entry (root cause 'Lack of Slippage Protection', lost '~442k') and the DCFToken_exp.sol PoC, whose comments state a profit of 442,028 BUSD (BSC-USD, valued at ~$1). The entry date 2025-03-18 is kept as given, but the PoC fork block 44,290,969, its swap deadline timestamp 1732453876 (2024-11-24) and the cited Phalcon post suggest the attack actually occurred around 2024-11-24. [Draft: not yet independently reviewed.]",3,https://bscscan.com/tx/0xb375932951c271606360b6bf4287d080c5601f4f59452b0484ea6c856defd6fd | https://github.com/SunWeb3Sec/DeFiHackLabs/blob/main/src/test/2025-03/DCFToken_exp.sol | https://x.com/Phalcon_xyz/status/1860890801909190664
bbxtoken-2025-03,2025-03-20,2025,BBXToken,other,其他,smart_contract_bug,合約 / 程式邏輯漏洞,business_logic,業務邏輯錯誤,Price manipulation via repeatable LP auto-burn triggered by zero-value transfers,11902.0,,11902.0,unknown,不明,"11,902 BUSD (BSC-USD)",Unknown,bsc_only,只有 BNB Smart Chain,"2025 年 3 月 20 日，BSC 上的 BBX 代幣遭價格操縱攻擊，損失約 11,902 BUSD。攻擊者先以少量 BNB 買入 BBX，再對自己執行 500 次零金額轉帳，反覆觸發 BBX 對流動性池的自動銷毀，使池中 BBX 大幅減少、價格飆升後賣出換取 BUSD。",BBX 合約設有從流動性池定期銷毀代幣的機制（burnRate、lastBurnTime、lastBurnGapTime），但任何轉帳（包括零金額轉帳）都能觸發，且間隔限制未能阻止同一筆交易內重複銷毀，使攻擊者可任意削減池中 BBX 儲備並操縱價格。,資料來源未記載資金追回或後續處理。,medium,"Record based on the DeFiHackLabs entry (root cause 'Price Manipulation', lost 11902 BUSD) and the BBXToken_exp.sol PoC. The entry's loss_usd_parsed (11902000000000) is an evident parsing error, so loss_usd uses 11,902 BUSD (BSC-USD) at ~$1. The second TenArmor link in the candidates (1916312483792408688) corresponds to Lifeprotocol and is not cited here. [Draft: not yet independently reviewed.]",3,https://bscscan.com/tx/0x0dd486368444598610239b934dd9e8c6474a06d11380d1cfec4d91568b5ac581 | https://github.com/SunWeb3Sec/DeFiHackLabs/blob/main/src/test/2025-03/BBXToken_exp.sol | https://x.com/TenArmorAlert/status/1902651550733906379
airwa-2025-04,2025-04-04,2025,AIRWA,other,其他,smart_contract_bug,合約 / 程式邏輯漏洞,access_control,權限控管缺失,Unprotected setBurnRate() used to burn pair tokens and manipulate price,33600.0,,33600.0,unknown,不明,$33.6K (~56.73 BNB per PoC),Unknown,bsc_only,只有 BNB Smart Chain,"2025 年 4 月 4 日，BSC 上的 AIRWA 代幣遭攻擊，損失約 33,600 美元（PoC 記載約 56.73 BNB）。攻擊者先以 0.1 BNB 買入 AIRWA，接著呼叫未受保護的 setBurnRate 將銷毀率設為 980，對交易對進行零金額轉帳觸發銷毀，使池中 AIRWA 大減、價格飆升，再將銷毀率改回 0 並賣出 AIRWA 換回 BNB。",AIRWA 合約的 setBurnRate 函式缺少權限控制，任何人都能修改銷毀率；搭配轉帳至交易對時依銷毀率從交易對銷毀代幣的邏輯，攻擊者得以大量銷毀池中 AIRWA 並操縱價格。,資料來源未記載資金追回或後續處理。,medium,"Record based on the DeFiHackLabs entry (root cause 'Access Control', lost $33.6K) and the AIRWA_exp.sol PoC (header: ~56.73 BNB). loss_usd uses the entry's parsed value. [Draft: not yet independently reviewed.]",3,https://bscscan.com/tx/0x5cf050cba486ec48100d5e5ad716380660e8c984d80f73ba888415bb540851a4 | https://github.com/SunWeb3Sec/DeFiHackLabs/blob/main/src/test/2025-04/AIRWA_exp.sol | https://x.com/TenArmorAlert/status/1908086092772900909
yvtoken-2025-04,2025-04-16,2025,YVToken,other,其他,oracle_price_manipulation,預言機 / 價格操縱,,,Flash-loan price manipulation exploiting missing slippage protection (Not Slippage Protection),15261.68,,15261.68,unknown,不明,"15,261.68 BUSD (BSC-USD)",Unknown,bsc_only,只有 BNB Smart Chain,"2025 年 4 月 16 日，BSC 上的 YVToken（PoC 中稱為 YB）遭攻擊，損失約 15,261.68 BUSD。攻擊者透過 PancakeSwap V3 閃電貸借入 19,200 BUSD，分 66 次經由新建的子合約直接與 YB/BUSD 交易對兌換買入 YB，再分 66 次賣出 YB 換回 BUSD，歸還閃電貸後獲利。",DeFiHackLabs 將根因標註為缺乏滑點保護，攻擊者利用交易對價格可在單筆交易內被閃電貸資金大幅操縱的特性，以分批買入再賣出的方式套利；PoC 未載明 YB 代幣合約中具體的缺陷程式碼。,資料來源未記載資金追回或後續處理。,low,"Record based on the DeFiHackLabs entry (root cause 'Not Slippage Protection', lost 15261.68 BUSD) and the YBToken_exp.sol PoC (token named YB in the PoC, YVToken in the entry). The entry's loss_usd_parsed (15261682404131.22) is an evident parsing error, so loss_usd uses 15,261.68 BUSD (BSC-USD) at ~$1. The PoC shows the attack flow (66 buys through fresh child contracts, then 66 sells) but not the vulnerable token code, so the category is assigned from the DeFiHackLabs label. [Draft: not yet independently reviewed.]",3,https://bscscan.com/tx/0xe1e7fa81c3761e2698aa83e084f7dd4a1ff907bcfc4a612d54d92175d4e8a28b | https://github.com/SunWeb3Sec/DeFiHackLabs/blob/main/src/test/2025-04/YBToken_exp.sol | https://x.com/TenArmorAlert/status/1912684902664782087
btnft-2025-04,2025-04-18,2025,BTNFT,nft_gaming,NFT / 遊戲,smart_contract_bug,合約 / 程式邏輯漏洞,access_control,權限控管缺失,Claim rewards without protection (transferFrom of others' NFTs to the NFT contract),19025.92,,19025.92,unknown,不明,"19,025.92 BUSD (BSC-USD), via stolen BTT rewards",Unknown,bsc_only,只有 BNB Smart Chain,"2025 年 4 月 18 日，BSC 上的 BTNFT 合約遭攻擊，損失約 19,025.92 BUSD。攻擊者遍歷所有 BTNFT 編號，逐一呼叫 transferFrom 將其他使用者持有的 NFT 轉入 BTNFT 合約本身，藉此領走這些 NFT 累積的 BTT 獎勵，隨後在第二筆交易中分 50 次將 BTT 賣成 BUSD。",BTNFT 合約在 NFT 轉入合約地址時會觸發領取 BTT 獎勵，但此路徑未驗證呼叫者是否為 NFT 持有人或已獲授權，獎勵也發送給呼叫者，使任何人都能替他人的 NFT 領取獎勵並據為己有。,資料來源未記載資金追回或後續處理。,medium,"Record based on the DeFiHackLabs entry (root cause 'Claim Rewards Without Protection', lost 19025.92 BUSD) and the BTNFT_exp.sol PoC (two txs: claim rewards, then sell BTT). The entry's loss_usd_parsed (19025919331278.62) is an evident parsing error, so loss_usd uses 19,025.92 BUSD (BSC-USD) at ~$1. [Draft: not yet independently reviewed.]",3,https://bscscan.com/tx/0x1e90cbff665c43f91d66a56b4aa9ba647486a5311bb0b4381de4d653a9d8237d | https://github.com/SunWeb3Sec/DeFiHackLabs/blob/main/src/test/2025-04/BTNFT_exp.sol | https://x.com/TenArmorAlert/status/1913500336301502542
lifeprotocol-2025-04,2025-04-26,2025,Lifeprotocol,other,其他,oracle_price_manipulation,預言機 / 價格操縱,,,Flash-loan price manipulation of internal buy/sell pricing,15114.0,,15114.0,unknown,不明,"15,114 BUSD (BSC-USD)",Unknown,bsc_only,只有 BNB Smart Chain,"2025 年 4 月 26 日，BSC 上的 Life Protocol 合約遭價格操縱攻擊，損失約 15,114 BUSD。攻擊者透過 DODO DPP 閃電貸借入 110,000 BUSD，連續呼叫 53 次 buy() 各買入 1,000 枚 LIFE 推升價格，再連續呼叫 53 次 sell() 以被抬高的價格賣出，歸還閃電貸後獲利。",Life Protocol 合約的 buy/sell 以合約內部可即時變動的價格計價，大量買入會推升價格，但賣出時價格回落幅度不足以抵銷，使攻擊者在同一筆交易內先買後賣即可套利，合約也缺乏防範閃電貸操縱的機制。,資料來源未記載資金追回或後續處理。,medium,"Record based on the DeFiHackLabs entry (root cause 'Price Manipulation', lost 15114 BUSD) and the Lifeprotocol_exp.sol PoC. The entry's loss_usd_parsed (15114000000000) is an evident parsing error, so loss_usd uses 15,114 BUSD (BSC-USD) at ~$1. The PoC attacker address 0x3026C464d3Bd6Ef0CeD0D49e80f171b58176Ce32 is the same address listed in the wKeyDAO PoC (2025-03-16). [Draft: not yet independently reviewed.]",3,https://bscscan.com/tx/0x487fb71e3d2574e747c67a45971ec3966d275d0069d4f9da6d43901401f8f3c0 | https://github.com/SunWeb3Sec/DeFiHackLabs/blob/main/src/test/2025-04/Lifeprotocol_exp.sol | https://x.com/TenArmorAlert/status/1916312483792408688
bitdog-2025-04,2025-04-27,2025,bitdog,other,其他,smart_contract_bug,合約 / 程式邏輯漏洞,access_control,權限控管缺失,Public changeRouterVersion() allowed router/pair replacement to drain contract BNB via swapAndLiquify,1260.0,,1260.0,unknown,不明,2.10 BNB,Unknown,bsc_only,只有 BNB Smart Chain,2025 年 4 月 27 日，BSC 上的 BITDOG 代幣遭攻擊，損失約 2.10 BNB。攻擊者利用公開的 changeRouterVersion 將代幣的路由器與交易對替換為自己控制的惡意合約，再以零金額轉帳觸發 swapAndLiquify，使 BITDOG 把合約內既有的 BNB 餘額當作兌換所得送入假的 addLiquidityETH，最終轉給攻擊者。,BITDOG 合約的 changeRouterVersion 函式為 public，原本應有的 onlyOwner 限制只寫在註解中而未實際生效，任何人都能替換路由器與交易對地址。,資料來源未記載資金追回或後續處理。,medium,"Record based on the DeFiHackLabs entry (root cause 'Access Control', lost 2.10 BNB) and the bitdog_exp.sol PoC, which asserts 2.1014 BNB drained from the token contract. loss_usd estimated at ~$600 per BNB (approximate late-April 2025 price): 2.10 x 600 = ~$1,260. [Draft: not yet independently reviewed.]",3,https://bscscan.com/tx/0xc0dcad5927446b9fa560be74a76efa0805e67d4c4cd486a48e9e4248287d777e | https://github.com/SunWeb3Sec/DeFiHackLabs/blob/main/src/test/2025-04/bitdog_exp.sol | https://t.me/defimon_alerts/931
flylong-2025-04,2025-04-29,2025,FlyLong,other,其他,smart_contract_bug,合約 / 程式邏輯漏洞,access_control,權限控管缺失,Balance Forgery (public balance-writing functions),1038.0,,1038.0,unknown,不明,1.73 BNB (WBNB drained from the FlyLong/WBNB PancakeSwap pair),Unknown,bsc_only,只有 BNB Smart Chain,2025 年 4 月 29 日，BSC 上的 FlyLong 代幣遭攻擊：攻擊者以閃電兌換（flash swap）從 FlyLong/WBNB 交易對借出約 99.99% 的 WBNB，並在 Pancake 回呼中偽造交易對的 FlyLong 餘額，讓恆定乘積（K 值）檢查在沒有償還的情況下通過。攻擊者最後把約 1.73 BNB 轉出，交易對內的 WBNB 幾乎被掏空。,FlyLong 合約對外公開 tokenMarketing 與 tradingTake 等可直接改寫帳戶餘額的函式，只要呼叫者的 BNB 餘額夠低就能使用。攻擊者藉此把交易對的 FlyLong 餘額改寫為原本的十萬倍，騙過交易對的 K 值檢查。,資料來源未記載資金追回或後續處理。,medium,"Record based on the DeFiHackLabs entry and PoC (src/test/2025-04/flylong_exp.sol). Per the PoC header, the balance-writing controls are gated only by the caller having a low BNB balance. USD estimate: 1.73 BNB x approx. $600/BNB (late April 2025) = ~$1,038. [Draft: not yet independently reviewed.]",3,https://bscscan.com/tx/0x45f6a7df540933b3d2b1a275fcbfc146bbd48934ffb6635c4839d8590a9efc88 | https://github.com/SunWeb3Sec/DeFiHackLabs/blob/main/src/test/2025-04/flylong_exp.sol | https://t.me/defimon_alerts/968
crosswise-2025-05,2025-05-06,2025,Crosswise,dex_amm,去中心化交易所 / AMM,smart_contract_bug,合約 / 程式邏輯漏洞,access_control,權限控管缺失,Trusted Forwarder Spoof (unprotected setTrustedForwarder in MasterChef),2495.0,,2495.0,unknown,不明,4.16 WBNB,Unknown,bsc_only,只有 BNB Smart Chain,2025 年 5 月 6 日，Crosswise 的 MasterChef 合約遭攻擊：攻擊者先把自己設為受信任轉發者（trusted forwarder），再偽冒合約擁有者把 0 號池的存入手續費調成 100%，並偽冒一名已授權 MasterChef 的質押者存入他全部的 CRSS。這些手續費被導入 CRSS/WBNB 交易對後，攻擊者從中換出約 4.16 WBNB。,MasterChef 的 setTrustedForwarder 函式沒有任何權限控管，任何人都能成為受信任轉發者；合約的 _msgSender() 會在呼叫來自轉發者時讀取 calldata 尾端附加的地址，攻擊者因此能任意偽冒擁有者及其他使用者，執行受保護的操作。,資料來源未記載資金追回或後續處理。,medium,"Record based on the DeFiHackLabs entry and PoC (src/test/2025-05/crosswise_exp.sol). USD estimate: 4.158 WBNB (exact PoC profit) x approx. $600/BNB (early May 2025) = ~$2,495. The attacker EOA 0xc49f2938327aA2cDc3F2f89Ed17B54b3671F05dE is the same one listed in the BetaPresale (2025-05-19) PoC. The same setTrustedForwarder flaw in Crosswise's MasterChef was widely reported as the cause of Crosswise's January 2022 exploit; this 2025 event reuses it on the still-deployed contract. [Draft: not yet independently reviewed.]",3,https://bscscan.com/tx/0xfe88443d73e8ae6d4799c4d3cc42488730c084624fd2daa5f035c1ad2927ea0f | https://github.com/SunWeb3Sec/DeFiHackLabs/blob/main/src/test/2025-05/crosswise_exp.sol | https://t.me/defimon_alerts/1002
mbutoken-2025-05,2025-05-11,2025,MBU Token,other,其他,smart_contract_bug,合約 / 程式邏輯漏洞,undisclosed,細節未公開,Excessive MBU mint via deposit (price manipulation not confirmed),2160000.0,,2160000.0,unknown,不明,~2.16M BUSD (stablecoin obtained by selling minted MBU),Unknown,bsc_only,只有 BNB Smart Chain,"2025 年 5 月 11 日，MBU 代幣相關合約遭攻擊：攻擊者只用 0.001 WBNB 呼叫一個 ERC1967 代理合約（0x95e9…8531）的 deposit 函式，就取得至少 3,000 萬枚 MBU，隨即在 PancakeSwap 把 3,000 萬枚 MBU 賣成約 216 萬美元的穩定幣。攻擊交易透過 BlockRazor 的 MEV 保護通道送出。",代理合約的 deposit 函式在計算應發放的 MBU 數量時嚴重失準，極少量 WBNB 存款就能換得巨量 MBU。由於實作合約未開源，DeFiHackLabs 將根因標為「價格操縱未經證實」，確切的程式缺陷細節未公開。,資料來源未記載資金追回或後續處理。,low,"Record based on the DeFiHackLabs entry and PoC (src/test/2025-05/MBUToken_exp.sol, author rotcivegaf). DeFiHackLabs labels the root cause 'Price Manipulation not confirmed'; the PoC shows only that deposit(WBNB, 0.001 ether) on proxy 0x95e9...8531 yielded enough MBU to sell 30,000,000 MBU, so vuln_pattern is set to 'undisclosed'. The lost text says BUSD, but the PoC's output token 0x55d398326f99059fF775485246999027B3197955 is Binance-Peg BSC-USD (USDT). USD estimate: ~2.16M stablecoin at ~$1 = ~$2,160,000. [Draft: not yet independently reviewed.]",3,https://bscscan.com/tx/0x2a65254b41b42f39331a0bcc9f893518d6b106e80d9a476b8ca3816325f4a150 | https://github.com/SunWeb3Sec/DeFiHackLabs/blob/main/src/test/2025-05/MBUToken_exp.sol | https://x.com/CertiKAlert/status/1921483904483000457
bitallx-2025-05,2025-05-16,2025,Bitallx,other,其他,smart_contract_bug,合約 / 程式邏輯漏洞,input_validation,輸入驗證缺失 / 任意外部呼叫,Payout Amount Mismatch (sum of amounts not bounded by totalSendAmount),2029.47,,2029.47,unknown,不明,"2,029.47 USDT",Unknown,bsc_only,只有 BNB Smart Chain,"2025 年 5 月 16 日，Bitallx 的支付合約遭攻擊：攻擊者呼叫 BitallxPayOut 時把 totalSendAmount 設成 0，卻在 amount 陣列中填入等同受害合約全部 USDT 餘額的金額，把合約內約 2,029.47 USDT 直接轉走。整個攻擊在一筆交易內完成，不需要任何本金。",BitallxPayOut 只用 totalSendAmount 檢查授權額度與餘額，卻從未驗證 amount 陣列的加總是否不超過 totalSendAmount，導致呼叫者可以讓合約用自己持有的資金支付任意金額。,資料來源未記載資金追回或後續處理。,medium,Record based on the DeFiHackLabs entry and PoC (src/test/2025-05/bitallx_exp.sol). loss_usd taken from the parsed DeFiHackLabs value (USDT at ~$1). [Draft: not yet independently reviewed.],3,https://bscscan.com/tx/0x1fe893e4d8370a8d6da590b32f66bd032217bac2e56bd2bf0de2a9df9c7117dd | https://github.com/SunWeb3Sec/DeFiHackLabs/blob/main/src/test/2025-05/bitallx_exp.sol | https://t.me/defimon_alerts/1065
betapresale-2025-05,2025-05-19,2025,BetaPresale (BETA PresaleBEP20),launchpad,發幣平台,smart_contract_bug,合約 / 程式邏輯漏洞,access_control,權限控管缺失,"Access Control (public set() of presale withdrawAddress, per-sender deposit cap bypass)",1295.57,,1295.57,unknown,不明,1.921686798824852706 WBNB and 46.474821659738262175 BUSD,Unknown,bsc_only,只有 BNB Smart Chain,2025 年 5 月 19 日，BETA 代幣的預售合約 PresaleBEP20 遭攻擊：攻擊者從 DODO 閃電貸借入 100 WBNB，透過 70 個新建合約輪流呼叫 set() 把提款地址改成自己的合約，再各存入 100 BNB，存款隨即回流到攻擊者手上，等於白拿了大量預售 BETA。攻擊者接著把 BETA 賣進 BETA/BUSD 與 BETA/WBNB 交易對並償還閃電貸，獲利約 1.92 WBNB 與 46.47 BUSD。,PresaleBEP20 的 set(address) 函式公開且沒有權限檢查，任何人都能修改提款地址；再加上 deposit() 的 100 BNB 上限只按 msg.sender 計算，且存款會立刻轉給可被竄改的 withdrawAddress，攻擊者便能用同一筆資金反覆參與預售。,資料來源未記載資金追回或後續處理。,medium,"Record based on the DeFiHackLabs entry and PoC (src/test/2025-05/BetaPresale_exp.sol). The pipeline's loss_usd_parsed (46,474,821,659.74) is a parsing artifact that concatenated the digits of the BUSD amount, so it was not used. USD estimate: 1.9217 WBNB x approx. $650/BNB (mid-May 2025) + 46.47 BUSD = ~$1,295.57. The attacker EOA 0xc49f2938327aA2cDc3F2f89Ed17B54b3671F05dE is the same one listed in the Crosswise (2025-05-06) PoC. [Draft: not yet independently reviewed.]",3,https://bscscan.com/tx/0x47670c20325924e89aa87fcdd41df88c21246bd972056736e7964799831abf12 | https://github.com/SunWeb3Sec/DeFiHackLabs/blob/main/src/test/2025-05/BetaPresale_exp.sol | https://t.me/defimon_alerts/1092
dumbo-2025-05,2025-05-25,2025,Dumbo (DUM),staking,質押服務,smart_contract_bug,合約 / 程式邏輯漏洞,business_logic,業務邏輯錯誤,Business Logic Flaw (repeatable public reward distribute()),628.45,,628.45,unknown,不明,628.45 BUSD,Unknown,bsc_only,只有 BNB Smart Chain,"2025 年 5 月 25 日，Dumbo（DUM）質押協議遭攻擊：攻擊者以閃電兌換從 ApeSwap 的 WBNB/BUSD 交易對借入 6,900 BUSD，買入並質押 DUM，接著在同一筆交易中兩度連續呼叫公開的 distribute() 各 1,950 次並多次 rebase，把獎勵反覆鑄入自己的質押部位。攻擊者解除質押後賣出膨脹的 DUM，償還借款後轉出約 628.45 BUSD。",Dumbo 的獎勵分配合約 distribute() 可由任何外部呼叫者重複觸發，沒有限制分配頻率，使獎勵鑄造能在單筆交易內不斷疊加，攻擊者因此以灌水的 DUM 掏空 DUM/BUSD 交易對。,資料來源未記載資金追回或後續處理。,medium,"Record based on the DeFiHackLabs entry and PoC (src/test/2025-05/Dumbo_exp.sol). The pipeline's loss_usd_parsed (628,450,000,000) is a parsing artifact, so it was not used; loss_usd is 628.45 BUSD at ~$1. The victim distributor contract is unverified. [Draft: not yet independently reviewed.]",3,https://bscscan.com/tx/0xbfd59a18d4500649c6a15e578fdd0a05fdef5b932f3e3d51b8e2a5640cd4fb6c | https://github.com/SunWeb3Sec/DeFiHackLabs/blob/main/src/test/2025-05/Dumbo_exp.sol | https://t.me/defimon_alerts/1181
unverified-0000-2025-05,2025-05-25,2025,Unverified contract 0x000004A7...0000,other,其他,smart_contract_bug,合約 / 程式邏輯漏洞,access_control,權限控管缺失,Access Control (unprotected token-drain selector 0x88417d5c),5658.46,,5658.46,unknown,不明,"5,658.46 USD (USDT, aBnbETH and HODL)",Unknown,bsc_only,只有 BNB Smart Chain,"2025 年 5 月 25 日，BSC 上一個未開源、地址為 0x000004A7…0000 的合約遭攻擊：任何人都能呼叫它的函式選擇器 0x88417d5c 並指定代幣與數量，讓合約把持有的 ERC20 轉給呼叫者。攻擊者藉此轉走合約內的 USDT、aBnbETH 與 HODL，損失約 5,658.46 美元。",受害合約雖然有 Ownable 的 owner 設定，但選擇器 0x88417d5c 對應的代幣提領路徑並沒有套用擁有者（或儲存槽擁有者）檢查，屬於缺少權限控管。,資料來源未記載資金追回或後續處理。,medium,"Record based on the DeFiHackLabs entry and PoC (src/test/2025-05/unverified_0000_exp.sol). The victim is an unverified vanity-address contract whose purpose is not documented in the source material, so project_type is 'other'. loss_usd taken from the parsed DeFiHackLabs value. [Draft: not yet independently reviewed.]",3,https://bscscan.com/tx/0x7ca804d016be67c570a10a620b9ae3027fd6b03d0965da3ec78912be067af024 | https://github.com/SunWeb3Sec/DeFiHackLabs/blob/main/src/test/2025-05/unverified_0000_exp.sol | https://t.me/defimon_alerts/1184
ydt-2025-05,2025-05-26,2025,YDT,other,其他,smart_contract_bug,合約 / 程式邏輯漏洞,access_control,權限控管缺失,Logic Flaw (unauthorized token transfer out of LP pair via selector 0xec22f4c7),41000.0,,41000.0,unknown,不明,41k USD (USDT from the YDT/USDT PancakeSwap pair),Unknown,bsc_only,只有 BNB Smart Chain,2025 年 5 月 26 日，YDT 代幣遭攻擊：攻擊者呼叫 YDT 合約中選擇器為 0xec22f4c7 的函式，並把稅務模組（tax module）地址當作參數傳入，就把 YDT/USDT 交易對裡幾乎全部的 YDT 轉到自己名下。攻擊者接著呼叫 sync() 更新儲備量，再把 YDT 賣回交易對換走 USDT，損失約 4.1 萬美元。,YDT 合約的 0xec22f4c7 函式允許呼叫者自行指定來源與目的地址直接搬移代幣；PoC 顯示只要把稅務模組地址當作參數傳入即可成功執行，合約並未驗證呼叫者本身的權限，導致任何人都能掏空流動性交易對的 YDT。,資料來源未記載資金追回或後續處理。,medium,"Record based on the DeFiHackLabs entry (root cause 'Logic Flaw') and PoC (src/test/2025-05/YDTtoken_exp.sol), which has no header commentary. The access-control reading comes from the PoC call pattern (from=pair, to=attacker, amount, taxModule) and is not confirmed by verified source. loss_usd taken from the parsed DeFiHackLabs value. [Draft: not yet independently reviewed.]",2,https://github.com/SunWeb3Sec/DeFiHackLabs/blob/main/src/test/2025-05/YDTtoken_exp.sol | https://x.com/TenArmorAlert/status/1926587721885040686
dogealliance-2025-05,2025-05-31,2025,DogeAlliance (DOGEALLY),other,其他,smart_contract_bug,合約 / 程式邏輯漏洞,business_logic,業務邏輯錯誤,Price Manipulation (LP reserve desync via 1-wei transfer + sync),990.33,,990.33,unknown,不明,990.33 USD (WBNB and BUSD from DOGEALLY liquidity pairs),Unknown,bsc_only,只有 BNB Smart Chain,2025 年 5 月 31 日，DogeAlliance（DOGEALLY）代幣的流動性池遭攻擊：攻擊者從 DODO 閃電貸借入 0.01 WBNB，經 CAKE 換成 DOGEALLY 後，分別向三個 DOGEALLY 交易對轉入 1 wei 的 DOGEALLY 並呼叫 sync()。儲備量被改寫後，攻擊者把 DOGEALLY 賣回這些交易對換得 WBNB 與 BUSD，損失約 990.33 美元。,DOGEALLY 交易對的儲備量可以被直接轉帳加上無須權限的 sync() 強制改寫，使交易對內的 DOGEALLY 儲備只剩 1 wei、另一側資產卻仍然龐大，攻擊者便能用極少量 DOGEALLY 換出大量 WBNB 與 BUSD。,資料來源未記載資金追回或後續處理。,medium,Record based on the DeFiHackLabs entry (root cause 'Price Manipulation') and PoC (src/test/2025-05/DogeAlliance_exp.sol). Classified as a business_logic (transfer/sync reserve desync) bug rather than oracle manipulation because the pairs' own reserves were corrupted; the PoC does not explain why a 1-wei transfer leaves a 1-wei reserve (DOGEALLY is a proxy token with implementation 0xf2765a...FAA8). loss_usd taken from the parsed DeFiHackLabs value. [Draft: not yet independently reviewed.],3,https://bscscan.com/tx/0xcf2b8c46e5f6f761a716619800de6754058921cbde0cd5ff12cd2ce4ea6a818d | https://github.com/SunWeb3Sec/DeFiHackLabs/blob/main/src/test/2025-05/DogeAlliance_exp.sol | https://t.me/defimon_alerts/1215
token-factory-2025-06,2025-06-08,2025,TokenFactory,launchpad,發幣平台,smart_contract_bug,合約 / 程式邏輯漏洞,input_validation,輸入驗證缺失 / 任意外部呼叫,Business Logic Flaw (unvalidated caller-supplied router/factory),657.17,,657.17,unknown,不明,657.17 USD (WBNB reserves from HODOGE/WBNB LP tokens held by TokenFactory),Unknown,bsc_only,只有 BNB Smart Chain,2025 年 6 月 8 日，BSC 上的 TokenFactory 代幣發行合約遭攻擊，損失約 657 美元。攻擊者呼叫 createTokenAndAddLiquidity 時傳入自製的假 Router 與假 Factory，使新建代幣被登記為既有 HODOGE/WBNB PancakeSwap 交易對的代幣。接著透過 transferPair 將 TokenFactory 原本卡在合約內的該交易對 LP 代幣轉入交易對並銷毀，取走其中的 WBNB 儲備。,TokenFactory 信任呼叫者自行提供的 swapRouter 與 swapFactory 位址，也沒有驗證 getPair 回傳的交易對確實屬於新建立的代幣，因此攻擊者能把任意既有交易對綁定到自己的代幣上，再藉 transferPair 轉走合約持有的 LP 代幣。,資料來源未記載資金追回或後續處理。,medium,"Record based on the DeFiHackLabs entry and PoC (TokenFactory_exp.sol). Loss uses the DeFiHackLabs parsed value (657.17 USD). DeFiHackLabs labels the root cause Business Logic Flaw; classified here as input_validation because the factory trusted attacker-supplied router/factory contracts. Attacker 0xc49F2938327aa2cDc3F2f89Ed17b54B3671F05DE also appears in the WaleCoin, SinstakeZombie and TokenVault PoCs. [Draft: not yet independently reviewed.]",3,https://bscscan.com/tx/0xf74bf7f41c8ca380d439dd94eab95d1bbb1f6fc934e69f2e42eb3325def8514a | https://github.com/SunWeb3Sec/DeFiHackLabs/blob/main/src/test/2025-06/TokenFactory_exp.sol | https://t.me/defimon_alerts/1242
bit-crown-2025-06,2025-06-09,2025,BitCrown,other,其他,smart_contract_bug,合約 / 程式邏輯漏洞,access_control,權限控管缺失,Access Control (unprotected distributor batch-transfer function),7939.27,,7939.27,unknown,不明,"7,939.27 USD (100,000 BITCROWN pulled from the distributor and sold for USDT)",Unknown,bsc_only,只有 BNB Smart Chain,"2025 年 6 月 9 日，BitCrown 代幣的分發合約（Distributor）遭攻擊，損失約 7,939 美元。攻擊者部署一個只在建構子中執行的輔助合約，呼叫分發合約中未公開原始碼的函式（selector 0x1239ec8c），把 100,000 枚 BITCROWN 從分發合約轉給自己，再透過 PancakeSwap 換成 USDT。",分發合約暴露一個沒有權限控管的批次轉帳入口，任何人都能自行指定代幣、收款位址清單與數量，直接從分發合約自身的代幣餘額轉出資產。,資料來源未記載資金追回或後續處理。,medium,"Record based on the DeFiHackLabs entry and PoC (BitCrown_exp.sol). Loss uses the DeFiHackLabs parsed value (7,939.27 USD). The vulnerable distributor function is unverified (selector 0x1239ec8c); behavior is inferred from the PoC. [Draft: not yet independently reviewed.]",3,https://bscscan.com/tx/0x442ce0af4d10b23968a66b0b53d7b95f5bb611d55f19dc5a1963c763f65128f0 | https://github.com/SunWeb3Sec/DeFiHackLabs/blob/main/src/test/2025-06/BitCrown_exp.sol | https://t.me/defimon_alerts/1243
unverified-8490-2025-06,2025-06-10,2025,Unverified_8490 (unverified contract 0x8490AA88...1294),other,其他,smart_contract_bug,合約 / 程式邏輯漏洞,access_control,權限控管缺失,Access Control (unprotected function in unverified contract),48300.0,,48300.0,unknown,不明,48.3K USD,Unknown,bsc_only,只有 BNB Smart Chain,"2025 年 6 月 10 日，BSC 上一個未公開原始碼的合約（0x8490…1294）遭攻擊，損失約 4.83 萬美元。攻擊者從 PancakeSwap V3 池閃電貸借入 9,350 枚代幣，先在 PancakeSwap 換成目標代幣（0x0B9d…4444），接著呼叫該未驗證合約中沒有權限檢查的函式（selector 0x5ff02eae），再把目標代幣換回並償還閃電貸，保留差額作為獲利。",未驗證合約的 0x5ff02eae 函式可被任意位址呼叫，缺乏存取控制。從 PoC 推斷，該函式會動用合約自身資金操作目標代幣的交易對（例如買入推高價格），讓先行買入的攻擊者能以較高價格賣出；由於原始碼未公開，確切內部邏輯不明。,資料來源未記載資金追回或後續處理。,low,"Record based on the DeFiHackLabs entry and PoC (unverified_8490_exp.sol). Loss uses the DeFiHackLabs parsed value (48.3K USD). The vulnerable contract is unverified and the PoC only shows a call to selector 0x5ff02eae between a buy and a sell, so the internal mechanism is inferred. The PoC header links the attack contract on etherscan.io, but the attack tx and fork are on BSC, so the incident is treated as BSC. [Draft: not yet independently reviewed.]",3,https://bscscan.com/tx/0x9191153c8523d97f3441a08fef1da5e4169d9c2983db9398364071daa33f59d1 | https://github.com/SunWeb3Sec/DeFiHackLabs/blob/main/src/test/2025-06/unverified_8490_exp.sol | https://x.com/TenArmorAlert/status/1932309011564781774
ts-aggregator-generic-2025-06,2025-06-14,2025,TSAggregatorGeneric,dex_amm,去中心化交易所 / AMM,smart_contract_bug,合約 / 程式邏輯漏洞,input_validation,輸入驗證缺失 / 任意外部呼叫,Arbitrary external call in swapIn draining user approvals,1300.0,,1300.0,unknown,不明,"1,300 USD (USDT)",Unknown,bsc_only,只有 BNB Smart Chain,"2025 年 6 月 14 日，BSC 上的 TSAggregatorGeneric 交易聚合器合約遭攻擊，損失約 1,300 美元（USDT）。攻擊者以 0 WBNB 作為輸入呼叫 swapIn，並把 swapRouter 設為 USDT 合約、data 設為 transferFrom(受害者, 攻擊合約, 金額) 的呼叫資料，讓聚合器動用受害者先前給予的 USDT 授權，把受害者的 USDT 全數轉走。",swapIn 允許呼叫者任意指定外部呼叫的目標合約與呼叫資料，沒有限制目標必須是合法的 DEX Router；由於受害者曾授權聚合器動用 USDT，攻擊者便能藉這個任意呼叫盜用使用者的授權額度。,資料來源未記載資金追回或後續處理。,medium,"Record based on the DeFiHackLabs entry and PoC (TSAggregatorGeneric_exp.sol). Loss uses the DeFiHackLabs parsed value (1,300 USD; PoC header says 1,300 USDT). DeFiHackLabs labels it Business Logic Flaw; classified here as input_validation (arbitrary call draining approvals). [Draft: not yet independently reviewed.]",3,https://bscscan.com/tx/0x077ea419bd5f0a20dc8f3da1281fbc96d6893201ebfd237742d01ae00a78e610 | https://github.com/SunWeb3Sec/DeFiHackLabs/blob/main/src/test/2025-06/TSAggregatorGeneric_exp.sol | https://t.me/defimon_alerts/1278
wale-coin-2025-06,2025-06-15,2025,WaleCoin (WAL-E Coin),other,其他,smart_contract_bug,合約 / 程式邏輯漏洞,access_control,權限控管缺失,Access Control (re-callable initialize on live proxy),918.83,,918.83,unknown,不明,918.83 USD (~1.415 BNB held by the token contract),Unknown,bsc_only,只有 BNB Smart Chain,2025 年 6 月 15 日，WAL-E Coin（WaleCoin）代幣的代理合約遭攻擊，損失約 918.83 美元（約 1.415 BNB）。攻擊者部署一個偽裝成 DEX Router 的惡意合約，呼叫已上線代理合約的 initialize(address)，把自己設為 owner 與 router，再呼叫 triggerZeusBuyback，以回購名義把代幣合約持有的 BNB 全數送到惡意 Router 並轉給攻擊者。,RewardsChain 實作合約的 initialize(address) 在部署後仍可被任何人再次呼叫，缺乏初始化保護與權限檢查，會覆寫 owner、router、交易對與授權設定；攻擊者取得授權後，就能觸發回購函式把合約內的 BNB 送到自己控制的 Router。,資料來源未記載資金追回或後續處理。,medium,"Record based on the DeFiHackLabs entry and PoC (WaleCoin_exp.sol). Loss uses the DeFiHackLabs parsed value (918.83 USD); the PoC header gives 1.415367204023272901 BNB. The bug is a re-callable initialize on a live proxy (could also be viewed as proxy re-initialization). Attacker 0xc49F2938327aa2cDc3F2f89Ed17b54B3671F05DE also appears in the TokenFactory, SinstakeZombie and TokenVault PoCs. [Draft: not yet independently reviewed.]",3,https://bscscan.com/tx/0xa3607a9db9ef422f19d341f728f5eaff3514358b7fe7d46aaf5de059ca67cd64 | https://github.com/SunWeb3Sec/DeFiHackLabs/blob/main/src/test/2025-06/WaleCoin_exp.sol | https://t.me/defimon_alerts/1279
bankroll-network-2025-06,2025-06-19,2025,Bankroll Network,yield_vault,收益金庫,smart_contract_bug,合約 / 程式邏輯漏洞,business_logic,業務邏輯錯誤,Incorrect dividends calculation (flash-swap donate/buy/sell/withdraw),15800.0,,15800.0,unknown,不明,24.5 WBNB,Unknown,bsc_only,只有 BNB Smart Chain,"2025 年 6 月 19 日，Bankroll Network 的 WBNB 分紅池合約遭攻擊，損失 24.5 WBNB（約 1.58 萬美元）。攻擊者從 PancakeSwap WBNB/USDT 交易對閃電兌換借入 2,000 WBNB，先用 donatePool 捐入 1,000 WBNB，再 buy 240 WBNB 的份額。接著賣出全部份額、補轉約 94 WBNB 到合約後呼叫 withdraw，償還 2,005.2 WBNB 後仍有獲利。",Bankroll Network 的分紅計算邏輯有缺陷：捐入分紅池的資金可被同一筆交易中新買入的持有者立即計入並提領，使攻擊者賣出後透過 withdraw 領回的 WBNB 超過捐入、買入與補轉資金的總和。,資料來源未記載資金追回或後續處理。,medium,"Record based on the DeFiHackLabs entry and PoC (BankrollNetwork_exp.sol). No parsed USD value; loss estimated as 24.5 WBNB x ~645 USD/BNB (approximate BNB price around 2025-06-19, consistent with the implied BNB price in same-period DeFiHackLabs entries), about 15,800 USD. [Draft: not yet independently reviewed.]",3,https://bscscan.com/tx/0x7226b3947c7e8651982e5bd777bca52d03ea31d19b515dec123595a4435ae22c | https://github.com/SunWeb3Sec/DeFiHackLabs/blob/main/src/test/2025-06/BankrollNetwork_exp.sol | https://x.com/TenArmorAlert/status/1935618109802459464
bankroll-stack-2025-06,2025-06-19,2025,BankrollStack,yield_vault,收益金庫,smart_contract_bug,合約 / 程式邏輯漏洞,business_logic,業務邏輯錯誤,Incorrect dividends calculation (flash-loan buy/sell/withdraw),5000.0,,5000.0,unknown,不明,5k USD (BUSD),Unknown,bsc_only,只有 BNB Smart Chain,"2025 年 6 月 19 日，BankrollStack 分紅池合約遭攻擊，損失約 5,000 美元。攻擊者從 PancakeSwap V3 池閃電貸借入 28,300 BUSD，全數呼叫 buy 買入份額，隨即用 sell 賣出全部份額並呼叫 withdraw 提領，取回的 BUSD 多於投入，償還 28,302.83 BUSD 後保留差額。",BankrollStack 的分紅計算有誤：同一筆交易中剛買入的持有者在賣出後，就能透過 withdraw 領取超過應得的分紅，讓短暫持有的閃電貸部位從合約抽走多於本金的 BUSD。,資料來源未記載資金追回或後續處理。,medium,Record based on the DeFiHackLabs entry and PoC (BankrollStack_exp.sol). Loss uses the DeFiHackLabs parsed value (5k USD). The PoC shows only buy -> sell -> withdraw; the dividend-accounting explanation follows the DeFiHackLabs root-cause label (Incorrect dividends calculation). [Draft: not yet independently reviewed.],3,https://bscscan.com/tx/0x0706425beba4b3f28d5a8af8be26287aa412d076828ec73d8003445c087af5fd | https://github.com/SunWeb3Sec/DeFiHackLabs/blob/main/src/test/2025-06/BankrollStack_exp.sol | https://x.com/Phalcon_xyz/status/1943518566831296566
base-price-pool-2025-06,2025-06-19,2025,BasePricePool,other,其他,oracle_price_manipulation,預言機 / 價格操縱,,,Price Manipulation (flash-loan manipulated QCD->GOUT redemption pricing),802.57,,802.57,unknown,不明,802.57 USD (USDT),Unknown,bsc_only,只有 BNB Smart Chain,"2025 年 6 月 19 日，BSC 上的 BasePricePool 合約遭價格操縱攻擊，損失約 803 美元。攻擊者從 DODO 池閃電貸借入 1,900 USDT，在 PancakeSwap 買入 QCD 後呼叫 withdrawGOUT，用 QCD 兌換 GOUT，再把 GOUT 賣回 USDT，償還閃電貸後保留約 800 USDT 獲利。",withdrawGOUT 計算 GOUT 支付額時，使用轉入後的 QCD 數量，並以由代幣與交易對餘額推算、可被操縱的 QCD 流通量作為分母；攻擊者用閃電貸即時買入 QCD 改變相關餘額，就能以低於價值的成本兌換出更多 GOUT。,資料來源未記載資金追回或後續處理。,medium,Record based on the DeFiHackLabs entry and PoC (BasePricePool_exp.sol). Loss uses the DeFiHackLabs parsed value (802.57 USD). [Draft: not yet independently reviewed.],3,https://bscscan.com/tx/0x21cbcc96cd7e31bcb5a724c7ae2ad886c0782d73f83dcbf49cf64f2c2eee4a51 | https://github.com/SunWeb3Sec/DeFiHackLabs/blob/main/src/test/2025-06/BasePricePool_exp.sol | https://t.me/defimon_alerts/1306
sinstake-zombie-2025-06,2025-06-19,2025,SinstakeZombie (SinstakeNetworkZombie),yield_vault,收益金庫,smart_contract_bug,合約 / 程式邏輯漏洞,business_logic,業務邏輯錯誤,Incorrect dividends calculation (flash-swap donate/buy/sell/withdraw),705.13,,705.13,unknown,不明,705.13 USD (~1.10 WBNB from the ZOMBIE/WBNB BSCswap pair),Unknown,bsc_only,只有 BNB Smart Chain,2025 年 6 月 19 日，SinstakeNetworkZombie 分紅池合約遭攻擊，損失約 705 美元。攻擊者透過 BSCswap ZOMBIE/WBNB 交易對的閃電兌換借入 ZOMBIE，依序呼叫 donatePool、buy、sell、withdraw，從合約取出比借入本金更多的 ZOMBIE。償還閃電兌換後，攻擊者把多出的 ZOMBIE 在同一交易對換成約 1.10 WBNB。,合約的分紅計算有誤：捐入分紅池的資金可被同一筆交易中新買入的持有者立即領取，因此攻擊者用暫時借來的 ZOMBIE 買入份額、賣出後再 withdraw，就能領回多於投入的 ZOMBIE。,資料來源未記載資金追回或後續處理。,medium,"Record based on the DeFiHackLabs entry and PoC (SinstakeZombie_exp.sol). Loss uses the DeFiHackLabs parsed value (705.13 USD); the PoC shows about 1.1017 WBNB profit. Same donatePool/buy/sell/withdraw dividend-pool pattern as the BankrollStack and BankrollNetwork incidents on the same date. Attacker 0xc49F2938327aa2cDc3F2f89Ed17b54B3671F05DE also appears in the TokenFactory, WaleCoin and TokenVault PoCs. [Draft: not yet independently reviewed.]",3,https://bscscan.com/tx/0x8b8e655c0ab0cd400e23e6d6a935aa23226a8a060bb37f40663f2d81ee63b94f | https://github.com/SunWeb3Sec/DeFiHackLabs/blob/main/src/test/2025-06/SinstakeZombie_exp.sol | https://t.me/defimon_alerts/1319
holdsafe-2025-06,2025-06-20,2025,HoldSafe,staking,質押服務,oracle_price_manipulation,預言機 / 價格操縱,,,Price Manipulation (spot-price valuation of staking deposits and referral rewards),4824.96,,4824.96,unknown,不明,"4,824.96 USD (taken as WBNB)",Unknown,bsc_only,只有 BNB Smart Chain,"2025 年 6 月，BSC 上 HoldSafe（Hold Safe）質押合約遭到價格操縱攻擊，損失約 4,824.96 美元。攻擊者使用閃電貸資金暫時扭曲 HS 代幣在 PancakeSwap 上的報價，讓低價值的 HS 被系統當成高額 USDT 質押，並利用推薦獎勵機制套利獲利。",質押與推薦獎勵的計價依賴 PancakeSwap 路由的即時報價（getAmountsOut），而這個報價可在單筆交易內被操縱，導致質押金額與獎勵價值被高估。,資料來源未記載資金追回或後續處理。,medium,"Record based on the DeFiHackLabs entry and PoC header (Total Lost 4,824.96 USD). loss_usd taken from the parsed DeFiHackLabs value. Classified as oracle/spot-price manipulation because the staking contract values HS deposits and rewards using a manipulable AMM quote. [Draft: not yet independently reviewed.]",3,https://bscscan.com/tx/0xa9b4cead820eaa750d72cd4ba4ba4d926c2db867746c637a1642ea4ab9721399 | https://github.com/SunWeb3Sec/DeFiHackLabs/blob/main/src/test/2025-06/HoldSafe_exp.sol | https://t.me/defimon_alerts/1320
token-vault-2025-06,2025-06-20,2025,TokenVault,yield_vault,收益金庫,smart_contract_bug,合約 / 程式邏輯漏洞,business_logic,業務邏輯錯誤,Incorrect dividends calculation (flash-swap donate/deposit/resolve/harvest),3226.51,,3226.51,unknown,不明,"3,226.51 USD (~4.98 WBNB)",Unknown,bsc_only,只有 BNB Smart Chain,"2025 年 6 月 20 日，BSC 上的 TokenVault（WBNB 分紅金庫）遭攻擊，損失約 3,227 美元。攻擊者從 PancakeSwap WBNB/USDT 交易對閃電兌換借入 4 WBNB，先捐入 2 WBNB 到 drip 分紅池，再存入約 1.11 WBNB 取得份額，隨即 resolve 份額並 harvest 領取約 8.11 WBNB 分紅，償還 4.0104 WBNB 後獲利約 4.98 WBNB。",TokenVault 在分配存款手續費之前就先把新存入的份額計入總份額，而且允許同一筆交易中的持有者 resolve 後立即 harvest 既有的 drip 與手續費分紅，使短暫持有的部位能領回多於捐入與存入本金的 WBNB。,資料來源未記載資金追回或後續處理。,medium,"Record based on the DeFiHackLabs entry and PoC (TokenVault_exp.sol). Loss uses the DeFiHackLabs parsed value (3,226.51 USD); the PoC reproduces about 4.98 WBNB profit on the WBNB TokenVault (tx 0x3de562f2...e555), while the BscScan link in the DeFiHackLabs entry (tx 0x00e5c8e3...d763) is the related BUSD TokenVault transaction noted in the PoC. Attacker 0xc49F2938327aa2cDc3F2f89Ed17b54B3671F05DE also appears in the TokenFactory, WaleCoin and SinstakeZombie PoCs. [Draft: not yet independently reviewed.]",3,https://bscscan.com/tx/0x00e5c8e39eece020ad21d965402d2f9248f0a6ab62030830b12f9823c2b6d763 | https://github.com/SunWeb3Sec/DeFiHackLabs/blob/main/src/test/2025-06/TokenVault_exp.sol | https://t.me/defimon_alerts/1325
unverified-b5cb-2025-06,2025-06-25,2025,Unverified contract 0xb5cb,other,其他,smart_contract_bug,合約 / 程式邏輯漏洞,access_control,權限控管缺失,Access Control (unprotected asset-moving function on unverified contract),2000000.0,,2000000.0,unknown,不明,"About 2M USD in multiple BEP-20 assets (e.g. WBNB, ETH, USDT, USDC and other tokens)",Unknown,bsc_only,只有 BNB Smart Chain,2025 年 6 月，BSC 上一個未經原始碼驗證、地址開頭為 0xb5cb 的合約遭到攻擊，損失約 200 萬美元。攻擊者直接呼叫受害合約中可轉移資產的函式，將 WBNB、ETH、USDT 等多種代幣轉走，另有數筆類似攻擊交易。,受害合約中負責移轉資產的函式缺乏適當的權限檢查，任何外部呼叫者都能觸發並指定資金流向。由於合約未公開原始碼，PoC 未能完整解碼呼叫內容。,資料來源未記載資金追回或後續處理。,low,"Record based on the DeFiHackLabs entry (root cause label: Access Control) and PoC. loss_usd taken from the parsed DeFiHackLabs value (2M USD). The PoC replays raw calldata against an unverified contract and notes the call is hard to decode, so the exact mechanism is uncertain; confidence set to low. [Draft: not yet independently reviewed.]",3,https://app.blocksec.com/explorer/tx/bsc/0x8c026c3939f7e2d0376d13e30859fa918a5a567348ca1329836df88bef30c73e | https://github.com/SunWeb3Sec/DeFiHackLabs/blob/main/src/test/2025-06/unverified_b5cb_exp.sol | https://x.com/TenArmorAlert/status/1937761064713941187
fpc-2025-07,2025-07-02,2025,FPC,other,其他,smart_contract_bug,合約 / 程式邏輯漏洞,business_logic,業務邏輯錯誤,Logic Flaw (burn-on-transfer to pool distorts AMM reserves),4700000.0,,4700000.0,unknown,不明,4.7M USDT,Unknown,bsc_only,只有 BNB Smart Chain,2025 年 7 月，BSC 上的 FPC 代幣遭到攻擊，損失約 470 萬 USDT。攻擊者以閃電貸取得大量 USDT，利用 FPC 代幣轉帳邏輯對 PancakeSwap 流動性池儲備造成的扭曲，以被抬高的價格賣出 FPC 換取 USDT。,FPC 在代幣轉入交易池時會銷毀池中的代幣，使池子儲備在交易過程中被異常減少，導致 FPC 價格被人為抬高，攻擊者得以高價賣出。,資料來源未記載資金追回或後續處理。,medium,"Record based on the DeFiHackLabs entry (root cause label: Logic Flaw) and PoC, whose comments state FPC burns tokens on transfers to the pool, letting FPC be sold at an inflated price. loss_usd taken from the parsed DeFiHackLabs value. [Draft: not yet independently reviewed.]",3,https://bscscan.com/tx/0x3a9dd216fb6314c013fa8c4f85bfbbe0ed0a73209f54c57c1aab02ba989f5937 | https://github.com/SunWeb3Sec/DeFiHackLabs/blob/main/src/test/2025-07/FPC_exp.sol | https://x.com/TenArmorAlert/status/1940423393880244327
rant-2025-07,2025-07-05,2025,RANT,other,其他,smart_contract_bug,合約 / 程式邏輯漏洞,business_logic,業務邏輯錯誤,Logic Flaw (token self-transfer sell path pays out BNB against manipulated pool state),204000.0,,204000.0,unknown,不明,~ $204K (PoC header: ~311.4 BNB),Unknown,bsc_only,只有 BNB Smart Chain,2025 年 7 月，BSC 上的 RANT 代幣遭到攻擊，損失約 20.4 萬美元（PoC 記載約 311.4 BNB）。攻擊者以閃電貸取得 WBNB 並先大量買入 RANT，再利用代幣合約內建的賣出機制換回 BNB 獲利。,RANT 合約在收到轉入自身地址的代幣時會觸發內建的賣出/兌換流程並支付 BNB，但此流程未考慮池子狀態可在同一交易中被操縱，造成支付金額失真。,資料來源未記載資金追回或後續處理。,medium,"Record based on the DeFiHackLabs entry (root cause label: Logic Flaw, lost ~ $204K) and PoC (header: ~311.4 BNB). loss_usd taken from the parsed DeFiHackLabs value. Root cause description is inferred from the PoC flow (transfer of RANT to the token contract yields BNB) and kept at a high level. [Draft: not yet independently reviewed.]",3,https://bscscan.com/tx/0x2d9c1a00cf3d2fda268d0d11794ad2956774b156355e16441d6edb9a448e5a99 | https://github.com/SunWeb3Sec/DeFiHackLabs/blob/main/src/test/2025-07/RANTToken_exp.sol | https://x.com/Phalcon_xyz/status/1941788315549946225
upeng-2025-07,2025-07-13,2025,UPENG,other,其他,smart_contract_bug,合約 / 程式邏輯漏洞,access_control,權限控管缺失,Incorrect Burn Logic (unprotected burn of arbitrary address balance plus pair sync),1035.06,,1035.06,unknown,不明,"$1,035.06 (PoC header: 1.5 WBNB)",Unknown,bsc_only,只有 BNB Smart Chain,"2025 年 7 月，BSC 上的 UPENG 代幣遭到攻擊，損失約 1,035 美元（約 1.5 WBNB）。攻擊者以極少量 BNB 買入 UPENG 後，銷毀交易池持有的 UPENG 並同步儲備，再以扭曲後的價格賣出，取走池中的 WBNB。","UPENG 的 burn(address,uint256) 函式未限制呼叫者，任何人都能銷毀任意地址（包括 PancakeSwap 交易對）的代幣餘額，再搭配可公開呼叫的 sync() 讓被操縱的餘額成為池子儲備。",資料來源未記載資金追回或後續處理。,medium,"Record based on the DeFiHackLabs entry (root cause label: Incorrect Burn Logic) and PoC, which states the token exposes an unprotected arbitrary-address burn function. loss_usd taken from the parsed DeFiHackLabs value; PoC header lists 1.5 WBNB. Token source is not verified on BscScan per the PoC. [Draft: not yet independently reviewed.]",3,https://bscscan.com/tx/0x33de1ed2d33f79e9b6dfccff8d4536ecda126f4eff18c295f16e9169b4ea5df1 | https://github.com/SunWeb3Sec/DeFiHackLabs/blob/main/src/test/2025-07/UPENGBurnSync_exp.sol | https://t.me/defimon_alerts/1470
vds-2025-07,2025-07-16,2025,VDS,other,其他,smart_contract_bug,合約 / 程式邏輯漏洞,business_logic,業務邏輯錯誤,Logic Flaw (inconsistent deposit vs. redemption ratio between VDS and AVD),13000.0,,13000.0,unknown,不明,13k USD (BSC-USD),Unknown,bsc_only,只有 BNB Smart Chain,2025 年 7 月，BSC 上的 VDS 代幣合約遭到攻擊，損失約 1.3 萬美元。攻擊者以閃電貸取得 BSC-USD 換成 AVD，存入 VDS 合約後再贖回，取得比投入更多的 AVD 並換回穩定幣獲利。,VDS 合約的存入與贖回換算不一致：將 VDS 轉回合約地址時會以 1:1 比例退還 AVD，與存入時的換算比例不符，造成可套利的差額。,資料來源未記載資金追回或後續處理。,medium,"Record based on the DeFiHackLabs entry (root cause label: Logic Flaw) and PoC, whose comment states that sending VDS to its contract address returns AVD at a 1:1 ratio. loss_usd taken from the parsed DeFiHackLabs value. [Draft: not yet independently reviewed.]",3,https://bscscan.com/tx/0x0e01fd8798f970fd689014cb215e622aca8b7c8c243176c5b504e0043402e31f | https://github.com/SunWeb3Sec/DeFiHackLabs/blob/main/src/test/2025-07/VDS_exp.sol | https://x.com/SlowMist_Team/status/1945672192471302645
unverified-8fd3-2025-07,2025-07-17,2025,Unverified contract 0x8fd3,other,其他,smart_contract_bug,合約 / 程式邏輯漏洞,signature_message_verification,簽章 / 跨鏈訊息驗證缺陷,"Signature Verification (signed message not bound to victim, amount or nonce)",502.42,,502.42,unknown,不明,502.42 USDT,Unknown,bsc_only,只有 BNB Smart Chain,2025 年 7 月，BSC 上一個未經原始碼驗證、地址開頭為 0x8fd3 的合約遭到攻擊，損失 502.42 USDT。攻擊者透過該代理合約，將曾授權給它的使用者 USDT 餘額全數轉走。,合約的簽章驗證只涵蓋時間區間與收款地址，未綁定受害者、代幣、金額、呼叫者、鏈別或 nonce，因此一份有效簽章即可用來轉走任何已授權使用者的資金。,資料來源未記載資金追回或後續處理。,medium,"Record based on the DeFiHackLabs entry (root cause label: Signature Verification) and PoC, which describes the signed digest as covering only a 5-minute timestamp bucket and the recipient. loss_usd taken from the parsed DeFiHackLabs value. Project is unnamed; identified by the vulnerable contract address prefix. [Draft: not yet independently reviewed.]",3,https://bscscan.com/tx/0xf2eeaa87a049fb914dfe8c9f1a878fa9a3aab78688107844794dacd5ada99563 | https://github.com/SunWeb3Sec/DeFiHackLabs/blob/main/src/test/2025-07/unverified_8fd3_exp.sol | https://t.me/defimon_alerts/1508
wetc-2025-07,2025-07-17,2025,WETC,other,其他,smart_contract_bug,合約 / 程式邏輯漏洞,business_logic,業務邏輯錯誤,Incorrect Burn Logic (token transfer logic with skim/sync desynchronizes pair reserves),101000.0,,101000.0,unknown,不明,101k USD (BSC-USD),Unknown,bsc_only,只有 BNB Smart Chain,2025 年 7 月，BSC 上的 WETC 代幣遭到攻擊，損失約 10.1 萬美元。攻擊者以閃電貸取得資金，透過 WETC 的轉帳邏輯搭配 PancakeSwap 交易對的 skim 與 sync，使池子儲備與實際餘額失衡，再以扭曲後的價格換出大量穩定幣。,WETC 代幣的銷毀／轉帳處理邏輯有缺陷，轉入交易對時會異常改變池子的代幣餘額，讓攻擊者可藉由 skim 與 sync 操縱儲備並扭曲價格。,資料來源未記載資金追回或後續處理。,medium,"Record based on the DeFiHackLabs entry (root cause label: Incorrect Burn Logic) and PoC, which shows reserve manipulation of the BUSD/WETC pair via transfers plus skim/sync. The exact burn mechanism inside WETC is not shown in the PoC. loss_usd taken from the parsed DeFiHackLabs value. [Draft: not yet independently reviewed.]",3,https://bscscan.com/tx/0x2b6b411adf6c452825e48b97857375ff82b9487064b2f3d5bc2ca7a5ed08d615 | https://github.com/SunWeb3Sec/DeFiHackLabs/blob/main/src/test/2025-07/WETC_Token_exp.sol | https://t.me/evmhacks/78?single
stepp2p-2025-07,2025-07-20,2025,Stepp2p,other,其他,smart_contract_bug,合約 / 程式邏輯漏洞,business_logic,業務邏輯錯誤,Logic Flaw (double refund via cancel and modify on the same sale order),43000.0,,43000.0,unknown,不明,43k USD (BSC-USD),Unknown,bsc_only,只有 BNB Smart Chain,2025 年 7 月，BSC 上的 P2P 交易合約 Stepp2p 遭到攻擊，損失約 4.3 萬美元。攻擊者以閃電貸建立賣單後，對同一張訂單先取消再修改，兩次都取回資金，進而掏空合約中的 USDT。,cancelSaleOrder 與 modifySaleOrder 對同一個已取消的訂單都會退款，合約未檢查訂單狀態，導致同一筆資金可被重複提領。,資料來源未記載資金追回或後續處理。,medium,"Record based on the DeFiHackLabs entry (root cause label: Logic Flaw) and PoC, whose comment states cancelSaleOrder and modifySaleOrder on the same saleId both transfer funds, resulting in a double spend. loss_usd taken from the parsed DeFiHackLabs value. [Draft: not yet independently reviewed.]",3,https://bscscan.com/tx/0xe94752783519da14315d47cde34da55496c39546813ef4624c94825e2d69c6a8 | https://github.com/SunWeb3Sec/DeFiHackLabs/blob/main/src/test/2025-07/Stepp2p_exp.sol | https://x.com/TenArmorAlert/status/1946887946877149520
multicallwitheth-2025-07,2025-07-26,2025,MulticallWithETH,other,其他,smart_contract_bug,合約 / 程式邏輯漏洞,input_validation,輸入驗證缺失 / 任意外部呼叫,Arbitrary external call (multicall spends users' token approvals),10000.0,,10000.0,unknown,不明,~10K USD (USDC),Unknown,bsc_only,只有 BNB Smart Chain,2025 年 7 月，BSC 上的 MulticallWithETH 合約遭到攻擊，損失約 1 萬美元。攻擊者利用該合約可代為執行任意呼叫的功能，轉走曾授權給此合約的使用者 USDC。,MulticallWithETH 允許任何人指定目標合約與呼叫資料並由合約自身執行，未限制呼叫目標或內容，導致使用者對該合約的代幣授權可被他人濫用。,資料來源未記載資金追回或後續處理。,medium,Record based on the DeFiHackLabs entry (root cause label: arbitrary-call) and PoC (Total Lost ~10K USDT per header; PoC drains USDC). loss_usd taken from the parsed DeFiHackLabs value. [Draft: not yet independently reviewed.],2,https://bscscan.com/tx/0x6da7be6edf3176c7c4b15064937ee7148031f92a4b72043ae80a2b3403ab6302 | https://github.com/SunWeb3Sec/DeFiHackLabs/blob/main/src/test/2025-07/MulticallWithETH_exp.sol
bsc-initcode-token-2025-08,2025-08-04,2025,BscInitcodeToken,other,其他,smart_contract_bug,合約 / 程式邏輯漏洞,input_validation,輸入驗證缺失 / 任意外部呼叫,Business Logic Flaw: public swap function accepting arbitrary token paths spends victim's WBNB,700.32,,700.32,unknown,不明,700.32 USD (victim contract's WBNB balance),Unknown,bsc_only,只有 BNB Smart Chain,2025 年 8 月 4 日，BSC 上一個未經驗證的合約（0x0B0d…c4Da）遭攻擊，損失約 700 美元的 WBNB。攻擊者自行部署兩個惡意 ERC20 代幣，並在 PancakeSwap 建立流動性極小的交易對，再呼叫受害合約的公開函式（selector 0xdc0b3665）並傳入這些代幣地址，使受害合約把全部 WBNB 投入攻擊者控制的池子。最後，攻擊者賣出預先鑄造的 DD 代幣，換走受害合約注入的 WBNB。,受害合約公開了一個函式，接受任意代幣路徑參數，並以合約自身的 WBNB 餘額在 PancakeSwap 兌換，卻未限制呼叫者，也未驗證代幣。攻擊者的惡意代幣在反向兌換時只從受害合約轉出 1 wei，造成 WBNB/DD 交易對儲備失衡，攻擊者便能用 DD 換走受害合約的 WBNB。,資料來源未記載資金追回或後續處理。,medium,"Record based on the DeFiHackLabs entry and PoC (BscInitcodeToken_exp.sol). Loss uses the entry's parsed USD value (700.32 USD); the PoC asserts the attacker gains more than 0.9 BNB and the victim's WBNB is nearly drained. The victim is unverified, so project_type is set to 'other'. DeFiHackLabs labels it Business Logic Flaw, but the PoC shows an unvalidated public function taking arbitrary token paths, so vuln_pattern is input_validation. [Draft: not yet independently reviewed.]",3,https://bscscan.com/tx/0x33fa83ae1029a82ae4b46eb37432847f270a8e3690f2e9ba71a1e5172ff62a59 | https://github.com/SunWeb3Sec/DeFiHackLabs/blob/main/src/test/2025-08/BscInitcodeToken_exp.sol | https://t.me/defimon_alerts/1619
my-coin-master-2025-08,2025-08-05,2025,MyCoinMaster (MycoinmasterV7),other,其他,smart_contract_bug,合約 / 程式邏輯漏洞,access_control,權限控管缺失,Missing access control on buyBYAdmin plus direct USDT redemption via swap(),653.49,,653.49,unknown,不明,653.49 USD (USDT),Unknown,bsc_only,只有 BNB Smart Chain,2025 年 8 月 5 日，BSC 上的 MycoinmasterV7 合約（MyCoinMaster）遭攻擊，損失約 653 美元的 USDT。攻擊者呼叫缺少管理員檢查的 buyBYAdmin 函式，替受害合約建立一大筆鎖倉 MYC 部位，並讓攻擊合約取得 1% 的 MYC 空投。接著攻擊者透過 swap() 以這些 MYC 向合約兌換出 USDT。,"buyBYAdmin(uint256,address,address) 應僅限管理員使用，卻完全沒有權限檢查，任何人都能建立 MYC 部位並觸發空投。swap() 又會直接以合約內的 USDT 贖回 MYC，讓免費取得的 MYC 可以立即變現。",資料來源未記載資金追回或後續處理。,medium,"Record based on the DeFiHackLabs entry and PoC (MyCoinMaster_exp.sol). Loss uses the entry's parsed USD value (653.49 USD); the PoC asserts about 653.63 USDT of profit taken from the victim. DeFiHackLabs labels it Business Logic Flaw, but the PoC header says the root cause is missing access control on buyBYAdmin, so vuln_pattern is access_control. [Draft: not yet independently reviewed.]",3,https://bscscan.com/tx/0x57865009e1cfb7516240eb901342f3b434c2a2754e14604c838024ffe2e191a7 | https://github.com/SunWeb3Sec/DeFiHackLabs/blob/main/src/test/2025-08/MyCoinMaster_exp.sol | https://t.me/defimon_alerts/1628
wxc-2025-08,2025-08-11,2025,WXC,other,其他,smart_contract_bug,合約 / 程式邏輯漏洞,business_logic,業務邏輯錯誤,Incorrect token burn mechanism exploited with a flash loan and flash swap,30000.0,,30000.0,unknown,不明,37.5 WBNB,Unknown,bsc_only,只有 BNB Smart Chain,2025 年 8 月 11 日，BSC 上的 WXC 代幣遭攻擊，損失約 37.5 WBNB。攻擊者先從 Moolah 閃電貸借入 49.15 WBNB，再透過 PancakeSwap WXC/WBNB 交易對的閃電兌換取得大量 WXC。接著攻擊者用支援手續費代幣的路由把 WXC 全數賣回換成 WBNB，還款後獲利。,DeFiHackLabs 將根因標註為 WXC 代幣的銷毀機制設計錯誤：代幣在轉帳或賣出時的銷毀邏輯會不當影響交易對的 WXC 餘額與價格，使攻擊者大量買入再賣出後，能換回比投入更多的 WBNB。PoC 沒有展示合約內部細節，確切機制仍需以原始碼確認。,資料來源未記載資金追回或後續處理。,low,"Record based on the DeFiHackLabs entry and PoC (WXC_Token_exp.sol). The PoC shows a 49.15 WBNB Moolah flash loan, a flash swap of WXC from the Cake LP and a sell back to WBNB, but not the burn logic, so the root-cause description follows the DeFiHackLabs label. loss_usd is an estimate: 37.5 WBNB x ~800 USD per BNB (approximate BNB price around 2025-08-11) = ~30,000 USD. [Draft: not yet independently reviewed.]",3,https://bscscan.com/tx/0x1397bc7f0d284f8e2e30d0a9edd0db1f3eb0dd284c75e30d226b02bf09ad068f | https://github.com/SunWeb3Sec/DeFiHackLabs/blob/main/src/test/2025-08/WXC_Token_exp.sol | https://x.com/TenArmorAlert/status/1954774967481962832
grizzifi-2025-08,2025-08-13,2025,Grizzifi,yield_vault,收益金庫,smart_contract_bug,合約 / 程式邏輯漏洞,business_logic,業務邏輯錯誤,Logic flaw in referral team-count accounting (totalInvested vs active investment),61000.0,,61000.0,unknown,不明,61k USD (BSC-USD),Unknown,bsc_only,只有 BNB Smart Chain,2025 年 8 月 13 日，BSC 上的投資計畫合約 Grizzifi 遭攻擊，損失約 6.1 萬美元（BSC-USD）。攻擊者部署 30 個攻擊合約，各自用 10 BSC-USD 呼叫 harvestHoney() 投資並串成推薦鏈，再用子合約重複投資來灌水團隊人數。最後攻擊者逐一呼叫 collectRefBonus()，領取推薦獎金與里程碑獎金。,_incrementUplineTeamCount() 累計上線的團隊人數時，檢查的是 totalInvested（包含已提領的累計投資額），而不是仍有效的投資。攻擊者因此能用少量資金建立大批假下線，灌水團隊人數，觸發推薦獎金與里程碑獎金。,資料來源未記載資金追回或後續處理。,medium,Record based on the DeFiHackLabs entry and PoC (Grizzifi_exp.sol). Loss uses the entry's parsed USD value (61k USD). The PoC comment attributes the bug to _incrementUplineTeamCount() checking totalInvested (including withdrawn amounts) instead of active investments. The PoC seeds 30 attack contracts with 20 BSC-USD each. [Draft: not yet independently reviewed.],3,https://bscscan.com/tx/0x36438165d701c883fd9a03631ee0cdeec35a138153720006ab59264db7e075c1 | https://github.com/SunWeb3Sec/DeFiHackLabs/blob/main/src/test/2025-08/Grizzifi_exp.sol | https://x.com/MetaTrustAlert/status/1955967862276829375
yuliai-2025-08,2025-08-13,2025,YuliAI,other,其他,oracle_price_manipulation,預言機 / 價格操縱,,,Price Manipulation: sellToken() priced from manipulable V3 pool spot price,78000.0,,78000.0,unknown,不明,78k USDT,Unknown,bsc_only,只有 BNB Smart Chain,2025 年 8 月 13 日，BSC 上的 YuliAI 相關合約（0x8262…6282）遭價格操縱攻擊，損失約 7.8 萬 USDT。攻擊者從 Moolah 閃電貸借入 20 萬 USDT，在 PancakeSwap V3 的 YULIAI/USDT 池大量買入 YULIAI 推高價格，再多次呼叫受害合約的 sellToken()，以被抬高的價格賣出 YULIAI 換取 USDT。最後攻擊者把剩餘的 YULIAI 賣回池中，並償還閃電貸。,受害合約的 sellToken() 直接用 YULIAI/USDT V3 池的即時（spot）價格計算回購金額，沒有採用 TWAP 或其他能抵抗操縱的價格來源，因此可在同一筆交易內用閃電貸操縱。,資料來源未記載資金追回或後續處理。,medium,Record based on the DeFiHackLabs entry and PoC (YuliAI_exp.sol). Loss uses the entry's parsed USD value (78k USDT). The PoC comment states the victim uses the YULIAI/USDT V3 pool spot price when buying back YULIAI through sellToken(). [Draft: not yet independently reviewed.],3,https://bscscan.com/tx/0xeab946cfea49b240284d3baef24a4071313d76c39de2ee9ab00d957896a6c1c4 | https://github.com/SunWeb3Sec/DeFiHackLabs/blob/main/src/test/2025-08/YuliAI_exp.sol | https://x.com/TenArmorAlert/status/1955817707808432584
pdz-2025-08,2025-08-15,2025,PDZ (TB_BUILD burn-reward contract),other,其他,oracle_price_manipulation,預言機 / 價格操縱,,,Price Manipulation: burnToHolder() rewards computed from getAmountsOut spot price,2772.0,,2772.0,unknown,不明,3.3 BNB,Unknown,bsc_only,只有 BNB Smart Chain,2025 年 8 月 15 日，BSC 上與 PDZ 代幣相關的 TB_BUILD 合約（0x6642…BDda）遭價格操縱攻擊，損失約 3.3 BNB。攻擊者透過 PancakeSwap 閃電兌換借入 10 WBNB 買入 PDZ 推高價格，再呼叫 burnToHolder() 銷毀 PDZ 換取 BNB 獎勵，並用 receiveRewards() 領取。最後攻擊者賣出 PDZ，歸還 10.25 WBNB。,burnToHolder() 用 uniswapRouter.getAmountsOut 即時查詢池子價格來計算應得獎勵，攻擊者能在同一筆交易中操縱池子價格，瞬間放大這個數值。,資料來源未記載資金追回或後續處理。,medium,"Record based on the DeFiHackLabs entry and PoC (PDZ_exp.sol). loss_usd is an estimate: 3.3 BNB x ~840 USD per BNB (approximate BNB price in mid-August 2025) = ~2,772 USD. [Draft: not yet independently reviewed.]",3,https://bscscan.com/tx/0x81fd00eab3434eac93bfdf919400ae5ca280acd891f95f47691bbe3cbf6f05a5 | https://github.com/SunWeb3Sec/DeFiHackLabs/blob/main/src/test/2025-08/PDZ_exp.sol | https://x.com/tikkalaresearch/status/1957500585965678828
d3xai-2025-08,2025-08-16,2025,d3xai (D3XAT exchange proxy),other,其他,oracle_price_manipulation,預言機 / 價格操縱,,,Price Manipulation: proxy exchange() allows buy low / sell high after pumping the PancakeSwap pool,159600.0,,159600.0,unknown,不明,190 BNB,Unknown,bsc_only,只有 BNB Smart Chain,"2025 年 8 月 16 日，BSC 上 d3xai（D3XAT 代幣）的兌換代理合約（0xb8ad…DD99）遭價格操縱攻擊，損失約 190 BNB。攻擊者從 PancakeSwap V3 閃電貸借入 2,000 萬 USDT，先透過代理合約的 exchange() 低價買入 D3XAT，再在 PancakeSwap 大量買入推高價格。接著攻擊者把先前買到的 D3XAT 高價賣回 exchange()，最後在 PancakeSwap 出清持倉並償還閃電貸。",代理合約的 exchange() 讓使用者依合約報價買賣 D3XAT；PoC 指出攻擊者能藉此「低買高賣」，推測這個報價依賴可在同一筆交易內被操縱的 PancakeSwap 池即時價格，因此攻擊者能先用閃電貸拉抬價格，再以高價賣給合約。,資料來源未記載資金追回或後續處理。,medium,"Record based on the DeFiHackLabs entry and PoC (d3xai_exp.sol). The PoC lists the vulnerable contract as N/A and states only that the proxy's exchange() lets the attacker buy low and sell high; dependence on the pool spot price is inferred. loss_usd is an estimate: 190 BNB x ~840 USD per BNB (approximate BNB price in mid-August 2025) = ~159,600 USD. [Draft: not yet independently reviewed.]",3,https://bscscan.com/tx/0x26bcefc152d8cd49f4bb13a9f8a6846be887d7075bc81fa07aa8c0019bd6591f | https://github.com/SunWeb3Sec/DeFiHackLabs/blob/main/src/test/2025-08/d3xai_exp.sol | https://x.com/suplabsyi/status/1956695597546893598
multicall-with-xera-2025-08,2025-08-20,2025,Xera token (via Multicall3),other,其他,smart_contract_bug,合約 / 程式邏輯漏洞,access_control,權限控管缺失,Access Control: abuse of victim's Xera approval to Multicall3 via aggregate3 / flawed _msgSender(),17000.0,,17000.0,unknown,不明,"17k USD (victim's Xera tokens, swapped for ~41.03 WBNB in the PoC)",Unknown,bsc_only,只有 BNB Smart Chain,2025 年 8 月 20 日，BSC 上的 Xera 代幣遭攻擊，損失約 1.7 萬美元。受害合約（0x9a61…c542）先前曾授權公用的 Multicall3 合約動用它的 Xera 代幣；攻擊者透過 Multicall3 的 aggregate3() 呼叫 Xera 的 transferFrom，把大量 Xera 從受害合約轉進 PancakeSwap 交易對。接著攻擊者直接呼叫交易對的 swap() 換出約 41 WBNB，再轉為 BNB。,任何人都能透過 Multicall3，以 Multicall3 的身分發出任意呼叫。受害合約授權了 Multicall3，加上 PoC 指出 Xera 的 _msgSender() 實作會錯誤辨識呼叫者，transferFrom 因此能在受害者不知情的情況下成功執行，屬於存取控制缺陷。,資料來源未記載資金追回或後續處理。,medium,"Record based on the DeFiHackLabs entry and PoC (MulticallWithXera_exp.sol). Loss uses the entry's parsed USD value (17k USD). The PoC swaps out about 41.03 WBNB, which seems higher than 17k USD at August 2025 BNB prices; the entry figure is kept as-is. The PoC comments name both the victim's approval to Multicall3 and Xera's _msgSender() implementation as the cause. [Draft: not yet independently reviewed.]",3,https://bscscan.com/tx/0xed6fd61c1eb2858a1594616ddebaa414ad3b732dcdb26ac7833b46803c5c18db | https://github.com/SunWeb3Sec/DeFiHackLabs/blob/main/src/test/2025-08/MulticallWithXera_exp.sol | https://x.com/TenArmorAlert/status/1958354933247590450
abcc-app-2025-08,2025-08-23,2025,ABCCApp,yield_vault,收益金庫,smart_contract_bug,合約 / 程式邏輯漏洞,access_control,權限控管缺失,Lack of Access Control on addFixedDay() inflating DDDD reward claims,10100.0,,10100.0,unknown,不明,"~$10.1K (~10,062 BSC-USD per PoC)",Unknown,bsc_only,只有 BNB Smart Chain,"2025 年 8 月 23 日，BSC 上的 ABCCApp 合約遭攻擊，損失約 1.01 萬美元（約 10,062 BSC-USD）。攻擊者從 Moolah 閃電貸借入 12,500 BSC-USD 存入 ABCCApp，接著呼叫 addFixedDay(1,000,000,000) 大幅推進獎勵計算用的天數，再用 claimDDDD() 領取大量 DDDD 代幣。攻擊者透過 PancakeSwap V3 把 DDDD 換成 WBNB，再換成 BSC-USD，還款後獲利。",addFixedDay() 缺乏存取控制，任何人都能任意增加合約計算獎勵所用的天數，使 claimDDDD() 依灌水後的天數發放遠超應得的 DDDD 獎勵。,資料來源未記載資金追回或後續處理。,medium,"Record based on the DeFiHackLabs entry and PoC (ABCCApp_exp.sol). Loss uses the entry's parsed USD value (~10.1K USD); the PoC header gives about 10,062 BUSD (BSC-USD). The role of addFixedDay() is inferred from the PoC call sequence (deposit, addFixedDay(1e9), claimDDDD) and the DeFiHackLabs label Lack of Access Control. [Draft: not yet independently reviewed.]",3,https://bscscan.com/tx/0xee4eae6f70a6894c09fda645fb24ab841e9847a788b1b2e8cb9cc50c1866fb12 | https://github.com/SunWeb3Sec/DeFiHackLabs/blob/main/src/test/2025-08/ABCCApp_exp.sol | https://x.com/TenArmorAlert/status/1959457212914352530
ngp-2025-09,2025-09-18,2025,NGP,other,其他,smart_contract_bug,合約 / 程式邏輯漏洞,business_logic,業務邏輯錯誤,Price Manipulation via sync() triggered in NGP token _update(),2000000.0,,2000000.0,unknown,不明,2M USD (USDT),Unknown,bsc_only,只有 BNB Smart Chain,2025 年 9 月 18 日，BSC 上的 NGP 代幣遭攻擊，損失約 200 萬美元（USDT）。攻擊者用多來源閃電貸取得約 2.11 億 USDT，先在 PancakeSwap 把 USDT 換成 NGP 並送往 dead 地址，大幅減少交易對內的 NGP。接著攻擊者賣出事先分批買入的 NGP，觸發 NGP 代幣 _update() 裡的 sync()，以被操縱的價格換走池中大量 USDT。,NGP 代幣的 _update() 在特定條件下會呼叫交易對的 sync()。攻擊者先把交易對內的 NGP 大量買走，賣出時再觸發 sync()，讓交易對以已被抽乾的 NGP 餘額重設儲備，NGP 對 USDT 的價格因此嚴重失真。,資料來源未記載資金追回或後續處理。,medium,"Record based on the DeFiHackLabs entry and PoC (NGP_exp.sol). Loss uses the entry's parsed USD value (2M USD). The PoC uses a mock flash-loan provider standing in for aggregated flash loans (211M USDT), and deals NGP to the attacker to simulate repeated purchases, because the attacker was not whitelisted. DeFiHackLabs labels it Price Manipulation; it is classified as smart_contract_bug/business_logic because the PoC places the bug in the token's _update() triggering sync(). [Draft: not yet independently reviewed.]",3,https://blog.solidityscan.com/ngp-token-hack-analysis-414b6ca16d96 | https://bscscan.com/tx/0xc2066e0dff1a8a042057387d7356ad7ced76ab90904baa1e0b5ecbc2434df8e1 | https://github.com/SunWeb3Sec/DeFiHackLabs/blob/main/src/test/2025-09/NGP_exp.sol
tokenholder-2025-10,2025-10-07,2025,TokenHolder (BorrowerOperationsV6),lending,借貸協議,smart_contract_bug,合約 / 程式邏輯漏洞,access_control,權限控管缺失,Access control: BorrowerOperationsV6.sell() trusts caller-supplied tokenHolder/DEX addresses and selling calldata,26000.0,,26000.0,unknown,不明,20 WBNB,Unknown,bsc_only,只有 BNB Smart Chain,"2025 年 10 月 7 日，BSC 上一個借貸合約 BorrowerOperationsV6（DeFiHackLabs 以 TokenHolder 命名）遭攻擊，損失約 20 WBNB。攻擊者直接呼叫 sell() 函式，把 tokenHolder、integratorFeeAddress、whitelistedDex 等參數全部設為自己的合約，並傳入呼叫 privilegedLoan(WBNB, 20 ether) 的 sellingCode，最終取走 20 WBNB。",sell() 缺乏存取控制與參數驗證，沒有確認呼叫者是否為借款人，也沒有檢查 tokenHolder 與 whitelistedDex 是否為受信任地址；攻擊者的合約偽造 loans() 回傳的借款資料，並實作空的 repayLoan()／privilegedLoan()，使合約執行特權借款流程後資金落入攻擊者手中。,資料來源未記載資金追回或後續處理。,medium,"Record based on the DeFiHackLabs entry and PoC (entry contract BorrowerOperationsV6 0x616B36265759517AF14300Ba1dD20762241a3828; header lists vulnerable contract 0x8c7f34436C0037742AeCf047e06fD4B27Ad01117). 'TokenHolder' is the DeFiHackLabs label. USD estimate: 20 WBNB x ~US$1,300/BNB (approximate early-October 2025 price) = ~US$26,000. The PoC does not detail the exact internal fund flow. [Draft: not yet independently reviewed.]",3,https://bscscan.com/tx/0xc291d70f281dbb6976820fbc4dbb3cfcf56be7bf360f2e823f339af4161f64c6 | https://github.com/SunWeb3Sec/DeFiHackLabs/blob/main/src/test/2025-10/TokenHolder_exp.sol | https://t.me/defimon_alerts/2027
mttoken-2026-01,2026-01-12,2026,MT Token,other,其他,smart_contract_bug,合約 / 程式邏輯漏洞,business_logic,業務邏輯錯誤,Incorrect fee logic (fee shares not capped at 100%) + skim/sync pair manipulation,37000.0,,37000.0,unknown,不明,"~37K USD (net pool loss ~36,995 USDT from the MT/USDT PancakeSwap V2 pair)",Unknown,bsc_only,只有 BNB Smart Chain,"2026 年 1 月 12 日，BSC 上的 MT 代幣遭攻擊，MT/USDT PancakeSwap V2 交易對淨損失約 36,995 USDT（約 3.7 萬美元）。攻擊者透過 Moolah 閃電貸借入 USDT 買進 MT，再把部分 MT 轉入交易對並呼叫 skim()，利用錯誤的手續費邏輯讓交易對的 MT 餘額被大量扣除，接著呼叫 sync() 鎖定被操縱的儲備量，以少量 MT 換出大量 USDT。",MT 代幣的 transactionFee() 依一組未設上限的百分比清單分配手續費，未強制各比例總和不得超過 100%，導致一次轉帳可從發送者扣除遠多於轉帳金額的代幣；交易對在 skim() 轉出時同樣被過度扣款，再經 sync() 更新儲備後價格嚴重失真。,資料來源未記載資金追回或後續處理。,medium,"Record based on the DeFiHackLabs entry and PoC. loss_usd uses the parsed DeFiHackLabs figure (37K USD); PoC states net pool loss / attacker profit ~36,995 USDT and gross USDT outflow ~226,722 USDT. One candidate source (CertiK Skylens) uses an 'arb' URL path, but the PoC forks BSC and uses BSC USDT and PancakeSwap addresses, so the incident is treated as BSC. [Draft: not yet independently reviewed.]",3,https://github.com/SunWeb3Sec/DeFiHackLabs/blob/main/src/test/2026-01/MTToken_exp.sol | https://x.com/TenArmorAlert/status/2010630024274010460?s=20 | https://x.com/nn0b0dyyy/status/2010638145155661942?s=20
xdkrecycle-2026-02,2026-02-16,2026,XDK,other,其他,smart_contract_bug,合約 / 程式邏輯漏洞,business_logic,業務邏輯錯誤,XDK recycle reserve manipulation (token pulls XDK out of its pair and syncs),4241.0,,4241.0,unknown,不明,6.84 WBNB,Unknown,bsc_only,只有 BNB Smart Chain,2026 年 2 月 16 日，BSC 上 XDK 代幣的「回收」（recycle）機制遭利用，攻擊者獲利約 6.84 WBNB。攻擊者從 WBNB/GPC 交易對以閃電兌換借出近 99% 的 GPC，分批（每次約為儲備量的 10%）買進 XDK，再反覆觸發 XDK 的回收機制，最後把剩餘 XDK 賣回 GPC、償還閃電兌換，並將多出的 GPC 換成 WBNB。,XDK 在偵測到賣出（轉入交易對）時會啟動回收機制，直接把 XDK/GPC 交易對中的 XDK 移出並呼叫 sync()；攻擊者將 XDK 轉入交易對觸發回收後，再用 skim() 取回自己轉入的代幣，等於不必真正賣出就能在同一回收週期內反覆壓低交易對的 XDK 儲備、推高 XDK 價格，再高價賣出獲利。,資料來源未記載資金追回或後續處理。,medium,"Record based on the DeFiHackLabs entry and PoC. USD estimate: 6.84 WBNB x ~US$620/BNB (rough approximate mid-February 2026 price) = ~US$4,241; treat as an order-of-magnitude estimate. [Draft: not yet independently reviewed.]",3,https://bscscan.com/tx/0x4848bae0fe22f781a94b4613596e7640f70d443db03b6a18fdaffcd30de718d0 | https://github.com/SunWeb3Sec/DeFiHackLabs/blob/main/src/test/2026-02/XDKRecycle_exp.sol | https://x.com/DefimonAlerts/status/2024163654631882916
laxo-token-2026-02,2026-02-22,2026,LAXO Token,other,其他,smart_contract_bug,合約 / 程式邏輯漏洞,business_logic,業務邏輯錯誤,Incorrect burn logic,137000.0,,137000.0,unknown,不明,"~137,000 USD (~137,320 BSC-USD/USDT attacker profit)",Unknown,bsc_only,只有 BNB Smart Chain,2026 年 2 月 22 日，BSC 上的 LAXO 代幣因銷毀（burn）邏輯錯誤遭攻擊，損失約 13.7 萬美元。攻擊者從 PancakeSwap V3 閃電貸借入 35 萬 USDT 買進 LAXO（收款地址設為 PancakeSwap 路由合約），再以極少量 LAXO 對 LAXO/WBNB 加入並移除流動性，接著把 LAXO 轉入 LAXO/USDT 交易對換出約 48.7 萬 USDT，償還閃電貸後獲利約 13.7 萬 USDT。,依 DeFiHackLabs 標註，LAXO 代幣的銷毀邏輯有誤，攻擊者可透過特定的轉帳與加入／移除流動性操作觸發錯誤的銷毀或餘額計算，使 LAXO/USDT 交易對的儲備失真，進而以不合理的價格換出 USDT；PoC 只重現交易步驟，未詳細說明合約內部的確切錯誤。,資料來源未記載資金追回或後續處理。,low,"Record based on the DeFiHackLabs entry and PoC. loss_usd uses the parsed DeFiHackLabs figure (~137K USD); PoC asserts a final profit of ~137,320 BSC-USD after repaying a 350,000 USDT Pancake V3 flash loan. The PoC reproduces the transaction steps but does not explain the exact burn-logic flaw, hence low confidence on the root-cause detail. [Draft: not yet independently reviewed.]",2,https://github.com/SunWeb3Sec/DeFiHackLabs/blob/main/src/test/2026-02/LAXO_Token_exp.sol | https://x.com/CertiKAlert/status/2027317095420072317
venus-the-2026-03,2026-03-15,2026,Venus Protocol (vTHE market),lending,借貸協議,smart_contract_bug,合約 / 程式邏輯漏洞,arithmetic,數值計算錯誤（溢位 / 捨入 / 精度）,Donation attack inflating vTHE exchange rate + borrowBehalf,,,,unknown,不明,"913,858.26 CAKE + 1,972.53 WBNB",Unknown,bsc_only,只有 BNB Smart Chain,"2026 年 3 月 15 日，BSC 上 Venus Protocol 的 THE（Thena）市場遭攻擊，攻擊合約最終取得約 913,858 CAKE 與 1,972.53 WBNB。攻擊者先從六個事先已對「尚未部署的攻擊合約地址」授權的帳戶轉出約 3,610 萬枚 THE，直接捐贈至 vTHE 合約以推高匯率與抵押價值；接著以 borrowBehalf 用某帳戶（PoC 標為 victim）的名義借出 USDC、存入 vUSDC 後再借出 THE 並捐回 vTHE，最後以該帳戶被高估的 vTHE 抵押品代為借出 CAKE 與 WBNB。",vTHE 的匯率依合約持有的 THE 現金計算，直接轉入（捐贈）的代幣會立即推高 vToken 匯率與抵押價值，使流動性低的 THE 抵押品被嚴重高估（捐贈／匯率膨脹攻擊）；再搭配 borrowBehalf 在帳戶名下借款並把資金送給呼叫者，攻擊者即可以灌水的抵押品借走 CAKE 與 WBNB，讓協定承擔抵押不足的風險。,資料來源未記載資金追回或後續處理。,medium,"Record based on the DeFiHackLabs entry and trace-driven PoC. Loss is denominated in CAKE and WBNB with no USD figure in the source; because CAKE is not a price-estimation asset here, loss_usd is left null (for reference only, the WBNB leg alone is roughly 1,972.53 x ~US$640/BNB = ~US$1.26M at an approximate March 2026 price). The six THE-holding EOAs, including the account labeled 'victim', had pre-approved the future attack-contract address, which suggests prior preparation; the source does not state who ultimately bore the loss. [Draft: not yet independently reviewed.]",2,https://bscscan.com/tx/0x4f477e941c12bbf32a58dc12db7bb0cb4d31d41ff25b2457e6af3c15d7f5663f | https://github.com/SunWeb3Sec/DeFiHackLabs/blob/main/src/test/2026-03/Venus_THE_exp.sol
atmblindbox-2026-03,2026-03-19,2026,ATM BlindBox,nft_gaming,NFT / 遊戲,smart_contract_bug,合約 / 程式邏輯漏洞,business_logic,業務邏輯錯誤,Weak randomness / predictable RNG fallback after blockhash expiry,99000.0,,99000.0,unknown,不明,"13,000,000 ATM (~99,000 USD)",Unknown,bsc_only,只有 BNB Smart Chain,"2026 年 3 月 19 日，BSC 上以 ATM 代幣下注的 ATM BlindBox 盲盒猜單雙遊戲因隨機數可預測遭攻擊，損失約 1,300 萬枚 ATM（約 9.9 萬美元）。攻擊者下大額注後刻意延後結算，等到開獎所依據的區塊雜湊失效，再挑選能讓備援隨機數開出中獎結果的時機呼叫 settle()，取得 1.95 倍賠付。","合約讓使用者自行決定結算時間，當 blockhash(betBlock + 2) 因超過 256 個區塊而失效後，改以 keccak256(block.prevrandao, betId, block.timestamp) 作為隨機來源，這些數值在送出交易前即可預先計算，攻擊者因此只在確定中獎時才結算。",資料來源未記載資金追回或後續處理。,medium,"Record based on the DeFiHackLabs entry and PoC. loss_usd uses the parsed DeFiHackLabs figure (99K USD); PoC header states 13,000,000 ATM (~99,000 USD). The PoC reproduces one 300,000 ATM winning bet as an example. [Draft: not yet independently reviewed.]",3,https://bscscan.com/tx/0xb74a572967ce997afa5920811e6a9dc8b82a6e41ee31fa4d1a24a85aec89e342 | https://github.com/SunWeb3Sec/DeFiHackLabs/blob/main/src/test/2026-03/ATMBlindBox_exp.sol | https://t.me/defimon_alerts/2808
revamp-2026-03,2026-03-19,2026,Revamp,other,其他,smart_contract_bug,合約 / 程式邏輯漏洞,business_logic,業務邏輯錯誤,Reward accounting drain via flash-loan-sized self-contributions hitting the 2x reward cap,1914.0,,1914.0,unknown,不明,2.99 BNB,Unknown,bsc_only,只有 BNB Smart Chain,2026 年 3 月 19 日，BSC 上的 Revamp 合約因獎勵計算缺陷遭攻擊，損失約 2.99 BNB。攻擊者以 PancakeSwap V3 閃電貸借入 WBNB，先上架一個自製的假代幣，再用兩個自己控制的地址依序投入精算過的 BNB 金額並互設為推薦人，讓第一個地址的待領獎勵立即達到 2 倍上限，隨後提回本金與獎勵、償還閃電貸後獲利。,Revamp 以後來使用者的投入獎勵先前的貢獻者，但獎勵只依投入比例計算，投入後又可立即提回本金，缺乏鎖定期或防止自我循環的設計，且上架資產只要求代幣具備 ERC20 介面；攻擊者因此能在同一筆交易中自製大額「後續投入」並賺取推薦費，提走合約原有的 BNB。,資料來源未記載資金追回或後續處理。,medium,"Record based on the DeFiHackLabs entry and PoC. USD estimate: 2.99 BNB x ~US$640/BNB (rough approximate March 2026 price) = ~US$1,914; treat as an order-of-magnitude estimate. [Draft: not yet independently reviewed.]",3,https://bscscan.com/tx/0xa0ff1de61793b0915038e644a2b45372be8d49e1060b6b2cd5e3482d7d4325ba | https://github.com/SunWeb3Sec/DeFiHackLabs/blob/main/src/test/2026-03/Revamp_exp.sol | https://x.com/DefimonAlerts/status/2034532544239088053
bce-2026-03,2026-03-23,2026,BCE,other,其他,smart_contract_bug,合約 / 程式邏輯漏洞,business_logic,業務邏輯錯誤,Deflationary token logic error (scheduled burn from LP pair + sync),800000.0,,800000.0,unknown,不明,"~800,000 USDT",Unknown,bsc_only,只有 BNB Smart Chain,2026 年 3 月 23 日，BSC 上的 BCE 通縮代幣遭攻擊，BCE/USDT 交易對約 80 萬 USDT 被掏空。攻擊者透過 Moolah 連續閃電貸借入 USDT、BTCB 與 WBNB，將 BTCB 與 WBNB 存入 Venus 作為抵押並借出 vUSDT 市場的全部可用 USDT，再以兩次閃電兌換與賣出累積 BCE 的 scheduledDestruction，最後用一筆普通轉帳觸發合約直接從交易對銷毀 BCE 並 sync()，以剩餘 BCE 依失真的儲備換走 USDT。,BCE 在賣入 PancakeSwap 交易對時會記錄待銷毀數量 scheduledDestruction，之後任何一般轉帳都會直接從交易對銷毀該數量並呼叫 sync()，使交易對的 BCE 儲備幾乎歸零；外部人員因此能自行控制銷毀時機與數量，操縱 AMM 價格。,資料來源未記載資金追回或後續處理。,medium,"Record based on the DeFiHackLabs entry and PoC. loss_usd uses the parsed DeFiHackLabs figure (~800,000 USDT). The PoC also reproduces a 15% gross-profit side payment converted to BNB and sent to address 0x4848489f0b2BEdd788c696e2D79b6b69D7484848; its purpose is not stated in the source. [Draft: not yet independently reviewed.]",3,https://github.com/SunWeb3Sec/DeFiHackLabs/blob/main/src/test/2026-03/bce_exp.sol | https://skylens.certik.com/tx/bsc/0x85ac5d15f16d49ae08f90ab0e554ebfcb145712342c5b7704e305d602146d452 | https://t.me/defimon_alerts/2814
est-token-2026-03,2026-03-27,2026,EST Token,other,其他,smart_contract_bug,合約 / 程式邏輯漏洞,business_logic,業務邏輯錯誤,Incorrect token burn mechanism (skim loop into BNBDeposit; EIP-7702 bypass of EOA-only check),96128.0,,96128.0,unknown,不明,150.2 WBNB,Unknown,bsc_only,只有 BNB Smart Chain,2026 年 3 月 27 日，BSC 上的 EST 代幣因銷毀機制錯誤遭攻擊，損失約 150.2 WBNB。攻擊者透過 EIP-7702 讓自己的 EOA 執行合約程式碼（以繞過 BNBDeposit 只允許 EOA 領取的限制），從 Moolah 閃電貸借入 2 萬 WBNB，反覆存入 EST 的 BNBDeposit 合約、買進 EST 並轉 1 枚 EST 給 BNBDeposit 使其內部狀態失同步，再執行 100 次「轉 EST 至交易對＋skim() 至 BNBDeposit」的迴圈，最後把 EST 賣回 WBNB 獲利。,依 DeFiHackLabs 標註，EST 代幣的銷毀機制有誤，其轉帳／銷毀與 BNBDeposit 的記帳未能正確對應實際餘額，攻擊者得以藉由反覆 skim() 操縱交易對與 BNBDeposit 的狀態後賣出獲利；此外 BNBDeposit 以「呼叫者是否為 EOA」作為防護，已可被 EIP-7702 委派的帳戶繞過。,資料來源未記載資金追回或後續處理。,low,"Record based on the DeFiHackLabs entry and PoC. USD estimate: 150.2 WBNB x ~US$640/BNB (rough approximate March 2026 price) = ~US$96,128; treat as an order-of-magnitude estimate. The PoC shows the attack steps but not the exact burn-mechanism flaw, hence low confidence on root-cause detail. [Draft: not yet independently reviewed.]",3,https://bscscan.com/address/0xD4524Be41cd452576aB9FF7b68a0b89aF8498a91 | https://bscscan.com/tx/0x2f1c33eaaaace728f6101ff527793387341021ef465a4a33f53a0037f5bd1626 | https://github.com/SunWeb3Sec/DeFiHackLabs/blob/main/src/test/2026-03/EST_exp.sol
squid-multicall-allowance-drain-2026-04,2026-04-07,2026,Squid Router (SquidMulticall),bridge,跨鏈橋,smart_contract_bug,合約 / 程式邏輯漏洞,input_validation,輸入驗證缺失 / 任意外部呼叫,Arbitrary call / wrong approval: SquidMulticall.run() used to transferFrom a user's approved tokens,2000.0,,2000.0,unknown,不明,1 ETH (Binance-Peg ETH on BSC),Unknown,bsc_only,只有 BNB Smart Chain,2026 年 4 月 7 日，BSC 上 Squid 跨鏈路由使用的 SquidMulticall 合約遭利用，一名曾對其授權 Binance-Peg ETH 的使用者被轉走 1 ETH。攻擊者呼叫 SquidMulticall.run()，以 Default 類型的呼叫將目標設為 ETH 代幣合約，讓 multicall 合約代為執行 transferFrom，把受害者的代幣轉給自己。,SquidMulticall 是任何人都能觸發、可執行任意外部呼叫的 multicall 合約，本不應持有使用者授權；受害者卻對它授予無上限額度（type(uint256).max），因此任何人都能透過 run() 以該合約身分呼叫 transferFrom，竊取已授權的代幣。,依 PoC 註解引述的推文，約有 80 萬美元的跨鏈授權資產曝險，其中約 51.2 萬美元後來由 Defimon 搶救，但本筆攻擊交易轉走的 1 ETH 未記載追回。,medium,"Record based on the DeFiHackLabs entry and PoC; the PoC is scoped to the single exploit transaction that moved 1 ETH. USD estimate: 1 ETH x ~US$2,000 (rough approximate early-April 2026 ETH price) = ~US$2,000. The PoC comments cite a report that ~$800K of approvals were at risk and ~$512K was rescued by Defimon; that rescue concerns at-risk funds, not the stolen 1 ETH, so recovered_usd is left null. [Draft: not yet independently reviewed.]",3,https://bscscan.com/tx/0x81d0c429ee7eae19d8c4d9d797dbd3828279060096e703b11cca739c9b1301e9 | https://github.com/SunWeb3Sec/DeFiHackLabs/blob/main/src/test/2026-04/SquidMulticallAllowanceDrain_exp.sol | https://x.com/DefimonAlerts/status/2041530294369386806
mona-lisavault-2026-04,2026-04-14,2026,MONA LisaVault,staking,質押服務,smart_contract_bug,合約 / 程式邏輯漏洞,business_logic,業務邏輯錯誤,Reward-farming / BurnAddress accounting exploit (self-referral node purchases plus LP removal),,,,unknown,不明,"Not stated in the DeFiHackLabs entry (PoC header: attacker profit ~60,950 USDT; ~9,522 MONA taken from node stakers; ~66,450 USDT from the MONA/USDT LP)",Unknown,bsc_only,只有 BNB Smart Chain,2026 年 4 月，BSC 上 MONA 的節點質押金庫 LisaVault 遭到攻擊。攻擊者用多個代理合約繞過「每個地址只能買一個節點」的限制，並同時控制兩層推薦人，拿回推薦獎勵、領取 MONA 分紅。同一筆交易中，MONA/USDT 流動性池的 USDT 也被轉到攻擊合約。,金庫的節點購買、推薦獎勵與分紅會計邏輯有缺陷：只按地址限制購買數量，也沒有防止自我推薦，攻擊者因此能用大量合約地址套取推薦獎勵與分紅。PoC 也顯示 LP 資金來自部署者控制的流動性，可能有內部人參與。,資料來源未記載資金追回或後續處理。,low,"Based on the DeFiHackLabs entry and PoC only. The DeFiHackLabs 'lost' field is empty, so loss_usd is null; the PoC header reports attacker profit of 60,950.308 USDT, but most of it came from LP owned or controlled by the vault deployer, which points to a possible insider component. The PoC reproduces only part of the flow and says the full on-chain profit needed control of the deployer's larger LP stake. [Draft: not yet independently reviewed.]",3,https://app.blocksec.com/phalcon/explorer/tx/bsc/0x3a60e1b3a4b0736be4f31839bfd7abc8bfc53b93ddbd3702e77fbc64561a7ea4 | https://github.com/SunWeb3Sec/DeFiHackLabs/blob/main/src/test/2026-04/MONA_LisaVault_exp.sol | https://x.com/exvulsec/status/2043928546662592949
judao-2026-04,2026-04-28,2026,JUDAO,other,其他,smart_contract_bug,合約 / 程式邏輯漏洞,business_logic,業務邏輯錯誤,JUDAO sell-hook reserve drain,205000.0,,205000.0,unknown,不明,"205,259.49 USDT + 36 BNB",Unknown,bsc_only,只有 BNB Smart Chain,2026 年 4 月，BSC 代幣 JUDAO 遭到攻擊，損失約 20.5 萬 USDT 與 36 BNB。攻擊者用 Moolah 閃電貸借來的 USDT 買入 JUDAO，再賣回 PancakeSwap 交易對，觸發代幣賣出時的轉帳鉤子，從交易對換出多餘的 USDT。,JUDAO 的賣出轉帳鉤子會直接銷毀交易對內的 JUDAO 儲備，並觸發挖礦同步，讓交易對儲備與實際餘額失衡；攻擊者因此能以被扭曲的價格換走 USDT。,資料來源未記載資金追回或後續處理。,medium,"Based on the DeFiHackLabs entry and PoC. loss_usd uses the parsed DeFiHackLabs value (205,000), which covers the USDT portion only; the 36 BNB is not included. [Draft: not yet independently reviewed.]",3,https://bscscan.com/tx/0x956e38b8ddb40ba080c8042c685ae52ee5c1b096f1d7f0c4a6c59be3eb4265bd | https://github.com/SunWeb3Sec/DeFiHackLabs/blob/main/src/test/2026-04/JUDAO_exp.sol | https://t.me/defimon_alerts/2955
sqtokenstaking-2026-05,2026-05-12,2026,SQTokenStaking,staking,質押服務,smart_contract_bug,合約 / 程式邏輯漏洞,access_control,權限控管缺失,Access Control (unprotected transferOwnership on staking contract),346100.0,,346100.0,unknown,不明,~$346.1K (SQi tokens swapped to USDT),Unknown,bsc_only,只有 BNB Smart Chain,2026 年 5 月，BSC 上 SQ Token 的質押合約遭到攻擊，損失約 34.6 萬美元。攻擊者取得合約擁有者權限後，呼叫管理者專用函式，把合約內的 SQi 代幣全部提走，再換成 USDT。,質押合約的 transferOwnership 沒有權限檢查，任何人都能把自己設成擁有者，進而使用只限擁有者的設定、質押與提領代幣等函式。,資料來源未記載資金追回或後續處理。,medium,"Based on the DeFiHackLabs entry and PoC. loss_usd uses the parsed DeFiHackLabs value; the PoC asserts roughly 346,137 USDT of attacker profit. The attack was executed through an EIP-7702 delegated EOA. [Draft: not yet independently reviewed.]",3,https://bscscan.com/tx/0x1bae633eda9b3d98999ea116bc403712eaa07093ec32bd6d559085cc4607f5b8 | https://github.com/SunWeb3Sec/DeFiHackLabs/blob/main/src/test/2026-05/SQTokenStaking_exp.sol | https://x.com/Defi_Nerd_sec/status/2054425936746148148
skp-token-2026-05,2026-05-26,2026,SKP Token,other,其他,oracle_price_manipulation,預言機 / 價格操縱,,,Owner backdoor LP burn + price manipulation (inflated SKP used as lending collateral),212000.0,,212000.0,unknown,不明,~$212K USD (BTCB + USDT borrowed from lending protocols),Unknown (PoC header describes the attacker as the SKP owner),bsc_only,只有 BNB Smart Chain,2026 年 5 月，BSC 代幣 SKP 的現貨價格被人為拉高，造成約 21.2 萬美元損失。SKP 擁有者呼叫後門函式，銷毀 SKP/USDT 交易對內大部分的 SKP，再同步儲備讓價格暴漲。之後攻擊方把高估的 SKP 當作抵押品，到借貸協議借出 BTCB 與 USDT。,SKP 合約有只限擁有者的 ownerBurnLiquidityPairTokens 後門，可以直接銷毀交易對內的代幣；借貸市場又採用可被操縱的 SKP 價格，高估了抵押品價值。,資料來源未記載資金追回或後續處理。,low,"Based on the DeFiHackLabs entry and PoC. The PoC reproduces only the owner burn and sync that inflate the price; the borrowing step against Venus/Lista DAO is described in comments but not reproduced. Categorised as price manipulation against third-party lending markets, with an insider/owner-backdoor component. loss_usd uses the parsed DeFiHackLabs value. [Draft: not yet independently reviewed.]",2,https://github.com/SunWeb3Sec/DeFiHackLabs/blob/main/src/test/2026-05/SKP_exp.sol | https://www.cryptotimes.io/2026/05/27/skp-liquidity-exploit-drains-212k-across-bnb-chain-defi-protocols/
joe-agent-2026-05,2026-05-27,2026,Joe Agent,other,其他,smart_contract_bug,合約 / 程式邏輯漏洞,reentrancy,重入攻擊,Reentrancy in removeLiquidityViaContract,45000.0,,45000.0,unknown,不明,"~$45K USD (62.5 BNB + ~1,195,918 JOE)",Unknown,bsc_only,只有 BNB Smart Chain,2026 年 5 月，BSC 上的 Joe Agent（JOE）代幣合約遭重入攻擊，損失約 4.5 萬美元，包括 62.5 BNB 與約 119.6 萬 JOE。攻擊者只存入一筆 LP 部位，卻透過重入提領了約 25 次，把其他存戶託管在合約內的流動性一起領走。,removeLiquidityViaContract 先用低階呼叫把 BNB 轉給使用者，之後才扣減 lpInfo 記錄的 LP 數量，違反「檢查—生效—互動」原則，因此可以在收款時重入，用同一筆額度反覆提領。,資料來源未記載資金追回或後續處理。,medium,Based on the DeFiHackLabs entry and PoC. loss_usd uses the parsed DeFiHackLabs value. [Draft: not yet independently reviewed.],2,https://github.com/SunWeb3Sec/DeFiHackLabs/blob/main/src/test/2026-05/JoeAgent_exp.sol | https://x.com/SlowMist_Team/status/2059887450663551352
legendarymoneymonnft-2026-05,2026-05-28,2026,LegendaryMoneyMonNft,nft_gaming,NFT / 遊戲,smart_contract_bug,合約 / 程式邏輯漏洞,signature_message_verification,簽章 / 跨鏈訊息驗證缺陷,ecrecover address(0) signature bypass,85500.0,,85500.0,unknown,不明,"~$85.5K USD (85,519.47 USDT, from MON tokens swapped to USDT)",Unknown,bsc_only,只有 BNB Smart Chain,2026 年 5 月，BSC 上的 NFT 合約 LegendaryMoneyMonNft 遭到攻擊，損失約 8.55 萬美元。攻擊者用無效簽章通過領獎驗證，提走合約持有的全部 MON 代幣，再到 PancakeSwap 換成 USDT。,領獎函式 cliamRewred 用 ecrecover 驗證簽章，卻沒有排除回傳零地址的情況；再加上 admin 已被設為零地址，格式錯誤的簽章也會被當成管理者簽章而通過驗證。,資料來源未記載資金追回或後續處理。,medium,Based on the DeFiHackLabs entry and PoC. loss_usd uses the parsed DeFiHackLabs value. The real attack ran through an EIP-7702 delegated EOA. [Draft: not yet independently reviewed.],2,https://github.com/SunWeb3Sec/DeFiHackLabs/blob/main/src/test/2026-05/LegendaryMoneyMonNft_exp.sol | https://x.com/SlowMist_Team/status/2060205558687486441
ysdao-2026-05,2026-05-29,2026,YSDAO,other,其他,smart_contract_bug,合約 / 程式邏輯漏洞,business_logic,業務邏輯錯誤,Price manipulation and tax bypass (permissionless staking sync + liquidity-detection bypass),19490.0,,19490.0,unknown,不明,~19.49K USDT,Unknown,bsc_only,只有 BNB Smart Chain,2026 年 5 月，BSC 代幣 YSDAO 遭到攻擊，損失約 1.949 萬 USDT。攻擊者用閃電貸資金買入 YSDAO，接著呼叫任何人都能執行的質押合約 sync 函式，把質押合約的 USDT 注入交易對、推高價格，再避開賣出稅後獲利出場。,YSDAO 用交易對餘額和儲備的差異來判斷是否在增減流動性，這個判斷可以被操控而略過買賣稅；質押合約的 sync 又沒有權限控管，任何人都能把 USDT 注入交易對、抬高價格。,資料來源未記載資金追回或後續處理。,medium,"Based on the DeFiHackLabs entry and PoC. loss_usd uses the parsed DeFiHackLabs value; the PoC asserts roughly 19,490.9 USDT profit. [Draft: not yet independently reviewed.]",2,https://bscscan.com/tx/0x91f26d96373bbec6a6a8517c7be995a739d65f20fed589d53bc47d8140f91907 | https://github.com/SunWeb3Sec/DeFiHackLabs/blob/main/src/test/2026-05/YSDAO_exp.sol
aros-2026-05,2026-05-30,2026,AROS,other,其他,smart_contract_bug,合約 / 程式邏輯漏洞,signature_message_verification,簽章 / 跨鏈訊息驗證缺陷,Signature replay (claimPrincipal / claimYield),295000.0,,295000.0,unknown,不明,~$295K (USDT drained from the AROS/USDT LP),Unknown,bsc_only,只有 BNB Smart Chain,2026 年 5 月，BSC 代幣 AROS 遭到攻擊，AROS/USDT 流動性池被提走約 29.5 萬美元的 USDT。攻擊者從多個來源借入大量資金，呼叫 AROS 的本金與收益領取函式時重用已簽署的簽章，取得大量 AROS 後賣回交易對。,根據 DeFiHackLabs 的分類，AROS 的 claimPrincipal 和 claimYield 簽章驗證沒有防止重放，同一份簽章可以被重複或由他人使用來領取代幣。,資料來源未記載資金追回或後續處理。,medium,"Based on the DeFiHackLabs entry and PoC. The PoC shows pre-signed signatures being submitted to claimPrincipal/claimYield but does not explain the replay flaw in comments, so the root cause follows the DeFiHackLabs 'Signature Replay' label. loss_usd uses the parsed DeFiHackLabs value; the PoC asserts roughly 295,314 USDT profit. [Draft: not yet independently reviewed.]",3,https://bscscan.com/tx/0xe89fe640ec5241edfca7d8dcae77a0a4270dee15e4bbd043fc60e393aabf41e1 | https://github.com/SunWeb3Sec/DeFiHackLabs/blob/main/src/test/2026-05/AROS_exp.sol | https://x.com/TenArmorAlert/status/2061289921990570349
bytoken-2026-06,2026-06-04,2026,BYToken,other,其他,smart_contract_bug,合約 / 程式邏輯漏洞,access_control,權限控管缺失,Permissionless triggerAutoBurn reserve manipulation,87402.0,,87402.0,unknown,不明,"~$87,402 (146.60 WBNB drained from the BY/WBNB PancakeSwap pair)",Unknown,bsc_only,只有 BNB Smart Chain,2026 年 6 月，BSC 代幣 BY 遭到攻擊，BY/WBNB 交易對被提走 146.60 WBNB（約 8.74 萬美元）。攻擊者先操縱交易對狀態，讓代幣達到交易門檻，再呼叫自動銷毀函式大幅減少交易對內的 BY 儲備，最後用少量 BY 換出 WBNB。,triggerAutoBurn 沒有權限限制，任何人都能在自選時機銷毀交易對內的 BY 儲備，讓 BY 價格暴漲；攻擊者因此能用少量 BY 換走池中的 WBNB。,資料來源未記載資金追回或後續處理。,medium,Based on the DeFiHackLabs entry and PoC. loss_usd uses the parsed DeFiHackLabs value. [Draft: not yet independently reviewed.],2,https://github.com/SunWeb3Sec/DeFiHackLabs/blob/main/src/test/2026-06/BYToken_exp.sol | https://hacked.slowmist.io
